Harga_Asli,kecamatan,bedroom,bathrooms,jumlah_guest_toilet,list_facilities,list_buildings,lantai,area_digunakan,luas_tanah,latitude,longitude,dist_SD,dist_SMP,dist_SMA_SMK,dist_Universitas,dist_Fasilitas_Kesehatan,dist_Mall,dist_Supermarket,dist_Minimarket,dist_Stasiun,dist_Terminal,dist_Bandara,dist_Halte,dist_Entry_Exit_Tol
385000000,Wonoayu,2,1,1,"Internet, Air, Tanpa perabotan, Halaman, Listrik","Keamanan, Taman, Keamanan 24 jam, Area anak-anak, Rumah jaga",1,34,10,-7.43716,112.62222,5.2861162107398885,5.405134203407122,5.784942800924271,10.829116881170561,5.527251475213476,9.865963395230251,8.244601827864658,6.644070176062439,5.362372097000253,6.297998062220402,21.38688270048618,5.362372097000253,29.86655689260971
540000000,Sedati,2,1,1,"Garasi, AC, Kabel video, Air, Tanpa perabotan, Internet, Dapur lengkap, Halaman, Listrik, Wifi","Keamanan, Gym, Taman, Rumah jaga, Keamanan 24 jam, Cctv, Area anak-anak, Panggang, Lapangan tenis",1,32,32,-7.395451,112.769745,2.126120461642088,5.4508038766191955,1.1683347394728014,2.3522658296397325,2.2097024171225352,6.722774140723674,5.29921172280644,2.8080936401514554,4.825076562937873,2.463127662410594,2.463127662410594,4.825076562937873,8.572197323203074
1960000000,Candi,4,3,3,"Garasi, AC, Dapur lengkap, Tangki air, Listrik, Teras, Internet, Balkon, Pemandangan panorama, Air, Berperabot lengkap","Area anak-anak, Rumah jaga, Taman, Keamanan 24 jam",3,72,32,-7.4584834,112.70056,2.267426345978553,2.457838121943939,0.674587745718798,1.7550789307471801,1.545929897629453,3.2078148488729408,1.4268298772988284,1.4848118795898928,1.9456196254903078,2.891953301507584,14.379987925622565,2.3004030549845083,2.036762843682307
950000000,Candi,3,2,2,"Garasi, Halaman, Internet, Tanpa perabotan","Area anak-anak, Taman atap, Taman, Rumah jaga",2,72,32,-7.48448617,112.7253837,1.0658872786853777,3.3089324006781,3.562255770716342,4.077568028653742,2.645925209771734,5.483670683569076,3.2898489940823703,0.47076626382698916,4.540350166199524,3.61059213112647,15.64933010065478,4.4538375449972865,14.222444275055622
691000000,Sukodono,2,2,2,"Garasi, Halaman, Tanpa perabotan, Internet, Listrik","Keamanan, Rumah jaga, Taman, Keamanan 24 jam",2,72,32,-7.3914287,112.6988252,0.5443829137967507,2.3367794256031975,5.736192913815068,6.735769304801149,2.7323869304975092,6.1017918275926,2.181219469958154,1.8503573589994893,5.118060089212458,6.280646136397002,9.747784742302331,5.118060089212458,20.4078121630898
650000000,Candi,2,1,1,"Listrik, Fully fenced, Tanpa perabotan",Tidak Ada,1,30,35,-7.4849269,112.7435171,1.6883643408390843,4.075242959344074,4.3285663293823164,5.038956914969585,3.412235768437708,6.820230909471391,4.056159552748345,1.749936621608063,5.923350854255196,4.947152357028786,16.41564065932075,6.242543735831133,15.559004500957945
390000000,Sedati,2,1,1,"Garasi, Halaman, Listrik, Fully fenced, Pemandangan panorama, Air, Tanpa perabotan","Keamanan, Area anak-anak, Rumah jaga, Gym, Taman, Keamanan 24 jam",1,35,35,-7.40081,112.80328,2.1669565571025546,9.974993781460146,4.872965848380151,1.6082904308896506,5.914333526029885,10.427405249631024,8.90203040606964,5.227299591294905,8.529707671845228,5.0740627474947795,6.196879607492897,8.529707671845228,10.036647772307035
475000000,Candi,2,1,0,Tanpa perabotan,Tidak Ada,1,35,35,-7.4582129,112.6904798,2.473496643242906,1.7320267298932392,1.9879727749225944,3.191413274175002,0.5842920010430309,2.5546169308086695,0.9360087575243845,0.6517594822952102,3.400314037982164,3.5738474701020833,15.81632226905039,3.743980631544775,16.15821715575368
455000000,Sukodono,2,1,1,Tanpa perabotan,Tidak Ada,1,35,35,-7.3884639,112.7037735,1.4416704100800803,2.249066209163351,5.175129243945521,6.30072262315005,1.6887420487861442,5.012669632884134,2.0935062535183078,0.9506832719210803,4.472874403186721,5.364530958238249,8.691775628242556,4.472874403186721,20.33861145504188
355000000,Tulangan,2,1,1,Tanpa perabotan,Tidak Ada,1,35,35,-7.4494294,112.6391366,6.048994659800866,5.746299324148141,4.790410732167311,10.48336591282846,7.6462975089550875,9.530030326991511,7.2186997165573645,4.363075356467169,3.1324470515376164,8.903798525824161,21.213317386436557,3.1324470515376164,20.13529179565663
545000000,Buduran,2,1,1,"Garasi, Halaman, Air, Tanpa perabotan, Fully fenced, AC, Tangki air, Listrik, Teras, Wifi","Keamanan, Area anak-anak, Panggang, Lapangan tenis, Kolam renang, Taman, Rumah jaga, Keamanan 24 jam",1,40,35,-7.425129,112.7230909,1.9103003698000902,1.3979537096236054,1.1061051005356428,1.0526762945523878,2.292918065434631,2.740648466165926,2.107458689324181,1.941617938784703,5.114345547745976,5.4945153920255425,8.711963206887251,4.531137011819095,22.156650809373637
480000000,Candi,2,1,1,"Air, Fully fenced, Tanpa perabotan","Area anak-anak, Keamanan 24 jam, Taman",1,55,35,-7.48435287,112.7481855,2.218070588123492,4.604949206628482,4.768808771584991,5.5686631622539915,3.9419420157221157,7.349937156755798,4.387985636504669,2.2796428688924713,6.699407962906364,5.476858604313193,16.747466743077077,6.772249983115541,16.08871074824235
375000000,Krian,2,1,1,"Dapur terpadu, Air, Fully fenced, Halaman, Teras","Taman, Keamanan 24 jam, Rumah jaga",1,72,36,-7.4035807,112.5985785,5.541533957827291,3.202466190198811,3.0738742253802402,13.270503070019576,3.226958794151089,13.44270902445857,13.023999907096908,2.0282705849483977,2.405675970005409,2.453629933706109,21.56767789340679,2.360254247554201,27.30161890479314
260000000,Sukodono,2,1,0,"Garasi, Kabel video, Air, Tanpa perabotan, Wifi, Internet, Halaman, Listrik, Teras",Gym,1,90,36,-7.3981,112.6737,0.5130688465909187,2.5485495632211452,3.5805633415061044,6.4270507620489505,0.7587519376321743,7.974256316607982,4.854435117849217,1.0259379194400882,7.42717405459242,8.795582540282396,12.421000390193388,7.42717405459242,20.433173535018025
850000000,Taman,3,2,0,"Garasi, Tangki air, Wifi, AC, Air",Keamanan 24 jam,2,90,36,-7.34441775,112.7070323,,,,,,,,,,,,,
425000000,Sedati,2,1,0,"Halaman, Listrik, Air, Tanpa perabotan",Tidak Ada,1,90,36,-7.40573552,112.7613933,2.5065411140907705,5.029552198919072,1.2356790443970957,4.461970855121569,2.912570849346763,7.408849670742178,4.701728814821947,2.9293841300495416,5.511152092956382,4.563461083065851,3.7937857227930625,5.511152092956382,12.058738844974425
305000000,Gedangan,2,1,0,Tanpa perabotan,Tidak Ada,1,90,36,-7.3896762,112.7279598,0.15876730662380215,1.7772577553113862,1.211822739958879,4.456698371394396,0.27487645045464526,2.688814549740123,0.9275869930203207,0.20877442287634204,0.08462472979404548,5.011209210286206,4.714349382883914,0.08462472979404548,
450000000,Gedangan,2,1,1,"Balkon, Lemari pakaian bawaan, Tanpa perabotan, Alarm, Perapian","Cctv, Area anak-anak, Taman, Rumah jaga, Gym, Pustaka, Pramutamu, Akses bagi penyandang disabilitas",1,40,40,-7.3896762,112.7279598,0.15876730662380215,1.7772577553113862,1.211822739958879,4.456698371394396,0.27487645045464526,2.688814549740123,0.9275869930203207,0.20877442287634204,0.08462472979404548,5.011209210286206,4.714349382883914,0.08462472979404548,
760000000,Gedangan,2,2,2,"Garasi, Dapur terpadu, Halaman, Listrik, AC, Pemandangan panorama, Air, Tanpa perabotan","Keamanan, Area anak-anak, Rumah jaga, Cctv, Taman, Keamanan 24 jam",1,40,40,-7.396155,112.7047843,1.9097844016213974,1.1001963510475505,3.5444255731492826,5.5492745332571545,2.0764883187276926,5.42182590431889,0.9446363954025069,0.5843305974589584,2.856397346350187,6.898036834185541,7.486121999440056,2.856397346350187,20.21671946709453
399000000,Buduran,2,1,1,"Internet, Halaman, Listrik, Teras, Wifi, AC, Air, Tanpa perabotan, Fully fenced","Keamanan, Taman, Rumah jaga, Keamanan 24 jam, Area anak-anak, Panggang, Lapangan tenis",1,40,40,-7.4193666,112.7658623,3.9091362984048392,7.419714836003202,4.031839176534672,7.258130987259149,5.70873098148434,9.081723396288819,6.677534066317509,3.554817723887316,7.59910816737102,7.3596212152034255,7.3596212152034255,7.59910816737102,11.53567315133959
700000000,Sukodono,3,1,1,Tanpa perabotan,Tidak Ada,1,90,45,-7.394061,112.6738809,0.841154992744694,2.8766357093749213,3.90864948765988,5.892745571598778,0.28135023959614064,8.302342462761755,3.9226349198224835,1.3540240655938636,6.782730801011997,8.261277349832222,11.88669519974322,6.612823097413383,19.898868344567852
758000000,Gedangan,2,2,2,"Garasi, AC, Pemandangan panorama, Air, Tanpa perabotan, Internet, Dapur terpadu, Halaman, Listrik","Keamanan, Gym, Taman, Keamanan 24 jam, Cctv, Area anak-anak, Rumah jaga",1,22,48,-7.3896762,112.7279598,0.15876730662380215,1.7772577553113862,1.211822739958879,4.456698371394396,0.27487645045464526,2.688814549740123,0.9275869930203207,0.20877442287634204,0.08462472979404548,5.011209210286206,4.714349382883914,0.08462472979404548,
800000000,Sukodono,4,2,0,"Air, Tanpa perabotan, Listrik, Teras",Tidak Ada,2,48,48,-7.3752179,112.6913732,2.792200471391141,4.1179228768239895,3.695576857197299,3.997278708158452,2.311731210518365,5.521621964537341,0.3887267904932876,1.5087467768540705,4.336647998655048,5.115982852885003,9.385448864386069,4.166740295056433,22.993021532731348
685000000,Waru,2,1,1,"Tanpa perabotan, Fully fenced","Keamanan, Area anak-anak, Rumah jaga, Kolam renang, Taman",1,36,50,-7.3564458,112.8066612,4.054281082866405,7.319414951631727,7.53587225547239,2.024079323803127,4.45418414601885,12.084799228122609,6.208011751105512,4.417006312247612,10.605861924610705,6.890853885543884,0.3057223093644537,10.58700277402906,4.450679549112829
1880000000,Sedati,4,3,3,Tanpa perabotan,"Keamanan, Kolam renang, Taman, Gym, Area anak-anak",2,36,50,-7.36768,112.7751655,2.7850835372681075,3.1125173421448276,3.05368438550689,4.807184986718527,2.7416691596487306,6.2752229593111695,2.142655464380338,2.159703615118863,6.947392344942737,4.4326505957772575,4.4326505957772575,6.947392344942737,3.1448964430054818
1970000000,Tanggulangin,3,2,2,"Garasi, Pemanasan, Tangki air, Listrik, AC, Halaman, Gas alam, Tanpa perabotan",Taman,1,36,50,-7.49958,112.69992,1.9426344718269661,2.126644491514655,5.456488540574383,2.5437937175209524,5.343235498259415,7.338986095404178,6.191868166225016,0.3717917027889665,2.095439948876127,5.465907542961573,19.215538577950873,2.00892732767389,15.223864309889654
453500000,Sukodono,2,1,1,"Garasi, Balkon, Ruang layanan, Alarm, Air, Tanpa perabotan, Wifi, AC, Kabel video, Tangki air, Lemari pakaian bawaan, Rubanah, Deck","Cctv, Area anak-anak, Rumah jaga, Gym, Angkat, Akses bagi penyandang disabilitas",1,40,50,-7.394061,112.6738809,0.841154992744694,2.8766357093749213,3.90864948765988,5.892745571598778,0.28135023959614064,8.302342462761755,3.9226349198224835,1.3540240655938636,6.782730801011997,8.261277349832222,11.88669519974322,6.612823097413383,19.898868344567852
700000000,Candi,2,1,1,"Garasi, AC, Halaman, Air, Wifi, Internet, Dapur lengkap, Tangki air, Listrik","Cctv, Keamanan 24 jam, Taman",1,50,50,-7.46736755,112.702364,1.7425592989850236,2.27640515664852,1.2997852956469353,2.3429848666780484,1.9202836284896596,2.9882088247422347,2.2244938499808904,1.4083635128359724,2.337679630892802,1.5719485552880643,14.864761307288925,2.9256006049126455,2.6619603936104443
1010000000,Candi,3,3,3,"Garasi, Balkon, Halaman, Air, Tanpa perabotan, Internet, Pemandangan panorama, Tangki air, Listrik, Wifi","Keamanan, Area anak-anak, Rumah jaga, Spa, Kolam renang, Taman, Keamanan 24 jam",2,55,50,-7.46736755,112.702364,1.7425592989850236,2.27640515664852,1.2997852956469353,2.3429848666780484,1.9202836284896596,2.9882088247422347,2.2244938499808904,1.4083635128359724,2.337679630892802,1.5719485552880643,14.864761307288925,2.9256006049126455,2.6619603936104443
350000000,Candi,2,1,0,Tanpa perabotan,Tidak Ada,1,55,50,-7.4980086,112.7133981,2.3183813870845467,4.899167046595405,4.37262173198629,2.2585600783587565,4.2593686896713265,6.255119286816089,6.090927141444461,3.8567731057784695,2.7213422159045373,4.382040734373484,18.13167176936278,2.6348295947023,14.868988025822851
765000000,Gedangan,2,1,1,"Listrik, Tanpa perabotan","Taman, Keamanan 24 jam",1,52,52,-7.3850773,112.7531193,3.756297836872,4.734462300631968,4.637760404257,7.095896479643405,3.531183998203501,4.783809201146815,4.751458154994046,2.3268911916550423,4.108734986950645,3.861258570533674,1.6428021535703006,4.2329899659117345,7.129469985952788
500000000,Sukodono,2,1,1,"Garasi, Air, Internet, Tanpa perabotan",Tidak Ada,1,52,52,-7.394061,112.6738809,0.841154992744694,2.8766357093749213,3.90864948765988,5.892745571598778,0.28135023959614064,8.302342462761755,3.9226349198224835,1.3540240655938636,6.782730801011997,8.261277349832222,11.88669519974322,6.612823097413383,19.898868344567852
599000000,Taman,4,2,0,"Listrik, Fully fenced",Taman,1,75,52,-7.3654212,112.7087058,0.7897919365874334,1.498958732571566,3.2750366339327885,4.218561115077437,1.0105222209791718,2.9840448281614087,2.5050872743368293,1.0859661044057771,3.9157146607225575,2.490565507703284,6.847871728010133,3.6137212497664035,23.082763364486198
674930000,Wonoayu,3,1,1,"Tanpa perabotan, Fully fenced","Area anak-anak, Keamanan 24 jam, Taman",1,54,54,-7.4390818,112.6571111,3.3243876525567937,3.116975083636697,2.686598084108563,6.7151978517315545,3.864271633016787,5.752044365791248,5.3036354834252615,3.9587155863730388,3.254392542803467,8.332826731086165,17.59348344801098,3.4069669645920175,26.92227124554421
2250000000,Buduran,5,4,0,Tanpa perabotan,Tidak Ada,2,54,54,-7.443083,112.7029373,1.1857070256225555,0.4021579183646985,0.7834004263724801,1.3311450920068886,0.9505367334347296,2.1471526452772247,0.9742082511083943,2.449890868290636,3.501375292173968,4.501648892518625,12.53815986197916,2.458508323027281,0.9374358928731202
1800000000,Sidoarjo,3,2,0,"Garasi, Gas alam, Listrik, Deck, Internet, Ruang kantor, Tanpa perabotan, Fully fenced","Keamanan, Rumah jaga, Area anak-anak, Keamanan 24 jam",1,90,54,-7.4217,112.5322,13.817733754985147,5.633311883721431,6.851203125442745,20.825657647822325,7.105650917280584,21.494939892249818,19.873578324884207,1.7874400151432508,3.8789929303946247,6.643186608307286,29.542404693429454,3.8741381917402107,34.85677348259587
750000000,Candi,2,1,0,Tanpa perabotan,Tidak Ada,1,150,54,-7.4727733,112.7236749,0.44125032564139155,0.5159008823593376,1.0495645276225576,1.806107758377671,0.27555237656859,3.518087084711191,2.552954170032884,0.25355243608584843,2.9153317309706597,1.8631681782997631,14.911493563085916,2.988173751179836,5.296416231005735
805000000,Waru,3,1,0,"Air, Wifi, Listrik","Cctv, Taman, Kolam renang, Rumah jaga",1,55,55,-7.355774,112.8064202,6.877035077875787,7.445024654649879,7.661481958490541,2.1496890268212794,4.579793849037002,12.210408931140758,6.333621454123665,4.542616015265765,10.731471627628856,7.016463588562037,0.43133201238260693,10.71261247704721,4.576289252130981
587000000,Candi,2,1,1,"Internet, Halaman, Air, Wifi, Pemandangan panorama, Tangki air, Listrik","Keamanan, Taman, Keamanan 24 jam, Area anak-anak, Rumah jaga, Spa",1,55,55,-7.46736755,112.702364,1.7425592989850236,2.27640515664852,1.2997852956469353,2.3429848666780484,1.9202836284896596,2.9882088247422347,2.2244938499808904,1.4083635128359724,2.337679630892802,1.5719485552880643,14.864761307288925,2.9256006049126455,2.6619603936104443
385000000,Buduran,2,1,0,Tanpa perabotan,Tidak Ada,1,110,56,-7.425129,112.7230909,1.9103003698000902,1.3979537096236054,1.1061051005356428,1.0526762945523878,2.292918065434631,2.740648466165926,2.107458689324181,1.941617938784703,5.114345547745976,5.4945153920255425,8.711963206887251,4.531137011819095,22.156650809373637
1700000000,Buduran,2,2,2,Tanpa perabotan,Tidak Ada,1,36,57,-7.436595,112.694927,2.3052826352181146,1.0910807981993018,3.925477366037864,3.5038469898966853,4.093047567275763,2.540693503956377,3.146910148998192,25.70403532324605,5.674077190063765,6.67435079040842,15.58889553321888,4.631210220917077,27.31766660554964
419000000,Sedati,2,1,1,"Garasi, AC, Ruang layanan, Tanpa perabotan, Fully fenced, Internet, Halaman, Air, Teras, Wifi","Keamanan, Kolam renang, Taman, Rumah jaga, Keamanan 24 jam, Cctv, Area anak-anak, Panggang, Lapangan tenis",1,40,58,-7.3717382,112.7637336,1.055519877025291,2.530923798102005,2.379729331388422,5.851397800947302,0.9257784557090415,4.842332909048748,1.4579604227115026,0.3438129111791732,5.271921530692562,2.61675989183757,1.7440892700706567,5.39617650965365,7.514619112655263
450000000,Candi,2,2,0,"Garasi, Air, Halaman, Tanpa perabotan","Area anak-anak, Keamanan 24 jam, Taman",2,59,59,-7.4869445,112.6970147,0.4819447844595644,3.6681857818123698,5.600396609574073,2.7504401316090568,5.013499873606911,6.562246301363722,4.932938899156452,1.9133329930866814,4.2922489429049255,4.6891677489211165,18.43879878391041,4.205736321702688,14.262336997688395
585000000,Sukodono,2,1,1,"Garasi, AC, Pemandangan panorama, Air, Sebagian perabotan, Internet, Dapur terpadu, Halaman, Listrik","Keamanan, Gym, Taman, Keamanan 24 jam, Cctv, Area anak-anak, Rumah jaga",1,34,60,-7.3982913,112.6883969,1.7245469662727158,3.201844851239365,3.5809314607836447,7.516977246314704,2.0167798642099135,7.956403992511474,3.046284895594322,2.7154227846356576,5.983125514848626,7.707627702134458,10.612850167938499,5.983125514848626,20.204333121194963
425000000,Krian,2,1,1,"Garasi, AC, Pemandangan panorama, Air, Tanpa perabotan, Internet, Dapur terpadu, Halaman, Listrik","Keamanan, Gym, Taman, Keamanan 24 jam, Cctv, Area anak-anak, Rumah jaga",1,34,60,-7.40132192,112.5880845,5.780352250608976,2.196347350042102,1.9663921621565401,13.50932136280126,2.2208399539943793,14.965113681176234,13.886402331611775,1.0221517447916886,1.3995571298487004,1.4475110935493996,22.226068408408388,1.354135407397492,27.54043719757482
650000000,Sidoarjo,2,1,1,"Garasi, Halaman, Listrik, Dapur terpadu, Air, Sebagian perabotan","Keamanan, Gym, Taman, Keamanan 24 jam, Cctv, Area anak-anak, Rumah jaga",1,34,60,-7.412324,112.5378369,14.107773876552127,4.521358591772457,5.73924983349377,19.679890962921075,5.993697625331609,20.980962778580064,19.675099372211758,0.17646865657484465,4.247567860248099,5.531233316358311,28.396638008528203,4.535996651429462,33.71100679769462
608000000,Gedangan,2,1,1,"Garasi, Halaman, Air, Deck, Pemandangan panorama, Ruang layanan, Listrik","Keamanan, Kolam renang, Taman, Cctv, Area anak-anak, Keamanan 24 jam",1,34,60,-7.3896762,112.7279598,0.15876730662380215,1.7772577553113862,1.211822739958879,4.456698371394396,0.27487645045464526,2.688814549740123,0.9275869930203207,0.20877442287634204,0.08462472979404548,5.011209210286206,4.714349382883914,0.08462472979404548,
575000000,Sidoarjo,2,1,1,"Garasi, Halaman, Listrik, Dapur terpadu, Air, Tanpa perabotan","Keamanan, Rumah jaga, Taman, Keamanan 24 jam",1,34,60,-7.422559,112.681056,0.9510664906430322,1.2643744155816599,0.0,5.356846461042185,1.6175284396440284,4.393692975101878,2.9014243548549326,8.065275703328473,7.527076661209263,8.254657403075749,12.741727995400261,6.484209692062577,23.622411518091386
602000000,Sedati,2,1,0,"Garasi, Listrik, Air, Teras",Taman,1,34,60,-7.3717381,112.7637334,1.055519877025291,2.530923798102005,2.379729331388422,5.851397800947302,0.9257784557090415,4.842332909048748,1.4579604227115026,0.3438129111791732,5.271921530692562,2.61675989183757,1.7440892700706567,5.39617650965365,7.514619112655263
299000000,Buduran,1,1,0,"Air, Tanpa perabotan, Listrik",Keamanan,1,36,60,-7.4507164,112.7926759,20.79916937650274,15.435365555768259,15.046168606910317,18.27246041763478,17.12112405984521,17.202828623348175,16.330251571241256,15.432401825459802,18.498992497999552,18.37395064557908,18.37395064557908,18.018474008459417,18.795448423679453
900000000,Waru,5,2,0,"Air, Tanpa perabotan, Listrik","Keamanan, Keamanan 24 jam, Taman",2,36,60,-7.3642821,112.7700822,1.9177287566324028,2.2648622489365984,2.1863296048711844,5.025316260396482,1.875667953590277,5.6919646481886135,1.2116255882575842,1.9075999680377378,5.976725021809924,4.180546948696134,4.180546948696134,5.976725021809924,5.758516217242948
1510000000,Sidoarjo,0,0,0,Tanpa perabotan,Tidak Ada,1,36,60,-7.4497718,112.7015495,1.418867546113402,1.3473282165336105,1.6196508465489468,1.1611435311078238,1.125437344093236,1.7112317906415684,0.8042066902093296,2.8773550012846476,2.9627882173951483,3.9766351559257362,13.48333016014807,2.288506762128217,0.5015150382374634
726630000,Candi,2,1,1,"Garasi, Air, Halaman, Fully fenced","Cctv, Area anak-anak, Rumah jaga, Kolam renang, Taman, Keamanan 24 jam",1,40,60,-7.461281,112.6891869,2.8236317813052634,2.082161867955597,2.377737596682578,3.4582287817109596,0.2466704039977425,2.9047520688710273,0.5882293938360276,0.2861250236260532,3.648769476454087,3.2082130114329264,16.083137776586348,4.003552905948289,15.792582697084523
485000000,Krian,2,1,1,"Garasi, Halaman, Listrik, Teras, AC, Air, Tanpa perabotan","Keamanan, Kolam renang, Taman, Cctv, Area anak-anak, Keamanan 24 jam",1,40,60,-7.40299,112.5873906,5.68090260756706,1.9083638113319348,1.678408623446373,13.409871719759343,1.9328564152842116,14.677130142466066,13.78695268856986,0.7341682060815213,1.1115735911385332,1.1595275548392323,22.126618765366466,1.0661518686873248,27.440987554532907
382150000,Sidoarjo,2,1,1,"Garasi, Dapur lengkap, Halaman, Air, Tanpa perabotan, Fully fenced, Internet, Kabel video, Ruang kantor, Listrik, Teras, Wifi","Keamanan, Kolam renang, Taman, Keamanan 24 jam, Cctv, Area anak-anak, Rumah jaga",1,45,60,-7.412324,112.5378369,14.107773876552127,4.521358591772457,5.73924983349377,19.679890962921075,5.993697625331609,20.980962778580064,19.675099372211758,0.17646865657484465,4.247567860248099,5.531233316358311,28.396638008528203,4.535996651429462,33.71100679769462
382400000,Sukodono,2,1,1,"Garasi, Dapur lengkap, Ruang kantor, Listrik, Teras, Wifi, Internet, Halaman, Air, Tanpa perabotan, Fully fenced","Keamanan, Kolam renang, Taman, Keamanan 24 jam, Cctv, Area anak-anak, Rumah jaga",1,45,60,-7.394061,112.6738809,0.841154992744694,2.8766357093749213,3.90864948765988,5.892745571598778,0.28135023959614064,8.302342462761755,3.9226349198224835,1.3540240655938636,6.782730801011997,8.261277349832222,11.88669519974322,6.612823097413383,19.898868344567852
561000000,Candi,1,1,1,"Garasi, Dapur terpadu, Ruang kantor, Listrik, Teras, Wifi, Internet, Halaman, Air, Tanpa perabotan, Fully fenced","Keamanan, Kolam renang, Taman, Keamanan 24 jam, Cctv, Area anak-anak, Rumah jaga",1,45,60,-7.46736755,112.702364,1.7425592989850236,2.27640515664852,1.2997852956469353,2.3429848666780484,1.9202836284896596,2.9882088247422347,2.2244938499808904,1.4083635128359724,2.337679630892802,1.5719485552880643,14.864761307288925,2.9256006049126455,2.6619603936104443
393150000,Krian,2,1,1,"Garasi, Halaman, Tanpa perabotan, Dapur terpadu, Air, Teras","Keamanan, Area anak-anak, Rumah jaga, Cctv, Taman, Keamanan 24 jam",1,50,60,-7.4035807,112.5985785,5.541533957827291,3.202466190198811,3.0738742253802402,13.270503070019576,3.226958794151089,13.44270902445857,13.023999907096908,2.0282705849483977,2.405675970005409,2.453629933706109,21.56767789340679,2.360254247554201,27.30161890479314
478280000,Sedati,2,1,1,"Tanpa perabotan, Fully fenced","Area anak-anak, Rumah jaga, Taman, Keamanan 24 jam",1,60,60,-7.4109236,112.7719291,3.963774316874638,6.6090536175102015,2.815180462988224,4.094771927559948,4.492072267937892,8.98835108933331,6.281230233413075,4.018141844942165,7.090653511547513,5.033480553850517,5.033480553850517,7.090653511547513,10.854567174018428
285000000,Krian,2,1,1,"Halaman, Tanpa perabotan",Keamanan 24 jam,1,60,60,-7.40299,112.5873906,5.68090260756706,1.9083638113319348,1.678408623446373,13.409871719759343,1.9328564152842116,14.677130142466066,13.78695268856986,0.7341682060815213,1.1115735911385332,1.1595275548392323,22.126618765366466,1.0661518686873248,27.440987554532907
299000000,Wonoayu,2,1,1,Tanpa perabotan,Keamanan 24 jam,1,60,60,-7.446138,112.6514882,3.7854739776183073,3.5780614086982103,2.194564527519025,7.529161139900217,4.6782349211854495,6.566007653959908,4.944646086594313,3.4666806119499323,2.316424651329201,7.973837334255214,18.280959853957583,2.316424651329201,19.319269395448217
1190000000,Wonoayu,3,2,2,"Halaman, Tanpa perabotan, Air","Keamanan, Kolam renang, Rumah jaga, Cctv, Taman, Keamanan 24 jam",2,60,60,-7.4449197,112.6517872,3.6510706328672073,3.4436580639471104,2.3234531855440674,7.477564490534692,4.626638271819925,6.5144110045943835,5.073534744619355,3.601083956701032,2.4508279960803008,8.102725992280257,18.14655650920648,2.4508279960803008,19.45367274019932
493090000,Sedati,2,1,1,"Air, Tanpa perabotan, Listrik",Tidak Ada,1,60,60,-7.4174595,112.7736307,4.792287634001289,7.437566934636849,3.6436937801148748,4.860886138232289,5.320585585064543,10.74222067024491,7.109743550539722,4.846655162068815,7.919166828674164,5.799594764522859,5.799594764522859,7.919166828674164,12.868276964995438
200000000,Krembung,2,1,1,"Air, Tanpa perabotan, Listrik",Tidak Ada,1,60,60,-7.5078737,112.6228447,4.133072834564252,10.476008115835706,10.941193070731373,10.32842134276836,8.156439419760652,14.209761344708488,11.258512450217733,9.042806374184144,7.170310191588211,14.349728926815459,26.759365546027297,7.170310191588211,21.34629061645591
591000000,Sidoarjo,2,1,1,"Garasi, Listrik, Air, Tanpa perabotan","Keamanan, Keamanan 24 jam",1,80,60,-7.44488422,112.6730203,1.8243905035707706,1.274002764122006,2.174027036312728,4.675316722285538,1.8243905035707706,3.712163236345228,3.5305596860787047,2.4478476348185256,5.193639357971336,6.559750933739607,16.085694180026916,5.3462137797598865,18.820111752534366
800000000,Sidoarjo,3,2,2,"Garasi, Halaman, Air, Sebagian perabotan, Balkon, Tangki air, Listrik, Teras","Keamanan, Taman, Kolam renang, Keamanan 24 jam",2,90,60,-7.4522507,112.6944735,2.2272969291606364,1.326112849343151,1.8968388033681234,3.030185640161208,2.4481220957606205,2.148703050258581,2.6573019134424007,1.669906715168427,3.5933560000108606,4.208316352398618,15.428009347145013,3.493133320361921,17.053337340746243
1200000000,Tulangan,3,2,0,Tanpa perabotan,Tidak Ada,2,90,60,-7.4726134,112.6675398,3.7884851569477536,4.410160491784239,3.569610886587065,7.488079049718875,3.9674912405238794,6.838179160564179,3.8869302660734184,1.671224190039835,3.4142532438342563,6.978146742671149,19.387783361882995,3.441593893191538,14.731384268983101
260000000,Sukodono,2,1,1,"Internet, Air, Tanpa perabotan, Halaman, Listrik","Keamanan, Taman, Area anak-anak, Keamanan 24 jam",1,100,60,-7.394061,112.6738809,0.841154992744694,2.8766357093749213,3.90864948765988,5.892745571598778,0.28135023959614064,8.302342462761755,3.9226349198224835,1.3540240655938636,6.782730801011997,8.261277349832222,11.88669519974322,6.612823097413383,19.898868344567852
410000000,Taman,2,2,0,Sebagian perabotan,Tidak Ada,1,100,60,-7.340531,112.7077638,5.039305163870843,1.7939685529505667,1.3888149580684748,2.7371271316244945,1.397520667766578,4.059999573499041,6.423217751225949,2.815031920392889,1.531673722084069,3.2231425073455973,9.86728045849571,1.3664720798966488,
385000000,Sukodono,2,1,0,Tanpa perabotan,Tidak Ada,1,100,60,-7.394061,112.6738809,0.841154992744694,2.8766357093749213,3.90864948765988,5.892745571598778,0.28135023959614064,8.302342462761755,3.9226349198224835,1.3540240655938636,6.782730801011997,8.261277349832222,11.88669519974322,6.612823097413383,19.898868344567852
498000000,Sidoarjo,2,1,1,"Halaman, Tanpa perabotan",Keamanan 24 jam,1,60,62,-7.412324,112.5378369,14.107773876552127,4.521358591772457,5.73924983349377,19.679890962921075,5.993697625331609,20.980962778580064,19.675099372211758,0.17646865657484465,4.247567860248099,5.531233316358311,28.396638008528203,4.535996651429462,33.71100679769462
500000000,Buduran,3,2,0,"Garasi, Halaman, Air, Tanpa perabotan, AC, Tangki air, Listrik, Wifi",Area anak-anak,1,79,62,-7.436595,112.694927,2.3052826352181146,1.0910807981993018,3.925477366037864,3.5038469898966853,4.093047567275763,2.540693503956377,3.146910148998192,25.70403532324605,5.674077190063765,6.67435079040842,15.58889553321888,4.631210220917077,27.31766660554964
425000000,Krian,2,1,1,"Garasi, Halaman, Air, Tanpa perabotan, Pemandangan panorama, Ruang layanan, Listrik, Teras","Keamanan, Area anak-anak, Panggang, Akses bagi penyandang disabilitas, Cctv, Taman, Rumah jaga, Keamanan 24 jam",1,38,65,-7.40299,112.5873906,5.68090260756706,1.9083638113319348,1.678408623446373,13.409871719759343,1.9328564152842116,14.677130142466066,13.78695268856986,0.7341682060815213,1.1115735911385332,1.1595275548392323,22.126618765366466,1.0661518686873248,27.440987554532907
397000000,Sedati,2,1,1,"Garasi, AC, Dapur terpadu, Kabel video, Ruang layanan, Lemari pakaian bawaan, Air, Rubanah, Teras, Fully fenced, Internet, Dapur lengkap, Pemandangan panorama, Halaman, Tangki air, Ruang kantor, Listrik, Tanpa perabotan, Deck, Wifi","Keamanan, Gym, Angkat, Pustaka, Pramutamu, Panggang, Akses bagi penyandang disabilitas, Keamanan 24 jam, Cctv, Area anak-anak, Sauna, Taman, Taman atap, Rumah jaga, Lapangan tenis, Spa",1,65,65,-7.3989951,112.8165095,2.1348683472422505,10.474229089173596,6.820694337853118,3.5560189203626162,7.29218532568796,11.99373073245979,9.81234979032987,5.1952113814346,10.47743616131819,5.041974537634475,5.142281395312881,10.47743616131819,10.004559562446731
315000000,Sidoarjo,2,1,1,Tanpa perabotan,Tidak Ada,1,159,65,-7.4335537,112.66605,1.9827861609840132,2.7733444045864304,3.389865242328425,5.986067378137553,2.7648089319004403,5.022913892197244,5.963972275399787,4.6484007351659145,5.357177055926316,8.883878320171114,15.61727571941386,5.509751477714866,24.954798324484138
890000000,Candi,3,2,2,"Garasi, Balkon, Pemandangan panorama, Tangki air, Listrik, Teras, Internet, Dapur lengkap, Halaman, Air, Berperabot lengkap, Wifi","Keamanan, Gym, Area anak-anak, Rumah jaga, Cctv, Kolam renang, Taman, Keamanan 24 jam",2,30,66,-7.4622498,112.6958457,3.261169405607827,3.2109827830134794,2.260083247160519,3.3405744321889,1.3754913190556262,4.03357298392891,1.7170503088939115,0.9009199717489937,3.531115126932028,3.090558661910867,15.965483427064285,3.885898556426229,15.935579650258495
1100000000,Buduran,4,2,2,Tanpa perabotan,Tidak Ada,2,66,66,-7.4221052,112.7112938,2.3826314844818635,1.9704591021094495,2.2113107272376786,2.1578819212544236,3.17977597084998,3.0457346273155603,1.544608409230862,1.544608409230862,6.219551174448011,6.599721018727577,10.039669924312806,5.250799290960491,23.297430021214154
630000000,Tulangan,3,3,3,"Garasi, Halaman, Listrik, Teras, Wifi, Internet, Air, Tanpa perabotan, Fully fenced","Keamanan, Area anak-anak, Rumah jaga, Kolam renang, Taman, Keamanan 24 jam",1,80,66,-7.4444527,112.6306303,5.813410276171912,5.510714940519189,5.085370571110793,10.419967183491982,8.125266215294175,9.456813697551672,7.835452130186082,5.315317281461275,4.084688976531722,7.641497588121384,20.977733002807604,4.084688976531722,30.080130719455745
595000000,Sidoarjo,2,1,1,"Garasi, Listrik, Air, Tanpa perabotan","Keamanan, Keamanan 24 jam",1,80,66,-7.4490842,112.6824377,1.3473270594145361,0.6310078657719297,0.7861428303968265,3.7714772200257545,1.3473270594145361,2.808323734085446,2.63163461271029,2.629095271965148,4.913653215338915,5.528613567726669,15.608630735870682,4.813430535689973,17.98022327916714
700000000,Gedangan,2,1,1,"Garasi, Tanpa perabotan, Listrik, Fully fenced",Keamanan 24 jam,1,45,67,-7.3977218,112.7226611,1.5681684574422907,1.97095396957864,1.3611952000973833,4.023094415412894,1.3302404559076808,4.098215700558612,1.1212832072875747,0.9768116380864775,1.5327871425899056,6.710219007064925,6.162511795679775,1.5327871425899056,19.607199398166163
4800000000,Waru,5,4,1,Tanpa perabotan,Tidak Ada,2,45,67,-7.3503078,112.7674661,1.1043800195281273,1.2290062172207443,1.4454635210614053,3.972977345129623,0.373224262078175,5.970825656630798,4.2381937748698695,0.837264716423595,4.491888353118883,5.123691751677464,3.8935322545601827,4.47302920253724,5.266527027923425
1300000000,Candi,3,2,2,"Garasi, AC, Dapur lengkap, Dapur terpadu, Pemandangan panorama, Halaman, Tangki air, Lemari pakaian bawaan, Perapian, Air, Rubanah, Teras, Fully fenced, Internet, Balkon, Pemanasan, Jacuzzi, Kabel video, Ruang layanan, Alarm, Gas alam, Ruang kantor, Listrik, Tanpa perabotan, Deck, Wifi","Keamanan, Gym, Area anak-anak, Sauna, Taman, Taman atap, Rumah jaga, Lapangan tenis, Spa, Cctv, Kolam renang, Angkat, Pustaka, Pramutamu, Panggang, Akses bagi penyandang disabilitas, Keamanan 24 jam",2,55,67,-7.46736755,112.702364,1.7425592989850236,2.27640515664852,1.2997852956469353,2.3429848666780484,1.9202836284896596,2.9882088247422347,2.2244938499808904,1.4083635128359724,2.337679630892802,1.5719485552880643,14.864761307288925,2.9256006049126455,2.6619603936104443
720000000,Gedangan,2,1,0,"Garasi, Tanpa perabotan, Kabel video, Wifi","Keamanan, Taman, Area anak-anak, Keamanan 24 jam",1,90,67,-7.3892027,112.7369973,1.2733005261301125,1.7770915660970001,1.0205145511271645,5.809290393270015,1.8651368437693616,4.277970462038264,1.7940874204590789,1.7990348161910583,1.5123076416782453,5.275900103292732,3.9120631626216125,1.9123448875823108,
2500000000,Sedati,4,2,0,Tanpa perabotan,Tidak Ada,1,98,67,-7.3717381,112.7637334,1.055519877025291,2.530923798102005,2.379729331388422,5.851397800947302,0.9257784557090415,4.842332909048748,1.4579604227115026,0.3438129111791732,5.271921530692562,2.61675989183757,1.7440892700706567,5.39617650965365,7.514619112655263
1050000000,Buduran,3,2,0,"Halaman, Tanpa perabotan, Air, Fully fenced","Taman, Keamanan 24 jam, Lapangan tenis",1,33,68,-7.44478681,112.7025142,1.4442460782818864,0.7392740835370608,0.8488382834788193,1.1865220632763083,0.805913704704149,2.0025296165466444,0.829585222377814,2.7870070334629977,3.3567522634433877,4.357025863788043,12.873623116972352,2.3138852942967008,0.7928128641425397
500000000,Sukodono,2,1,1,"Garasi, Dapur terpadu, Tanpa perabotan, AC, Air","Cctv, Taman, Gym",1,34,68,-7.41472201,112.6913421,0.4641855172024986,2.4841425777218107,2.0835483648152993,5.192282427682952,2.649617419721418,5.833893141904261,1.489792097197666,9.63745456837497,6.06896392878314,9.634121525156113,10.698688581873014,6.06896392878314,22.611206553310975
600000000,Sukodono,2,1,0,"Garasi, Listrik, Halaman, Sebagian perabotan","Keamanan, Keamanan 24 jam, Taman",1,35,68,-7.394061,112.6738809,0.841154992744694,2.8766357093749213,3.90864948765988,5.892745571598778,0.28135023959614064,8.302342462761755,3.9226349198224835,1.3540240655938636,6.782730801011997,8.261277349832222,11.88669519974322,6.612823097413383,19.898868344567852
650000000,Candi,2,1,0,Tanpa perabotan,Tidak Ada,1,36,68,-7.4966669,112.7143688,2.4160837403002433,4.996869399811101,4.369935705824306,2.3562624315744527,4.25668266350934,6.252433260654103,5.663153166382176,3.9544754589941657,2.819044569120234,4.3793547082114985,18.022634272954576,2.7325319479179973,14.866301999660868
1470000000,Waru,3,3,0,Tanpa perabotan,Tidak Ada,2,32,70,-7.3423873,112.7160201,3.904566330095543,3.0264218585575264,3.1748246125175785,5.461398661772026,3.681349584989856,2.62780336023036,5.1409767586113695,2.4530142055633792,3.575371796576921,2.3054819587848754,8.58503946588113,3.9059533312950565,
565000000,Waru,2,1,1,"Internet, Pemandangan panorama, Halaman, Air, Tanpa perabotan, AC, Kabel video, Tangki air, Listrik, Wifi","Keamanan, Area anak-anak, Rumah jaga, Keamanan 24 jam, Gym, Taman, Akses bagi penyandang disabilitas",1,38,70,-7.3503078,112.7674661,1.1043800195281273,1.2290062172207443,1.4454635210614053,3.972977345129623,0.373224262078175,5.970825656630798,4.2381937748698695,0.837264716423595,4.491888353118883,5.123691751677464,3.8935322545601827,4.47302920253724,5.266527027923425
382300000,Prambon,2,1,1,"Garasi, Dapur terpadu, Halaman, Air, Tanpa perabotan, Fully fenced, Internet, Kabel video, Ruang kantor, Listrik, Teras, Wifi","Keamanan, Area anak-anak, Rumah jaga, Keamanan 24 jam, Kolam renang, Taman, Lapangan tenis",1,45,70,-7.4457506,112.5707595,7.512014842614802,4.413471279544865,4.167224302933794,17.946631751405608,4.087033104640439,16.983478265465305,15.362116698099713,4.647398505602523,2.6833364349015367,4.552517385946838,27.50818547705052,2.3451889804078943,32.82255426621694
380000000,Buduran,2,1,0,"Halaman, Listrik, Air, Tanpa perabotan",Tidak Ada,1,46,70,-7.4223441,112.752444,2.1439378295699854,3.552125198244415,4.018557390958171,4.13148333344599,4.825441989732415,6.6233626875072265,5.4687024595339855,2.3459861171037915,6.3902765605874965,7.334215178727479,6.564539818454693,6.3902765605874965,9.077312442558002
390000000,Sedati,2,1,1,"Garasi, Air, Tanpa perabotan, Halaman, Listrik, Fully fenced",Tidak Ada,1,55,70,-7.4109236,112.7719291,3.963774316874638,6.6090536175102015,2.815180462988224,4.094771927559948,4.492072267937892,8.98835108933331,6.281230233413075,4.018141844942165,7.090653511547513,5.033480553850517,5.033480553850517,7.090653511547513,10.854567174018428
980000000,Gedangan,2,1,0,Tanpa perabotan,Tidak Ada,1,105,70,-7.391717,112.7306136,0.8115989833403509,1.2296907751802062,1.3762109137637843,4.585753044521643,1.4034353009796,3.817373400265077,0.5705500717107087,1.3373332734012966,1.0506060988884838,6.1397680608111616,4.81885224449152,1.0506060988884838,
980000000,Gedangan,2,1,0,Tanpa perabotan,Tidak Ada,1,105,70,-7.3885636,112.732315,0.2930570178332332,1.3085948145245216,0.5520177995546861,5.005422535411109,0.8848933354724824,3.2988314347579597,0.9969872133247867,0.8187913078941792,0.5320641333813662,5.621226095304045,4.300310278984402,1.1257633886221257,
2300000000,Waru,6,3,3,Tanpa perabotan,Tidak Ada,2,128,70,-7.3432711,112.7683327,1.3773391833947835,1.996591986447833,2.1701114603409626,3.593820910175113,1.4414149160324587,6.581760473425328,0.3849449750522403,1.6279901425770593,5.102823169913415,5.914417177830931,5.79397830578939,5.083964019331772,5.1011870397206005
1100000000,Gedangan,2,2,0,"Air, Tanpa perabotan, Listrik","Keamanan, Keamanan 24 jam, Taman",1,36,71,-7.4082894,112.7137227,1.8304980742024417,2.088227949614841,3.4848670962399146,3.4242663291697406,1.9811702822486728,5.38799172235245,1.932667993969797,2.0533806651268036,3.656459038732437,8.413422004616246,8.28618369182231,3.656459038732437,21.730871294308695
770000000,Waru,3,1,0,Tanpa perabotan,Keamanan 24 jam,1,27,72,-7.3450183,112.7493425,1.9731217512507502,1.1040494518066728,2.24985345389341,2.348836580735192,1.927796049975391,4.271611164158526,1.77610919997405,2.8619774938539813,2.887858779805756,4.3641670474840755,5.566344343082287,2.868999629224113,
979000000,Sidoarjo,3,3,3,"Garasi, Balkon, Kabel video, Tangki air, Air, Rubanah, Teras, Wifi, Internet, Pemandangan panorama, Halaman, Alarm, Listrik, Tanpa perabotan, Fully fenced","Keamanan, Kolam renang, Taman, Rumah jaga, Keamanan 24 jam, Cctv, Area anak-anak, Taman atap, Lapangan tenis",2,28,72,-7.44986429,112.7022614,1.343279095183077,1.343279095183077,1.6952392974792718,1.085555080177499,1.0498488931629106,1.7868202415718932,0.7286182392790046,2.950634710626224,3.0360679267367243,4.049914865267313,13.407741709217742,2.2129183111978916,0.5771034891677883
555000000,Sukodono,2,1,1,"Garasi, Listrik, Air, Tanpa perabotan","Taman, Keamanan 24 jam",1,30,72,-7.4214909,112.6838001,1.382357487118783,1.0924113741218766,0.40297403922504976,5.7139284938577966,1.9463646681900724,4.75077500791749,2.802714344337711,8.422357736144084,7.884158694024875,8.6576314423008,12.379262907463259,6.841291724878189,23.38699825898692
5900000000,Waru,22,22,2,Berperabot lengkap,Tidak Ada,2,30,72,-7.3517813,112.7846068,3.65569846610592,4.153966852324592,4.333047013762388,2.145324081631715,1.3379443850875703,8.962938974598273,1.4819554553074294,0.33382813873705136,7.489622163679425,5.530774530778097,4.345481477245988,7.470763013097782,1.145830679228416
1100000000,Sidoarjo,2,1,0,Tanpa perabotan,Tidak Ada,1,31,72,-7.4356925,112.6881399,0.5541149614778867,1.1345480506961774,0.6054433056672994,3.7272345063906336,1.8545422189730887,2.764081020450325,3.37029766549214,23.952867649505823,5.897464706557713,6.897738306902367,13.837727859478647,4.854597737411025,25.566498931809413
499000000,Sedati,2,1,1,"Garasi, Tanpa perabotan, AC",Area anak-anak,1,32,72,-7.3667591,112.8073937,2.7788373170070346,8.468421515804856,8.684878819645515,3.173085887976253,5.603190710191977,12.567166314509826,5.747201780411836,5.768646963484638,11.754868488783828,5.615410119684513,1.4547288735375803,11.754868488783828,5.599686113285955
1470000000,Waru,3,3,0,"Garasi, Dapur terpadu, Air, Sebagian perabotan, Deck, Wifi, Internet, Halaman, Listrik, Teras, Fully fenced","Area anak-anak, Rumah jaga, Taman, Keamanan 24 jam",2,32,72,-7.3423873,112.7160201,3.904566330095543,3.0264218585575264,3.1748246125175785,5.461398661772026,3.681349584989856,2.62780336023036,5.1409767586113695,2.4530142055633792,3.575371796576921,2.3054819587848754,8.58503946588113,3.9059533312950565,
2420000000,Waru,4,3,0,"Garasi, Dapur lengkap, Listrik, Fully fenced, AC, Dapur terpadu, Berperabot lengkap","Gym, Rumah jaga, Taman",1,32,72,-7.3590139,112.7420717,2.3182447489552307,2.004913232661244,2.4637798536037523,2.89291295297229,3.146202355303225,2.5880535523239945,2.309955809976483,1.568941506321636,3.421705389808189,4.8980136574865085,3.9372322640702326,3.421705389808189,
1080000000,Waru,3,2,0,"AC, Sebagian perabotan",Keamanan 24 jam,1,32,72,-7.3621237,112.744203,2.2735910522525655,2.261082188594096,2.6009424325206374,3.1452507511512207,2.3189167535279247,2.844222508256846,2.562293608155414,1.8251104622544871,3.67404318798712,5.150351455665439,3.3789756488430096,3.67404318798712,
970000000,Gedangan,2,1,0,Sebagian perabotan,Keamanan 24 jam,1,32,72,-7.3885665,112.7323259,0.2930570178332332,1.3085948145245216,0.5520177995546861,5.005422535411109,0.8848933354724824,3.2988314347579597,0.9969872133247867,0.8187913078941792,0.5320641333813662,5.621226095304045,4.300310278984402,1.1257633886221257,
391000000,Gedangan,2,1,1,"Garasi, AC, Halaman, Listrik, Teras, Wifi, Internet, Dapur lengkap, Air, Tanpa perabotan, Fully fenced","Keamanan, Area anak-anak, Panggang, Lapangan tenis, Cctv, Taman, Rumah jaga, Keamanan 24 jam",1,32,72,-7.3896762,112.7279598,0.15876730662380215,1.7772577553113862,1.211822739958879,4.456698371394396,0.27487645045464526,2.688814549740123,0.9275869930203207,0.20877442287634204,0.08462472979404548,5.011209210286206,4.714349382883914,0.08462472979404548,
565000000,Gedangan,2,1,1,"Garasi, AC, Halaman, Listrik, Teras, Wifi, Internet, Dapur lengkap, Air, Tanpa perabotan, Fully fenced","Keamanan, Area anak-anak, Panggang, Lapangan tenis, Cctv, Taman, Rumah jaga, Keamanan 24 jam",1,32,72,-7.3896762,112.7279598,0.15876730662380215,1.7772577553113862,1.211822739958879,4.456698371394396,0.27487645045464526,2.688814549740123,0.9275869930203207,0.20877442287634204,0.08462472979404548,5.011209210286206,4.714349382883914,0.08462472979404548,
419000000,Buduran,2,1,1,"Garasi, AC, Pemanasan, Halaman, Tanpa perabotan, Wifi, Internet, Dapur lengkap, Kabel video, Air, Teras","Keamanan, Area anak-anak, Panggang, Lapangan tenis, Kolam renang, Taman, Rumah jaga, Keamanan 24 jam",1,32,72,-7.425129,112.7230909,1.9103003698000902,1.3979537096236054,1.1061051005356428,1.0526762945523878,2.292918065434631,2.740648466165926,2.107458689324181,1.941617938784703,5.114345547745976,5.4945153920255425,8.711963206887251,4.531137011819095,22.156650809373637
595000000,Sukodono,2,1,1,"Garasi, Air, Tanpa perabotan, Wifi, Internet, Listrik, Deck","Keamanan, Area anak-anak, Taman, Kolam renang, Pustaka, Keamanan 24 jam",1,32,72,-7.408064,112.6943559,1.389154200833594,2.53824308857895,3.0085170484463943,5.130514347478199,3.2397140275240415,5.936832631776462,1.4280240169929141,1.4975121703584269,6.007195848578388,9.492027830343732,10.63692050166826,6.007195848578388,22.549438473106225
382000000,Waru,2,1,1,"Garasi, AC, Kabel video, Air, Tanpa perabotan, Fully fenced, Internet, Dapur lengkap, Halaman, Listrik, Teras, Wifi","Keamanan, Gym, Area anak-anak, Panggang, Lapangan tenis, Cctv, Kolam renang, Taman, Rumah jaga, Keamanan 24 jam",1,32,72,-7.3503078,112.7674661,1.1043800195281273,1.2290062172207443,1.4454635210614053,3.972977345129623,0.373224262078175,5.970825656630798,4.2381937748698695,0.837264716423595,4.491888353118883,5.123691751677464,3.8935322545601827,4.47302920253724,5.266527027923425
582000000,Candi,2,1,1,"Garasi, AC, Pemanasan, Kabel video, Ruang layanan, Alarm, Ruang kantor, Listrik, Tanpa perabotan, Deck, Internet, Balkon, Pemandangan panorama, Halaman, Tangki air, Perapian, Air, Rubanah, Teras, Wifi","Keamanan, Gym, Pustaka, Panggang, Akses bagi penyandang disabilitas, Spa, Cctv, Area anak-anak, Taman, Rumah jaga, Keamanan 24 jam",1,32,72,-7.460157,112.6860198,2.8184063603389955,2.270321082394714,2.3328824920186837,3.8446551461951235,0.1397559604864197,3.2499791313642112,0.5654481282561863,0.6725513881102154,4.0351958409382505,3.594639375917089,16.469564141070514,4.389979270432453,16.115403279391767
90000000,Waru,2,2,2,"Garasi, AC, Kabel video, Ruang layanan, Berperabot lengkap, Internet, Dapur terpadu, Halaman, Air, Wifi","Keamanan, Keamanan 24 jam, Kolam renang",2,32,72,-7.35128,112.8135304,7.119939325076293,7.687928901850386,7.904386205691049,2.3925932740217855,4.8226980962375094,12.453313178341267,6.5765257013241705,4.785520262466273,10.974375874829365,8.053375418977598,1.468243842798166,10.955516724247719,4.819193499331488
390000000,Sedati,2,1,1,"Garasi, Halaman, Listrik, Teras, Wifi, Internet, Air, Tanpa perabotan, Fully fenced","Keamanan, Taman, Lapangan tenis, Area anak-anak, Rumah jaga, Keamanan 24 jam",1,32,72,-7.3717382,112.7637336,1.055519877025291,2.530923798102005,2.379729331388422,5.851397800947302,0.9257784557090415,4.842332909048748,1.4579604227115026,0.3438129111791732,5.271921530692562,2.61675989183757,1.7440892700706567,5.39617650965365,7.514619112655263
410000000,Waru,2,1,1,"Garasi, AC, Halaman, Air, Tanpa perabotan, Fully fenced, Internet, Dapur lengkap, Alarm, Listrik, Teras, Wifi","Keamanan, Taman, Rumah jaga, Keamanan 24 jam, Area anak-anak, Panggang, Lapangan tenis",1,32,72,-7.3503078,112.7674661,1.1043800195281273,1.2290062172207443,1.4454635210614053,3.972977345129623,0.373224262078175,5.970825656630798,4.2381937748698695,0.837264716423595,4.491888353118883,5.123691751677464,3.8935322545601827,4.47302920253724,5.266527027923425
1780000000,Sedati,0,3,2,Berperabot lengkap,Tidak Ada,2,32,72,-7.3788716,112.787289,4.039927467441097,4.925339051595163,5.508298874003851,7.181682536940493,3.8716177428717984,7.405171542534237,4.020799056196991,0.9695800161979928,7.821546381327012,1.8416401416545642,0.0,7.945801360288098,5.839386206753922
35000000,Waru,0,0,1,Garasi,Tidak Ada,1,32,72,-7.35174855,112.767265,0.952701227709488,1.077327425402105,1.2937847292427662,4.1801616358538904,0.22154547025953586,5.968137941902535,0.9867887446087862,1.0444490071478627,4.602886186140254,4.972012959858826,3.741853462741543,4.584027035558611,5.473711318647692
1900000000,Waru,2,2,0,"Garasi, Dapur lengkap, Tangki air, Listrik, Teras, AC, Halaman, Lemari pakaian bawaan, Sebagian perabotan, Fully fenced",Tidak Ada,1,32,72,-7.3432711,112.7683327,1.3773391833947835,1.996591986447833,2.1701114603409626,3.593820910175113,1.4414149160324587,6.581760473425328,0.3849449750522403,1.6279901425770593,5.102823169913415,5.914417177830931,5.79397830578939,5.083964019331772,5.1011870397206005
850000000,Taman,2,2,2,"Garasi, Tanpa perabotan",Tidak Ada,2,32,72,-7.36271,112.68037,3.808899905860773,2.3352675546055233,2.169972139043482,2.303361034039452,2.0737498904029774,5.508749878426342,3.1182632920175335,1.6773880711614393,3.193346263452672,4.671892812272898,10.4021482988557,3.0234385598540587,
2500000000,Taman,5,2,0,Tanpa perabotan,Tidak Ada,2,32,72,-7.3682573,112.7077638,0.5824842555317944,1.7900846992903023,3.5155132482973235,4.187892237212175,0.6988228295769334,2.782258277728313,2.4744183964715685,0.6641144844801905,3.8850457828572957,2.811413221486452,6.646085177577038,3.9583427684734316,22.771063973083955
420000000,Sukodono,2,1,0,Tanpa perabotan,Tidak Ada,1,32,72,-7.3831573,112.6883969,2.579776205804597,4.057074090771247,4.620388041736567,4.9220898926977235,2.978413499469228,6.193628432616464,1.313537975032555,2.0212391018570783,5.261459183194317,6.040794037424272,10.057455332465192,5.0915514795957035,21.874830858461536
550000000,Sukodono,3,2,0,Tanpa perabotan,Tidak Ada,1,32,72,-7.3992102,112.6761279,0.63014909307769,2.5851079621003,3.6361075838356505,6.815155117211812,1.146856292795037,8.029800558937527,5.24253947301208,1.0814821617696344,8.179380092266385,9.183686895445256,12.809104745356251,8.179380092266385,20.821277890180884
407000000,Gedangan,2,1,1,"Garasi, Dapur lengkap, Halaman, Listrik, Teras, Wifi, Internet, Kabel video, Air, Tanpa perabotan, Fully fenced","Keamanan, Kolam renang, Taman, Rumah jaga, Keamanan 24 jam, Cctv, Area anak-anak, Panggang, Lapangan tenis",1,33,72,-7.40567335,112.7260569,0.40226116921548166,2.551857234502875,1.9420984650216182,2.7910693615000515,0.3243699191513916,4.75479475468276,1.7021864722118094,1.257588162471304,2.1136904075141407,7.291122271989159,6.7434150606040095,2.1136904075141407,20.188102663090394
234000000,Krian,2,1,1,"Garasi, Tanpa perabotan",Area anak-anak,1,36,72,-7.4170186,112.5975167,6.156193880649969,2.903923464082248,1.546484403829594,15.046761853806135,1.8805635927371143,14.083608367865825,12.995006814304613,2.4757023490830083,2.556842363507485,2.1296302352409704,22.862611041907304,2.8706794521851777,28.607661388957872
380000000,Krian,2,1,1,"Garasi, Listrik, Air, Teras","Area anak-anak, Keamanan 24 jam, Taman",1,36,72,-7.3970707,112.601646,4.333152265592348,3.7300306799605716,3.6014387151419998,12.062121377784631,3.7545232839128486,14.10620332171843,12.380515392861145,1.743892992537021,2.9332404597671693,2.9811944234678687,20.778868423391764,4.252953456664049,26.093237212558194
1110000000,Waru,2,1,1,"Garasi, Tanpa perabotan","Area anak-anak, Keamanan 24 jam, Taman",1,36,72,-7.36133582,112.7124281,1.2546823337692043,1.2522919089069677,4.243794913086539,4.970866296346051,1.8713881338731297,2.2801289351056804,2.555295811465458,0.6704690303973752,3.218453470186246,2.240591222583706,6.6065614140869595,5.038053770266651,23.943629277380154
395000000,Sedati,2,1,1,"Internet, Ruang layanan, Air, Tanpa perabotan, Fully fenced, Balkon, Alarm, Listrik, Teras","Area anak-anak, Rumah jaga, Panggang",1,36,72,-7.4057354,112.7613933,2.5065411140907705,5.029552198919072,1.2356790443970957,4.461970855121569,2.912570849346763,7.408849670742178,4.701728814821947,2.9293841300495416,5.511152092956382,4.563461083065851,3.7937857227930625,5.511152092956382,12.058738844974425
700000000,Sukodono,2,2,2,Tanpa perabotan,"Area anak-anak, Rumah jaga, Taman, Keamanan 24 jam",2,36,72,-7.3917448,112.7010238,1.2702537909010205,1.5652041079418813,4.935173909168867,6.661495048168551,2.0239116356608884,5.347839219758877,1.4096441522968375,1.049338354353289,4.3170410845662595,5.699700545112991,8.94676573765613,4.3170410845662595,19.65474935382041
640000000,Sukodono,2,1,0,Tanpa perabotan,"Area anak-anak, Taman",1,36,72,-7.3917448,112.7010238,1.2702537909010205,1.5652041079418813,4.935173909168867,6.661495048168551,2.0239116356608884,5.347839219758877,1.4096441522968375,1.049338354353289,4.3170410845662595,5.699700545112991,8.94676573765613,4.3170410845662595,19.65474935382041
580000000,Gedangan,2,1,1,"Garasi, AC, Air, Sebagian perabotan, Internet, Halaman, Listrik, Wifi","Cctv, Area anak-anak, Keamanan 24 jam, Gym, Rumah jaga",1,36,72,-7.3896762,112.7279598,0.15876730662380215,1.7772577553113862,1.211822739958879,4.456698371394396,0.27487645045464526,2.688814549740123,0.9275869930203207,0.20877442287634204,0.08462472979404548,5.011209210286206,4.714349382883914,0.08462472979404548,
1700000000,Buduran,4,3,3,"Garasi, Balkon, Tanpa perabotan, Internet, Listrik","Cctv, Area anak-anak, Rumah jaga, Gym, Panggang",3,36,72,-7.4251569,112.7230062,1.9103003698000902,1.3979537096236054,1.1061051005356428,1.0526762945523878,2.292918065434631,2.740648466165926,2.107458689324181,1.941617938784703,5.114345547745976,5.4945153920255425,8.711963206887251,4.531137011819095,22.156650809373637
640000000,Sukodono,2,1,1,"Halaman, Tanpa perabotan","Cctv, Rumah jaga, Taman, Keamanan 24 jam",1,36,72,-7.40917633,112.6977318,2.20109419519017,1.255351933699626,3.8204570428029707,4.7936530506074915,4.215425460181262,5.599971334905754,1.0911627201222056,0.4424539200945743,4.724304693699065,9.23549214808065,9.354029346788936,4.724304693699065,21.2665473182269
1000000000,Sidoarjo,3,2,2,"Garasi, Dapur lengkap, Air, Teras, Internet, Gas alam, Tanpa perabotan, Fully fenced","Cctv, Taman, Keamanan 24 jam, Area anak-anak, Rumah jaga",1,36,72,-7.4497718,112.7015495,1.418867546113402,1.3473282165336105,1.6196508465489468,1.1611435311078238,1.125437344093236,1.7112317906415684,0.8042066902093296,2.8773550012846476,2.9627882173951483,3.9766351559257362,13.48333016014807,2.288506762128217,0.5015150382374634
585580000,Taman,1,1,0,"Garasi, Air, Teras, Pemandangan panorama, Listrik","Gym, Area anak-anak, Rumah jaga, Keamanan 24 jam, Kolam renang, Taman, Lapangan tenis",1,36,72,-7.37362324,112.6410027,2.913299665133733,6.1029135458273265,6.851449400422649,6.915429500788701,6.085627070938028,10.145811406980073,8.536501377912465,1.1480004180879944,3.1145317501376777,8.008019462357208,15.63217654639582,3.1145317501376777,
445000000,Gedangan,2,1,0,"Garasi, Air, Tanpa perabotan, Pemandangan panorama, Listrik, Teras","Gym, Area anak-anak, Rumah jaga, Kolam renang, Taman, Keamanan 24 jam",1,36,72,-7.3981827,112.7091664,2.1462022348746252,1.333118371788743,3.0650871241033917,4.976940890758179,1.70000542164482,5.012382857469486,1.1775584161436994,0.8207484307121862,2.4469542995007822,6.599403231407257,7.076678952590652,2.4469542995007822,19.91808586431625
585000000,Gedangan,2,1,1,"Garasi, Alarm, Tanpa perabotan, Halaman, Perapian, Wifi","Gym, Lapangan tenis, Taman, Keamanan 24 jam",1,36,72,-7.3943502,112.7474056,1.918342154345277,3.00729440898579,2.477588906477805,6.414238918274753,4.251035442800748,6.32870407779875,3.200165583287535,2.606503015106465,3.5619367764221574,5.9203279692070065,4.86366111975627,3.5619367764221574,10.253172622687817
1450000000,Sidoarjo,3,2,0,"AC, Sebagian perabotan, Dapur lengkap",Keamanan,1,36,72,-7.4217,112.5322,13.817733754985147,5.633311883721431,6.851203125442745,20.825657647822325,7.105650917280584,21.494939892249818,19.873578324884207,1.7874400151432508,3.8789929303946247,6.643186608307286,29.542404693429454,3.8741381917402107,34.85677348259587
600000000,Candi,2,1,0,"Air, Listrik",Keamanan,1,36,72,-7.4815936,112.7255653,0.6593413160617385,2.9023864380544606,3.1557098080927024,3.2958507264436285,2.239379247148095,5.077124720945438,2.8833030314587305,0.20587752617810032,4.426595527096004,3.204046168502832,15.242784138031139,4.49943754730518,13.815898312431985
850000000,Prambon,3,1,0,"Air, Tanpa perabotan, Listrik",Keamanan,1,36,72,-7.438295,112.573007,8.283244974947616,3.5454583943962104,3.2992114177851373,17.445903275211393,3.2190202194917847,16.482749789271093,14.861388221905496,3.7793856204538696,3.5566510277871406,3.6845045007981834,26.640172591901866,3.218503573293499,31.95454138106829
365000000,Gedangan,3,2,1,"Garasi, Fully fenced, Balkon",Keamanan,2,36,72,-7.3896762,112.7279598,0.15876730662380215,1.7772577553113862,1.211822739958879,4.456698371394396,0.27487645045464526,2.688814549740123,0.9275869930203207,0.20877442287634204,0.08462472979404548,5.011209210286206,4.714349382883914,0.08462472979404548,
380000000,Krian,2,1,1,"Garasi, Kabel video, Internet, Listrik",Keamanan,1,36,72,-7.40299,112.5873906,5.68090260756706,1.9083638113319348,1.678408623446373,13.409871719759343,1.9328564152842116,14.677130142466066,13.78695268856986,0.7341682060815213,1.1115735911385332,1.1595275548392323,22.126618765366466,1.0661518686873248,27.440987554532907
450000000,Sedati,2,1,0,"Garasi, Listrik, Air, Sebagian perabotan",Keamanan,1,36,72,-7.3952,112.7675,1.937589583117013,5.2622729980941205,0.979803860947726,2.6197394460174395,2.0211715385974593,6.534243262198599,5.110680844281363,2.619562761626379,4.6365456844127975,2.730601278788301,2.730601278788301,4.6365456844127975,8.383666444677996
401000000,Sedati,2,1,1,"Garasi, Tanpa perabotan",Keamanan,1,36,72,-7.39815958,112.7624206,1.9132823585711216,4.655621451349146,0.31997250910190156,3.612044075550948,1.9968643140515683,6.493143135446984,4.3277980672520195,2.5952555370804884,4.595445557661185,3.6477545477706568,2.8780791874978684,4.595445557661185,11.143032309679231
550000000,Sedati,2,1,0,Tanpa perabotan,Keamanan,1,36,72,-7.3952,112.7675,1.937589583117013,5.2622729980941205,0.979803860947726,2.6197394460174395,2.0211715385974593,6.534243262198599,5.110680844281363,2.619562761626379,4.6365456844127975,2.730601278788301,2.730601278788301,4.6365456844127975,8.383666444677996
970000000,Waru,3,2,0,"AC, Sebagian perabotan",Keamanan 24 jam,2,36,72,-7.3517813,112.7846068,3.65569846610592,4.153966852324592,4.333047013762388,2.145324081631715,1.3379443850875703,8.962938974598273,1.4819554553074294,0.33382813873705136,7.489622163679425,5.530774530778097,4.345481477245988,7.470763013097782,1.145830679228416
560000000,Sidoarjo,2,1,1,"Garasi, Air, Halaman, Tanpa perabotan",Keamanan 24 jam,1,36,72,-7.4540491,112.7066448,1.3292657922657505,1.1993384434907732,1.227777695338982,0.8169183770343772,1.1172655419028477,1.3717029896692536,1.0006573493931836,2.333336452362566,2.1858365624733036,3.3947688651676606,13.339775146516528,0.9595269324947259,1.6324991518544347
2500000000,Waru,5,5,0,"Garasi, AC, Dapur lengkap, Dapur terpadu, Gas alam, Listrik, Teras, Wifi, Internet, Balkon, Pemanasan, Kabel video, Air, Sebagian perabotan, Deck","Keamanan, Area anak-anak",1,36,72,-7.3562163,112.7610386,0.2068755532548243,0.40530057858763596,0.3211990223331015,3.68962514617358,0.6474055200864081,5.061142208707483,0.7738409271697659,2.141930654873926,4.228647345244142,4.759065142419804,3.528905645302524,4.228647345244142,5.428366785493488
425000000,Wonoayu,2,1,1,"Garasi, Air, Teras, Pemandangan panorama, Listrik","Keamanan, Area anak-anak",1,36,72,-7.4219617,112.6468617,1.1716603506469354,0.669982625691619,5.6102029993573685,8.30707991219945,4.180749174107928,7.343926426259142,7.314330639043865,4.640902274143482,6.459214098995774,8.492731271046159,17.15463427958919,6.459214098995774,25.844783759579215
1500000000,Candi,4,3,3,"Garasi, AC, Kabel video, Tangki air, Tanpa perabotan, Deck, Internet, Balkon, Halaman, Air, Teras","Keamanan, Area anak-anak, Akses bagi penyandang disabilitas, Keamanan 24 jam, Cctv, Taman, Lapangan tenis, Spa",2,36,72,-7.46987142,112.6988345,2.1428938350283437,2.528916503986792,1.7378705562726333,2.7433194027213683,1.9125697501729473,4.171612094720132,2.254128740011233,1.4379984028663149,2.7757648915185,1.972283091331384,15.302846567914624,3.363685865538344,3.1000456542361423
499000000,Sedati,2,1,1,"Garasi, Halaman, Listrik, Fully fenced, Internet, Air, Tanpa perabotan, Wifi","Keamanan, Area anak-anak, Kolam renang, Taman",1,36,72,-7.37121683,112.8050181,2.805541929939176,8.967135004772626,8.63392709418251,3.671799376944023,6.101904199159748,12.59387092744197,6.245915269379607,5.795351576416779,12.253581977751598,5.642114732616655,5.74242159029506,12.253581977751598,6.098399602253726
575000000,Sukodono,3,2,2,"Garasi, Kabel video, Tangki air, Sebagian perabotan, Wifi, Pemandangan panorama, Halaman, Air, Fully fenced","Keamanan, Area anak-anak, Rumah jaga, Keamanan 24 jam, Kolam renang, Taman, Lapangan tenis",1,36,72,-7.4202381,112.6796843,0.998370277016539,0.7410171089048502,0.6485682291013971,6.005414690143583,1.1982689314303447,5.042261204203276,3.549992583956329,8.71384393242987,8.175644890310663,8.903225632177147,13.048570220887973,7.132777921163975,23.09905421141458
600000000,Sukodono,2,1,0,"Garasi, Halaman, Tanpa perabotan, Balkon, Listrik","Keamanan, Area anak-anak, Taman atap, Keamanan 24 jam, Cctv, Taman, Rumah jaga",55,36,72,-7.3914287,112.6988252,0.5443829137967507,2.3367794256031975,5.736192913815068,6.735769304801149,2.7323869304975092,6.1017918275926,2.181219469958154,1.8503573589994893,5.118060089212458,6.280646136397002,9.747784742302331,5.118060089212458,20.4078121630898
825000000,Sidoarjo,2,2,2,"Garasi, Pemandangan panorama, Alarm, Air, Sebagian perabotan, Wifi, Pemanasan, Halaman, Perapian, Listrik, Fully fenced","Keamanan, Area anak-anak, Taman atap, Lapangan tenis, Gym, Taman, Rumah jaga, Keamanan 24 jam",2,36,72,-7.4502944,112.681783,1.7640684794868182,1.0477492858442117,1.2040213143616825,4.438921440564458,1.7640684794868182,3.4757679546241502,2.370999603918493,2.4781028637725213,5.378158784316821,5.400190851579396,16.025372155942964,5.2779361046678765,17.66055167037415
945000000,Sukodono,3,3,1,"Garasi, Tanpa perabotan, Listrik","Keamanan, Area anak-anak, Taman, Keamanan 24 jam, Kolam renang, Pustaka, Rumah jaga",2,36,72,-7.4121426,112.6952171,1.0504060379261135,2.0137906480600867,2.669768885538914,4.6060619069593365,3.0647373029172065,5.412380191257599,0.9035715764740513,0.7700008888374121,5.482743408059524,9.047901004432495,10.112468061149398,5.482743408059524,22.024986032587364
407100000,Buduran,2,1,1,"Garasi, AC, Dapur lengkap, Dapur terpadu, Pemandangan panorama, Halaman, Tangki air, Lemari pakaian bawaan, Perapian, Air, Rubanah, Teras, Fully fenced, Internet, Balkon, Pemanasan, Jacuzzi, Kabel video, Ruang layanan, Alarm, Gas alam, Ruang kantor, Listrik, Tanpa perabotan, Deck, Wifi","Keamanan, Gym, Area anak-anak, Sauna, Taman, Taman atap, Rumah jaga, Lapangan tenis, Spa, Cctv, Kolam renang, Angkat, Pustaka, Pramutamu, Panggang, Akses bagi penyandang disabilitas, Keamanan 24 jam",32,36,72,-7.42312285,112.7083108,3.0673460300542774,1.5795705383656062,2.3242258930982307,3.0077200710992527,2.61964919899157,2.9247486752907927,2.229322954803276,2.229322954803276,6.091462484827335,6.589493701302273,11.10219289908307,4.785366793758909,23.98214456678657
564900000,Gedangan,2,1,1,"Garasi, AC, Dapur lengkap, Dapur terpadu, Pemandangan panorama, Halaman, Tangki air, Lemari pakaian bawaan, Perapian, Air, Rubanah, Teras, Fully fenced, Internet, Balkon, Pemanasan, Jacuzzi, Kabel video, Ruang layanan, Alarm, Gas alam, Ruang kantor, Listrik, Tanpa perabotan, Deck, Wifi","Keamanan, Gym, Area anak-anak, Sauna, Taman, Taman atap, Rumah jaga, Lapangan tenis, Spa, Cctv, Kolam renang, Angkat, Pustaka, Pramutamu, Panggang, Akses bagi penyandang disabilitas, Keamanan 24 jam",36,36,72,-7.38997397,112.7233972,0.46049419463629676,2.3088346406835942,1.6421085593268077,4.988275256766608,0.7676920738494825,3.1816301731349603,1.4591638783925298,0.5921180979553916,0.6162016151662545,5.793633479641274,5.245926268256124,0.6162016151662545,21.134784072523733
674000000,Waru,2,1,1,"Garasi, AC, Dapur lengkap, Dapur terpadu, Pemandangan panorama, Halaman, Tangki air, Lemari pakaian bawaan, Perapian, Air, Rubanah, Teras, Fully fenced, Internet, Balkon, Pemanasan, Jacuzzi, Kabel video, Ruang layanan, Alarm, Gas alam, Ruang kantor, Listrik, Tanpa perabotan, Deck, Wifi","Keamanan, Gym, Area anak-anak, Sauna, Taman, Taman atap, Rumah jaga, Lapangan tenis, Spa, Cctv, Kolam renang, Angkat, Pustaka, Pramutamu, Panggang, Akses bagi penyandang disabilitas, Keamanan 24 jam",32,36,72,-7.35444594,112.8135187,5.297770814924988,7.768897100475254,7.985354404315916,2.473561472646654,4.9036662948623775,12.534281376966135,6.657493899949039,4.866488461091141,11.055344073454233,8.134343617602466,1.5492120414230346,11.036484922872587,4.900161697956356
675000000,Waru,2,1,1,"Garasi, AC, Dapur lengkap, Dapur terpadu, Pemandangan panorama, Halaman, Tangki air, Lemari pakaian bawaan, Perapian, Air, Rubanah, Teras, Fully fenced, Internet, Balkon, Pemanasan, Jacuzzi, Kabel video, Ruang layanan, Alarm, Gas alam, Ruang kantor, Listrik, Tanpa perabotan, Deck, Wifi","Keamanan, Gym, Area anak-anak, Sauna, Taman, Taman atap, Rumah jaga, Lapangan tenis, Spa, Cctv, Kolam renang, Angkat, Pustaka, Pramutamu, Panggang, Akses bagi penyandang disabilitas, Keamanan 24 jam",32,36,72,-7.3585605,112.7876585,4.428949780598064,3.528780716547051,3.7078608779848468,3.0500214945530475,2.2271033618503493,8.337752838820736,2.386652868228761,0.6037212674962938,6.981309230510158,4.905588395000555,5.250178890167324,6.981309230510158,2.4744057003016007
1200000000,Candi,4,3,3,"Garasi, AC, Dapur lengkap, Ruang layanan, Air, Wifi, Internet, Balkon, Halaman, Ruang kantor, Listrik","Keamanan, Gym, Taman atap, Rumah jaga, Keamanan 24 jam, Cctv, Taman, Panggang, Lapangan tenis",2,36,72,-7.4578412,112.6839275,2.5176961658931023,1.8013769722504955,1.9576490007679659,4.228586126620801,0.6469904609923341,3.5128247811912856,1.0806362068162174,1.1797858886161299,4.437486890427964,4.101873876423003,16.77899984234925,4.781153483990573,16.496573672957247
500000000,Sukodono,2,0,1,"Garasi, Balkon, Berperabot lengkap, AC, Listrik, Deck","Keamanan, Gym, Taman, Keamanan 24 jam, Cctv, Area anak-anak, Rumah jaga",40,36,72,-7.4104743,112.7008186,1.9798078288474996,1.2587902139382685,3.529842130039493,4.330908105669848,3.9941390938385917,5.13722638996811,0.6284177751845614,0.15985476321234515,4.7277429739377075,8.772747203143007,9.357467627027578,4.7277429739377075,21.269985598465546
900000000,Sukodono,3,2,2,"Garasi, AC, Dapur lengkap, Perapian, Tanpa perabotan, Internet, Balkon, Dapur terpadu, Listrik, Deck","Keamanan, Gym, Taman, Panggang, Akses bagi penyandang disabilitas, Cctv, Kolam renang, Taman atap, Rumah jaga, Lapangan tenis",2,36,72,-7.3801702,112.6900453,2.866724261758539,4.344022146725189,4.245473670699465,4.54717552166062,2.449309164484271,5.818714061579361,0.9386236039954533,1.646324730819977,4.886544812157216,5.665879666387169,9.682540961428089,4.7166371085586025,22.16177891441548
585000000,Taman,2,1,1,"Garasi, Pemandangan panorama, Listrik, Teras, Internet, Halaman, Tanpa perabotan, Wifi","Keamanan, Gym, Taman, Rumah jaga, Cctv, Area anak-anak, Panggang, Keamanan 24 jam",1,36,72,-7.37612026,112.6337138,0.491567422900662,5.6089319013488295,8.050118523560554,8.114098623926605,6.257446187585037,11.344480530117973,9.673374931517388,0.6530108553138237,2.274889274072117,7.168376986291649,16.830845669533726,2.274889274072117,
850000000,Prambon,3,1,0,"AC, Listrik, Air, Sebagian perabotan","Keamanan, Keamanan 24 jam",1,36,72,-7.438295,112.573007,8.283244974947616,3.5454583943962104,3.2992114177851373,17.445903275211393,3.2190202194917847,16.482749789271093,14.861388221905496,3.7793856204538696,3.5566510277871406,3.6845045007981834,26.640172591901866,3.218503573293499,31.95454138106829
850000000,Candi,2,1,0,"Air, Berperabot lengkap, Listrik","Keamanan, Keamanan 24 jam",1,36,72,-7.4643015,112.6921823,3.0771383118775444,2.8976554527444662,2.076052153430236,3.1565433384586172,1.0621639887866121,3.720245653659897,1.4037229786248973,0.5875926414799799,3.3470840332017446,2.9065275681805844,15.781452333334004,3.7018674626959465,15.751548556528212
600000000,Buduran,2,1,0,"Air, Tanpa perabotan, Listrik","Keamanan, Keamanan 24 jam",1,36,72,-7.4220375,112.751077,2.018592748677275,3.4267801173517043,3.8932123100654605,4.006138252553279,4.568074377959044,6.498017606614517,5.211334847760615,2.0886185053304196,6.132908948814125,7.0768475669541075,6.307172206681321,6.132908948814125,8.951967361665295
750000000,Candi,2,1,1,"Air, Tanpa perabotan, Listrik","Keamanan, Keamanan 24 jam",1,36,72,-7.4644539,112.7018048,2.1606677038160713,2.694513561479567,1.1813114293301872,2.7610932715090963,2.3383920333207073,2.8822926917867093,1.9335535609102175,1.3660421595324637,2.319691716779286,1.9900569601191116,14.846773393175408,2.807126738595897,2.5434865272936964
700000000,Sidoarjo,2,1,0,"Air, Tanpa perabotan, Listrik","Keamanan, Keamanan 24 jam",1,36,72,-7.4520511,112.6849812,1.9688999365454232,1.2525807429028166,1.408852771420287,4.643752897623063,2.150138893207331,3.6805994116827545,2.5758310609770976,2.682934320831126,5.582990241375426,5.605022308637999,16.230203613001567,5.482767561726483,17.865383127432754
456000000,Sukodono,2,1,0,"Air, Tanpa perabotan, Listrik","Keamanan, Keamanan 24 jam",1,36,72,-7.4199765,112.6839275,1.2296857715099103,0.9397396585130042,0.5556457548339221,5.866600209466668,1.7936929525812,4.90344672352636,2.955386059946584,8.575029451752954,8.036830409633748,8.810303157909674,12.226591191854387,6.993963440487061,23.234326543378046
1100000000,Gedangan,2,2,0,"Air, Tanpa perabotan, Listrik","Keamanan, Keamanan 24 jam",1,36,72,-7.3885636,112.732315,0.2930570178332332,1.3085948145245216,0.5520177995546861,5.005422535411109,0.8848933354724824,3.2988314347579597,0.9969872133247867,0.8187913078941792,0.5320641333813662,5.621226095304045,4.300310278984402,1.1257633886221257,
1500000000,Gedangan,3,2,0,"Garasi, Balkon, Listrik, Deck, AC, Air, Sebagian perabotan, Fully fenced","Keamanan, Keamanan 24 jam",2,36,72,-7.3885636,112.732315,0.2930570178332332,1.3085948145245216,0.5520177995546861,5.005422535411109,0.8848933354724824,3.2988314347579597,0.9969872133247867,0.8187913078941792,0.5320641333813662,5.621226095304045,4.300310278984402,1.1257633886221257,
515000000,Sidoarjo,3,1,1,"Garasi, Halaman, Listrik, Fully fenced, Internet, Air, Teras, Wifi","Keamanan, Keamanan 24 jam",1,36,72,-7.44977187,112.7015496,1.418867546113402,1.3473282165336105,1.6196508465489468,1.1611435311078238,1.125437344093236,1.7112317906415684,0.8042066902093296,2.8773550012846476,2.9627882173951483,3.9766351559257362,13.48333016014807,2.288506762128217,0.5015150382374634
5000000,Gedangan,2,1,0,"Garasi, Tangki air, Listrik, Teras, Halaman, Air, Sebagian perabotan","Keamanan, Keamanan 24 jam",1,36,72,-7.396155,112.7047843,1.9097844016213974,1.1001963510475505,3.5444255731492826,5.5492745332571545,2.0764883187276926,5.42182590431889,0.9446363954025069,0.5843305974589584,2.856397346350187,6.898036834185541,7.486121999440056,2.856397346350187,20.21671946709453
700000000,Taman,2,1,0,"Halaman, Listrik, Air, Teras","Keamanan, Keamanan 24 jam",1,36,72,-7.3778578,112.6411193,2.631206093507608,6.69648414414983,6.847380940591483,6.911361040957535,5.760949142718859,10.141742947148908,8.519256636685766,1.43156985803806,4.035794456023822,8.929282168243349,15.628108086564655,4.035794456023822,
1000000,Sukodono,2,1,0,"Halaman, Listrik, Teras, Air, Tanpa perabotan","Keamanan, Keamanan 24 jam",1,36,72,-7.4199765,112.6839275,1.2296857715099103,0.9397396585130042,0.5556457548339221,5.866600209466668,1.7936929525812,4.90344672352636,2.955386059946584,8.575029451752954,8.036830409633748,8.810303157909674,12.226591191854387,6.993963440487061,23.234326543378046
2000000,Sedati,2,1,0,"Halaman, Listrik, Teras, Air, Tanpa perabotan, Fully fenced","Keamanan, Keamanan 24 jam",1,36,72,-7.4057354,112.7613933,2.5065411140907705,5.029552198919072,1.2356790443970957,4.461970855121569,2.912570849346763,7.408849670742178,4.701728814821947,2.9293841300495416,5.511152092956382,4.563461083065851,3.7937857227930625,5.511152092956382,12.058738844974425
2100000000,Buduran,7,4,0,"Air, Tanpa perabotan, Fully fenced, Listrik, Teras","Keamanan, Keamanan 24 jam, Taman",3,36,72,-7.4355145,112.6987914,5.186765173836613,4.83707162830146,0.9427302597357755,2.735945260912727,0.7611380407273022,3.63867397280333,2.3790084200142334,23.705134853306173,4.906175461079807,5.804579059741861,13.139097972045214,3.863308491933119,25.31876613560976
1100000000,Gedangan,2,2,0,"Air, Tanpa perabotan, Listrik","Keamanan, Keamanan 24 jam, Taman",1,36,72,-7.4039631,112.7176157,1.7903995089985936,2.737650303825964,2.6343577181534807,4.179207701283163,1.4640229443228598,6.142933094465873,2.394445725343671,1.9498474156031662,2.8059496606460033,7.896402367890637,7.435674313735873,2.8059496606460033,20.88036191622226
1470000000,Waru,3,3,0,"Balkon, Dapur terpadu, Tangki air, Sebagian perabotan, Dapur lengkap, Halaman, Air","Keamanan, Keamanan 24 jam, Taman",2,36,72,-7.3423873,112.7160201,3.904566330095543,3.0264218585575264,3.1748246125175785,5.461398661772026,3.681349584989856,2.62780336023036,5.1409767586113695,2.4530142055633792,3.575371796576921,2.3054819587848754,8.58503946588113,3.9059533312950565,
525000000,Sukodono,3,1,1,"Garasi, Berperabot lengkap, Halaman, Fully fenced","Keamanan, Keamanan 24 jam, Taman",2,36,72,-7.3831573,112.6883969,2.579776205804597,4.057074090771247,4.620388041736567,4.9220898926977235,2.978413499469228,6.193628432616464,1.313537975032555,2.0212391018570783,5.261459183194317,6.040794037424272,10.057455332465192,5.0915514795957035,21.874830858461536
390000000,Sedati,2,1,0,"Halaman, Listrik, Teras, Air, Tanpa perabotan, Fully fenced","Keamanan, Keamanan 24 jam, Taman",1,36,72,-7.4057354,112.7613933,2.5065411140907705,5.029552198919072,1.2356790443970957,4.461970855121569,2.912570849346763,7.408849670742178,4.701728814821947,2.9293841300495416,5.511152092956382,4.563461083065851,3.7937857227930625,5.511152092956382,12.058738844974425
700000000,Krian,3,2,2,"Garasi, Halaman, Listrik, Fully fenced, Dapur terpadu, Air, Tanpa perabotan","Keamanan, Keamanan 24 jam, Taman atap",1,36,72,-7.4316249,112.5779178,9.187110336900377,3.004311609522269,2.246233013138477,17.137161265503273,2.163547594214139,16.174007779562967,14.552646212197372,2.990165292363013,3.07130530678749,2.644093178520975,25.85095226381101,2.891440131492431,31.16532105297743
780000000,Sukodono,3,2,2,"Garasi, Halaman, Alarm, Tanpa perabotan, Wifi, Internet, Ruang layanan, Air, Teras","Keamanan, Kolam renang, Sauna, Taman, Rumah jaga, Lapangan tenis, Cctv, Area anak-anak, Pustaka, Panggang, Akses bagi penyandang disabilitas, Keamanan 24 jam",2,36,72,-7.408064,112.6943559,1.389154200833594,2.53824308857895,3.0085170484463943,5.130514347478199,3.2397140275240415,5.936832631776462,1.4280240169929141,1.4975121703584269,6.007195848578388,9.492027830343732,10.63692050166826,6.007195848578388,22.549438473106225
333000000,Sidoarjo,3,2,2,"Garasi, Halaman, Sebagian perabotan, Wifi, Balkon, Listrik, Fully fenced","Keamanan, Lapangan tenis, Rumah jaga, Keamanan 24 jam",1,36,72,-7.4506261,112.7315252,1.8101868075341914,1.2949838215875715,1.4536939656981493,2.4439822240303415,2.0425851680784572,2.398941235607801,1.8754437333104812,0.15437984188700762,3.4204536062327917,3.719739494129182,11.690564579660913,3.1907150884263213,4.1955080497092325
650000000,Waru,2,1,1,"Halaman, Air, Tanpa perabotan, Tangki air, Listrik, Teras","Keamanan, Rumah jaga, Taman, Keamanan 24 jam",1,36,72,-7.3517813,112.7846068,3.65569846610592,4.153966852324592,4.333047013762388,2.145324081631715,1.3379443850875703,8.962938974598273,1.4819554553074294,0.33382813873705136,7.489622163679425,5.530774530778097,4.345481477245988,7.470763013097782,1.145830679228416
800000000,Buduran,3,2,0,"Air, Tanpa perabotan, Listrik","Keamanan, Taman",1,36,72,-7.407272,112.7560469,2.7196458349897874,6.214705415217989,3.434512878362059,6.660804689086535,5.111404683311727,8.959527304554513,5.472524645532297,2.349808303102103,6.394098746585808,6.762294917030811,5.992619556758025,6.394098746585808,14.257572678939388
800000000,Taman,3,2,2,"Internet, Tangki air, Sebagian perabotan, Dapur lengkap, Gas alam","Keamanan, Taman atap, Taman",3,36,72,-7.3570383,112.6934908,2.5412443836365624,1.7262726042574048,1.0913375091231456,1.605628435591868,0.830631306302786,3.819028409833171,2.038817608148141,0.5067742479331016,1.9088628580165865,2.9821713436797275,9.13449277663149,1.738955154417973,
585000000,Buduran,2,1,1,"Tangki air, Ruang kantor, Tanpa perabotan, Fully fenced, Alarm, Air, Teras","Keamanan, Taman, Panggang, Keamanan 24 jam, Area anak-anak, Taman atap, Akses bagi penyandang disabilitas",1,36,72,-7.4193666,112.7658623,3.9091362984048392,7.419714836003202,4.031839176534672,7.258130987259149,5.70873098148434,9.081723396288819,6.677534066317509,3.554817723887316,7.59910816737102,7.3596212152034255,7.3596212152034255,7.59910816737102,11.53567315133959
600000000,Prambon,2,1,0,"Garasi, Listrik, Air, Tanpa perabotan",Rumah jaga,1,36,72,-7.4457506,112.5707595,7.512014842614802,4.413471279544865,4.167224302933794,17.946631751405608,4.087033104640439,16.983478265465305,15.362116698099713,4.647398505602523,2.6833364349015367,4.552517385946838,27.50818547705052,2.3451889804078943,32.82255426621694
1000000000,Buduran,3,3,0,"Garasi, Tangki air, Air, Tanpa perabotan, AC, Gas alam, Listrik, Fully fenced","Rumah jaga, Keamanan 24 jam, Lapangan tenis",2,36,72,-7.44390981,112.7027636,1.2053823766625664,0.4218332694047096,0.8030757774124913,1.3074181308787984,0.9268097723066394,2.1234256841491352,0.9504812899803041,2.469566219330647,3.4776483310458777,4.477921931390535,12.557835213019171,2.434781361899191,0.9137089317450301
449000000,Sedati,2,1,1,"Garasi, Air, Tanpa perabotan, AC, Listrik",Taman,1,36,72,-7.40599519,112.7714627,3.7801218164047397,6.2593489554085195,2.2903868872302304,3.16715681432588,3.863703771885187,8.376775495486324,5.931525571311394,4.403900595978189,6.47907791770053,4.105865440616447,4.105865440616447,6.47907791770053,10.226198677965721
423000000,Sedati,2,1,1,"Garasi, Halaman, Tanpa perabotan, AC, Listrik",Taman,1,36,72,-7.4039153,112.7718209,3.2580166871344947,5.737243826138276,1.7682817579599863,2.960536178861344,3.341598642614942,7.85467036621608,5.409420442041151,3.9399898656438617,5.956972788430285,3.5950238879030003,3.5950238879030003,5.956972788430285,9.704093548695479
850000000,Waru,3,2,2,"Garasi, Dapur lengkap, Tangki air, Tanpa perabotan, Balkon, Halaman, Air, Teras","Taman, Keamanan 24 jam, Rumah jaga",2,36,72,-7.35128,112.8135304,7.119939325076293,7.687928901850386,7.904386205691049,2.3925932740217855,4.8226980962375094,12.453313178341267,6.5765257013241705,4.785520262466273,10.974375874829365,8.053375418977598,1.468243842798166,10.955516724247719,4.819193499331488
340000000,Sukodono,2,1,1,"Garasi, Listrik, Teras, Internet, Tanpa perabotan, Wifi","Taman, Keamanan 24 jam, Rumah jaga",2,36,72,-7.4191134,112.6764786,0.6695320471612641,1.1277564135263238,0.9312097352597446,6.288056196301931,0.7881756642574147,5.324902710361623,3.8326340901146767,1.725272646679402,8.45828639646901,9.185867138335498,13.435309525509442,7.415419427322324,22.978165056841114
1700000000,Tulangan,2,1,0,"AC, Tanpa perabotan",Tidak Ada,1,36,72,-7.46041,112.656837,5.186730327566566,4.470411133923958,3.6298615287267837,7.8517653885408425,4.161407024499984,6.898429802703898,4.587099192269751,1.7314748321795532,2.9184338118746913,7.616290439930653,19.448034004022713,3.071008233663242,18.000790085403548
2500000000,Waru,4,3,0,"Air, Listrik",Tidak Ada,1,36,72,-7.3432711,112.7683327,1.3773391833947835,1.996591986447833,2.1701114603409626,3.593820910175113,1.4414149160324587,6.581760473425328,0.3849449750522403,1.6279901425770593,5.102823169913415,5.914417177830931,5.79397830578939,5.083964019331772,5.1011870397206005
650000000,Sidoarjo,3,1,0,"Air, Listrik",Tidak Ada,1,36,72,-7.4584767,112.7272666,1.2700901216081169,0.7619342412579094,0.8757570820011631,2.0701561445349737,0.8000162275500978,2.4999830902649944,1.4157130531020468,0.6317307214228973,2.2252525080571472,2.402059318436379,13.453305132927643,2.298094528266324,4.328963672133088
2160000000,Waru,4,2,2,"Air, Tanpa perabotan, Listrik",Tidak Ada,2,36,72,-7.3627361,112.7402295,2.6448409480834845,1.5860183172087219,1.7745465522651136,2.4740180375197665,2.4936901972287617,1.9355413942495319,1.8910608945239598,0.879708204982998,3.443775733728197,4.257936054795616,3.541198632035281,3.0028104743556656,
270000000,Sukodono,2,1,0,"Air, Tanpa perabotan, Listrik",Tidak Ada,1,36,72,-7.394061,112.6738809,0.841154992744694,2.8766357093749213,3.90864948765988,5.892745571598778,0.28135023959614064,8.302342462761755,3.9226349198224835,1.3540240655938636,6.782730801011997,8.261277349832222,11.88669519974322,6.612823097413383,19.898868344567852
600000000,Wonoayu,3,2,0,"Air, Tanpa perabotan, Listrik",Tidak Ada,1,36,72,-7.4153401,112.6526416,0.0,0.5016777249553162,3.3907782267773303,8.747624687819513,3.158621116696326,7.784471201879207,6.292202581632265,3.618774216731883,6.530712820574279,8.564229992624663,16.13250622217759,6.530712820574279,24.822655702167605
800000000,Gedangan,3,2,1,"Air, Tanpa perabotan, Listrik",Tidak Ada,2,36,72,-7.3896762,112.7279598,0.15876730662380215,1.7772577553113862,1.211822739958879,4.456698371394396,0.27487645045464526,2.688814549740123,0.9275869930203207,0.20877442287634204,0.08462472979404548,5.011209210286206,4.714349382883914,0.08462472979404548,
600000000,Sukodono,3,2,0,"Air, Tanpa perabotan, Listrik",Tidak Ada,1,36,72,-7.394061,112.6738809,0.841154992744694,2.8766357093749213,3.90864948765988,5.892745571598778,0.28135023959614064,8.302342462761755,3.9226349198224835,1.3540240655938636,6.782730801011997,8.261277349832222,11.88669519974322,6.612823097413383,19.898868344567852
849000000,Gedangan,2,1,0,Berperabot lengkap,Tidak Ada,1,36,72,-7.39615901,112.7462895,1.3794458153809597,2.4683980700214723,1.9386925675134885,5.875342579310435,3.2179796726550824,5.789807738834432,2.6612692443232175,2.0676066761421477,3.0230404374578406,5.38143163024269,4.324764780791954,3.0230404374578406,9.714276283723496
650000000,Krian,3,2,2,Garasi,Tidak Ada,1,36,72,-7.3964554,112.6212499,3.019343460293399,4.126900729503383,5.7465864085521305,10.649975128658552,5.899670977322979,12.473986224159379,9.956073631587566,2.4801089351050862,1.4777017498352851,5.126342116878001,18.499751617897438,3.644039185740263,24.681090963432116
1600000000,Buduran,3,2,0,Tanpa perabotan,Tidak Ada,1,36,72,-7.436595,112.694927,2.3052826352181146,1.0910807981993018,3.925477366037864,3.5038469898966853,4.093047567275763,2.540693503956377,3.146910148998192,25.70403532324605,5.674077190063765,6.67435079040842,15.58889553321888,4.631210220917077,27.31766660554964
860000000,Waru,3,2,2,Tanpa perabotan,Tidak Ada,2,36,72,-7.3399267,112.7562893,2.597476493043447,2.509802729772295,2.680404846698809,4.61074619100732,2.5521507917680872,6.533520774430655,1.9777849071346605,0.6872176685980418,5.149768390077884,6.626076657756205,6.35768863135578,5.130909239496241,4.3100229461736
1250000000,Sidoarjo,3,1,0,Tanpa perabotan,Tidak Ada,1,36,72,-7.44726655,112.6959508,1.4352077098292284,0.824445534555247,1.782333433154027,2.0486381941266556,1.3849037536883855,1.085484708186347,1.6917013532281613,2.6769351737169758,4.218868394293735,5.217578258901046,14.364791005072773,3.176001425147047,18.06259924724867
330000000,Waru,2,1,0,Tanpa perabotan,Tidak Ada,1,36,72,-7.35128,112.8135304,7.119939325076293,7.687928901850386,7.904386205691049,2.3925932740217855,4.8226980962375094,12.453313178341267,6.5765257013241705,4.785520262466273,10.974375874829365,8.053375418977598,1.468243842798166,10.955516724247719,4.819193499331488
650000000,Sidoarjo,3,2,0,Tanpa perabotan,Tidak Ada,1,36,72,-7.4362461,112.6855113,0.5800331579723509,1.532813669755904,0.6313615021617636,3.7826837970277807,1.8804604154675528,2.819530311087472,3.425746956129287,23.978785846000285,5.95291399719486,6.9531875975395145,13.863646055973112,4.910047028048171,25.592417128303875
500000000,Sidoarjo,2,1,0,Tanpa perabotan,Tidak Ada,1,36,72,-7.441595,112.6885379,0.40851982829935934,0.9599186680867209,1.154224419334071,2.8052574978125935,0.40851982829935934,1.8421040118722856,2.4483206569141003,24.628545216350222,4.975487697979673,5.727885647135493,15.062338563290162,3.932620728832986,26.242176498653812
800000000,Taman,3,2,0,Tanpa perabotan,Tidak Ada,2,36,72,-7.3654019,112.7126562,1.0500272126038543,1.047636787741618,3.1988902965363404,4.766211175180701,1.2778248303635833,2.46563532596733,2.278196623194553,0.3389833857674987,3.1841757332423306,2.2063134856397904,6.329462225816053,5.003776033322735,23.350065973870606
2500000000,Waru,4,4,4,Tanpa perabotan,Tidak Ada,2,36,72,-7.3517813,112.7846068,3.65569846610592,4.153966852324592,4.333047013762388,2.145324081631715,1.3379443850875703,8.962938974598273,1.4819554553074294,0.33382813873705136,7.489622163679425,5.530774530778097,4.345481477245988,7.470763013097782,1.145830679228416
695000000,Taman,2,1,0,Tanpa perabotan,Tidak Ada,2,36,72,-7.36625948,112.7065874,0.5531410340835895,1.6557370946381027,3.0383857314289435,3.9819102125735926,1.1673005830457084,3.1408231902279447,2.2684363718329856,1.2427444664723137,3.6790637582187125,2.647343869769821,7.004650090076669,3.7523607438348483,23.225150755549215
500000000,Sidoarjo,2,1,0,Tanpa perabotan,Tidak Ada,1,36,72,-7.45689945,112.7307686,1.7674223159507925,1.109956143027386,1.2237789837706399,2.5674883388776495,1.1480381293195747,2.9700733557827688,1.1945860623910736,2.3836268563383403,2.695342773574922,2.8993915127790544,13.214663668350761,2.7867437464041322,4.799053937650864
950000000,Sidoarjo,4,2,0,Tanpa perabotan,Tidak Ada,2,36,72,-7.4577208,112.7308424,1.7816564334534348,1.1241902605300285,1.238013101273282,2.5817224563802914,1.1622722468222169,2.984307473285411,1.0866235881363617,2.225246572309022,2.709576891077564,2.9136256302816963,13.056283384321441,2.8009778639067746,4.813288055153507
600000000,Gedangan,2,1,1,Tanpa perabotan,Tidak Ada,1,36,72,-7.3965211,112.7462057,1.3806605565411527,2.4696128111816655,1.9399073086736816,5.876557320470628,3.2191944138152757,5.791022479994624,2.662483985483411,2.068821417302341,3.0242551786180334,5.382646371402885,4.3259795219521475,3.0242551786180334,9.71549102488369
520000000,Sidoarjo,2,1,0,Tanpa perabotan,Tidak Ada,1,36,72,-7.4428037,112.6936111,1.1557807400420386,0.5900028782321889,1.547890776830969,2.4353417079580617,1.1557807400420386,1.4721882220177538,2.0784048670595685,25.38329906694342,4.605571908125142,5.357969857280961,14.751494518904183,3.562704938978454,27.379503724926902
1700000000,Sidoarjo,4,3,0,Tanpa perabotan,Tidak Ada,2,36,72,-7.44726655,112.6959508,1.4352077098292284,0.824445534555247,1.782333433154027,2.0486381941266556,1.3849037536883855,1.085484708186347,1.6917013532281613,2.6769351737169758,4.218868394293735,5.217578258901046,14.364791005072773,3.176001425147047,18.06259924724867
500000000,Waru,3,1,0,Tanpa perabotan,Tidak Ada,1,36,72,-7.35691754,112.7649386,0.583152119344113,0.9019737639970071,0.8517529675828952,4.197826567724353,0.5215621194428951,5.489363360058597,0.3223054267194615,1.6903951544236209,4.736848766794916,4.3075296419694995,3.077370144852219,4.736848766794916,5.880269302605072
999000000,Waru,0,2,1,Tanpa perabotan,Tidak Ada,1,36,72,-7.3541506,112.8078629,6.607422331862689,7.175411908636783,7.391869212477445,1.880076280808181,4.310181103023904,11.940796185127667,6.064008708110568,4.2730032692526665,10.461858881615763,7.540858425763991,0.9557268495845614,10.442999731034117,4.306676506117884
399900000,Sidoarjo,2,1,0,Tanpa perabotan,Tidak Ada,1,36,72,-7.4514112,112.6871692,1.270364248216997,0.9698529298016291,0.7848403798966858,3.3533179411005833,1.4340395183999552,2.390164455160275,1.8676852642238388,1.865145923478696,4.155329173355922,4.770289525743679,15.669470752046706,4.0551064937069805,17.371603596937167
390000000,Buduran,2,1,0,Tanpa perabotan,Tidak Ada,1,36,72,-7.436595,112.694927,2.3052826352181146,1.0910807981993018,3.925477366037864,3.5038469898966853,4.093047567275763,2.540693503956377,3.146910148998192,25.70403532324605,5.674077190063765,6.67435079040842,15.58889553321888,4.631210220917077,27.31766660554964
450000000,Sedati,2,1,0,Tanpa perabotan,Tidak Ada,1,36,72,-7.3951247,112.8082562,0.8181356888592027,9.15749643079055,6.313394338418692,3.048718920928192,5.975452667304915,10.676998074076742,8.495617131946826,3.878478723051554,9.970136161883767,3.725241879251429,3.8255487369298353,10.136249721365457,8.687826904063684
270000000,Sukodono,2,1,0,Tanpa perabotan,Tidak Ada,1,36,72,-7.422997,112.6889953,1.3384078683165066,2.865705428124648,0.9035562691639271,5.398006183521538,2.5210847088079555,4.434852697581231,2.4778282556681503,22.30215662349798,7.568236383688617,8.568509984033273,12.318131896213478,6.52536941454193,23.98366406601824
227000000,Tanggulangin,2,1,0,Tanpa perabotan,Tidak Ada,1,36,72,-7.50246405,112.7091935,1.7573066699660456,2.6970354287052523,4.610180184293684,1.697485361240256,4.496927141978718,6.492677739123481,4.744941668808071,1.6546414878883162,0.5192105980143841,4.619599186680876,18.36923022167017,0.4326979768121473,15.790509940022856
498000000,Taman,2,1,1,Tanpa perabotan,Tidak Ada,1,36,72,-7.35427935,112.6768012,5.0952139167892305,1.8095977509420371,1.7137111300099144,1.7776912303759655,2.1523737821146898,5.912179919664023,4.592787141300811,2.083330153291442,2.8040621065922933,5.075322853510579,11.688462309784153,2.63415440299368,
1800000000,Waru,22,6,0,Tanpa perabotan,Tidak Ada,2,36,72,-7.3588392,112.7583752,0.7055536448648411,0.6797170360609808,0.44384905616355974,3.793098972227371,0.7508793461402002,4.501491454153625,0.6701328611692223,2.4479435758797363,4.332121171297934,4.5730321654016315,3.3428726682843513,4.332121171297934,5.702783242966833
800000000,Waru,2,1,1,Tanpa perabotan,Tidak Ada,1,36,72,-7.3464372,112.799382,4.874538617529308,5.442528194303403,5.658985498144066,0.14719256647480114,2.577297388690524,10.207912470794287,4.331124993777187,2.5401195549192863,8.72897516728238,7.413368682672011,2.0529648291394733,8.710116016700734,2.573792791784503
160000000,Sukodono,2,1,0,Tanpa perabotan,Tidak Ada,1,36,72,-7.4191007,112.6764056,0.6695320471612641,1.1277564135263238,0.9312097352597446,6.288056196301931,0.7881756642574147,5.324902710361623,3.8326340901146767,1.725272646679402,8.45828639646901,9.185867138335498,13.435309525509442,7.415419427322324,22.978165056841114
2000000000,Waru,4,4,4,Tanpa perabotan,Tidak Ada,1,36,72,-7.3664657,112.7283684,0.9123979631126787,1.1545989503362188,0.9055395092866506,2.883128592035173,0.629795233261255,0.06854463667388302,0.2559833394466593,0.5654043430148898,1.57988076976069,2.3940410908281096,4.036111438566362,3.2399864789576656,
1700000000,Gedangan,4,2,2,Tanpa perabotan,Tidak Ada,1,36,72,-7.391717,112.7306136,0.8115989833403509,1.2296907751802062,1.3762109137637843,4.585753044521643,1.4034353009796,3.817373400265077,0.5705500717107087,1.3373332734012966,1.0506060988884838,6.1397680608111616,4.81885224449152,1.0506060988884838,
1500000000,Waru,3,2,0,Tanpa perabotan,Tidak Ada,1,36,72,-7.3458761,112.7748086,2.122049097292428,2.444135462645416,2.660592766486077,3.0287846013627457,0.3436118299431517,7.209519739136304,0.4358067945092854,0.7487746499216462,5.730582435624391,5.354368392557504,5.228941996977022,5.711723285042748,3.7619845582092113
1350000000,Waru,3,3,0,Tanpa perabotan,Tidak Ada,2,36,72,-7.345331,112.7739507,1.9562604579417557,2.3911265012811653,2.6075838051218265,3.1995902057083154,0.44224792087424597,7.156510777772054,0.35324412064275906,0.97535345354513,5.677573474260141,5.580947196180988,5.3997476013225905,5.658714323678498,3.93279016255478
1950000000,Waru,3,2,0,Tanpa perabotan,Tidak Ada,1,36,72,-7.3458761,112.7748086,2.122049097292428,2.444135462645416,2.660592766486077,3.0287846013627457,0.3436118299431517,7.209519739136304,0.4358067945092854,0.7487746499216462,5.730582435624391,5.354368392557504,5.228941996977022,5.711723285042748,3.7619845582092113
1650000000,Sidoarjo,4,3,0,Tanpa perabotan,Tidak Ada,1,36,72,-7.4472664,112.6959507,1.4352077098292284,0.824445534555247,1.782333433154027,2.0486381941266556,1.3849037536883855,1.085484708186347,1.6917013532281613,2.6769351737169758,4.218868394293735,5.217578258901046,14.364791005072773,3.176001425147047,18.06259924724867
400000000,Candi,4,2,0,Tanpa perabotan,Tidak Ada,1,36,72,-7.4781286,112.7479374,2.671536290527572,3.6850780799398732,3.5995082653305803,5.148093838431447,3.729993336770752,6.318788124315616,3.2186851302502575,2.296152509866182,5.716032770575082,5.484405902892179,15.578166236822666,5.788874790784259,15.275564042416937
565000000,Sukodono,4,2,0,Tanpa perabotan,Tidak Ada,2,36,72,-7.4092129,112.6698638,0.44817059666897857,1.5210372569737165,2.5530510352586755,7.909897496300861,0.8790903589527994,6.946744010360553,4.341329991568105,0.6458215323123079,7.402332540896467,10.807708438334425,13.332339342348575,7.402332540896467,21.849703017748034
1050000000,Taman,4,2,0,Tanpa perabotan,Tidak Ada,2,36,72,-7.367875,112.6955381,1.770722808175344,3.0065176436452337,2.5841716240185435,2.8858734749796966,2.52662169413931,4.29522740144719,0.7656472807123506,1.9634621710151177,3.2252427654762905,4.024043015311933,8.363971201170273,3.055335061877677,23.447736926892393
500000000,Sidoarjo,2,1,1,Tanpa perabotan,Tidak Ada,1,36,72,-7.4541053,112.7302448,2.643516310269586,1.7174683398292268,1.790289553350296,2.9463152889286612,1.601064136779341,2.658111076914003,1.644896736142845,0.5834367120784678,2.9789325749336752,3.2782184628300666,12.122962714882815,2.7491940571272053,4.458454779720711
494780000,Tulangan,2,1,1,"Internet, Listrik, Air, Tanpa perabotan","Area anak-anak, Rumah jaga, Taman, Keamanan 24 jam",1,37,72,-7.4726134,112.6675398,3.7884851569477536,4.410160491784239,3.569610886587065,7.488079049718875,3.9674912405238794,6.838179160564179,3.8869302660734184,1.671224190039835,3.4142532438342563,6.978146742671149,19.387783361882995,3.441593893191538,14.731384268983101
300000000,Wonoayu,2,1,1,"Garasi, Tanpa perabotan",Keamanan,1,37,72,-7.446138,112.6514882,3.7854739776183073,3.5780614086982103,2.194564527519025,7.529161139900217,4.6782349211854495,6.566007653959908,4.944646086594313,3.4666806119499323,2.316424651329201,7.973837334255214,18.280959853957583,2.316424651329201,19.319269395448217
780000000,Candi,3,1,0,"Dapur lengkap, Tanpa perabotan",Keamanan 24 jam,1,37,72,-7.4582129,112.6904798,2.473496643242906,1.7320267298932392,1.9879727749225944,3.191413274175002,0.5842920010430309,2.5546169308086695,0.9360087575243845,0.6517594822952102,3.400314037982164,3.5738474701020833,15.81632226905039,3.743980631544775,16.15821715575368
360000000,Buduran,2,1,0,Tanpa perabotan,Keamanan 24 jam,1,37,72,-7.425129,112.7230909,1.9103003698000902,1.3979537096236054,1.1061051005356428,1.0526762945523878,2.292918065434631,2.740648466165926,2.107458689324181,1.941617938784703,5.114345547745976,5.4945153920255425,8.711963206887251,4.531137011819095,22.156650809373637
494780000,Candi,2,1,1,"Internet, Tanpa perabotan, Air","Keamanan, Taman, Keamanan 24 jam, Area anak-anak, Rumah jaga",1,37,72,-7.4673674,112.7023641,1.7425592989850236,2.27640515664852,1.2997852956469353,2.3429848666780484,1.9202836284896596,2.9882088247422347,2.2244938499808904,1.4083635128359724,2.337679630892802,1.5719485552880643,14.864761307288925,2.9256006049126455,2.6619603936104443
600000000,Waru,2,1,1,Tanpa perabotan,"Kolam renang, Lapangan tenis, Rumah jaga",1,37,72,-7.3503078,112.7674661,1.1043800195281273,1.2290062172207443,1.4454635210614053,3.972977345129623,0.373224262078175,5.970825656630798,4.2381937748698695,0.837264716423595,4.491888353118883,5.123691751677464,3.8935322545601827,4.47302920253724,5.266527027923425
330000000,Buduran,2,1,0,Tanpa perabotan,Tidak Ada,1,37,72,-7.42211248,112.7510514,2.018592748677275,3.4267801173517043,3.8932123100654605,4.006138252553279,4.568074377959044,6.498017606614517,5.211334847760615,2.0886185053304196,6.132908948814125,7.0768475669541075,6.307172206681321,6.132908948814125,8.951967361665295
300030000,Wonoayu,2,1,0,"Air, Tanpa perabotan",Keamanan 24 jam,1,38,72,-7.446138,112.6514882,3.7854739776183073,3.5780614086982103,2.194564527519025,7.529161139900217,4.6782349211854495,6.566007653959908,4.944646086594313,3.4666806119499323,2.316424651329201,7.973837334255214,18.280959853957583,2.316424651329201,19.319269395448217
320200000,Porong,2,1,1,"Garasi, Halaman, Listrik, Teras, Pemandangan panorama, Air, Tanpa perabotan","Keamanan, Area anak-anak, Panggang, Akses bagi penyandang disabilitas, Cctv, Taman, Rumah jaga, Keamanan 24 jam",1,38,72,-7.5402368,112.69314,6.558201123842492,4.349073216121524,9.41107463817013,0.8957170240667418,0.9162561504355617,11.293572192999934,0.514138071615595,0.6162631083201825,1.226677013254889,9.420493640557325,23.17012467554663,1.226677013254889,
420000000,Tulangan,2,1,1,"Garasi, Halaman, Listrik, Teras, Pemandangan panorama, Air, Tanpa perabotan","Keamanan, Area anak-anak, Panggang, Akses bagi penyandang disabilitas, Cctv, Taman, Rumah jaga, Keamanan 24 jam",1,38,72,-7.4812926,112.6468606,6.327984245615995,6.601769438025699,5.761219832828524,8.92402312188789,6.15910018676534,9.029788106805638,6.0785392123148805,3.862833136281295,1.9903369536853601,9.169755688912613,21.57939230812446,1.9903369536853601,16.16631737855306
320100000,Prambon,2,1,1,"Garasi, Pemandangan panorama, Air, Tanpa perabotan, AC, Halaman, Listrik, Teras","Keamanan, Area anak-anak, Panggang, Akses bagi penyandang disabilitas, Cctv, Taman, Rumah jaga, Keamanan 24 jam",1,38,72,-7.4457506,112.5707595,7.512014842614802,4.413471279544865,4.167224302933794,17.946631751405608,4.087033104640439,16.983478265465305,15.362116698099713,4.647398505602523,2.6833364349015367,4.552517385946838,27.50818547705052,2.3451889804078943,32.82255426621694
421000000,Tanggulangin,2,1,1,"Pemandangan panorama, Air, Tanpa perabotan, Halaman, Listrik, Teras","Keamanan, Area anak-anak, Panggang, Akses bagi penyandang disabilitas, Cctv, Taman, Rumah jaga, Keamanan 24 jam",1,38,72,-7.50246405,112.7091935,1.7573066699660456,2.6970354287052523,4.610180184293684,1.697485361240256,4.496927141978718,6.492677739123481,4.744941668808071,1.6546414878883162,0.5192105980143841,4.619599186680876,18.36923022167017,0.4326979768121473,15.790509940022856
301000000,Sidoarjo,2,1,1,"Garasi, Halaman, Listrik, Teras, Pemandangan panorama, Air, Tanpa perabotan","Keamanan, Area anak-anak, Rumah jaga, Keamanan 24 jam, Cctv, Taman, Akses bagi penyandang disabilitas",1,38,72,-7.412324,112.5378369,14.107773876552127,4.521358591772457,5.73924983349377,19.679890962921075,5.993697625331609,20.980962778580064,19.675099372211758,0.17646865657484465,4.247567860248099,5.531233316358311,28.396638008528203,4.535996651429462,33.71100679769462
563050000,Sidoarjo,2,1,1,"Garasi, AC, Kabel video, Tangki air, Listrik, Wifi, Internet, Pemandangan panorama, Halaman, Air, Tanpa perabotan","Keamanan, Area anak-anak, Rumah jaga, Keamanan 24 jam, Gym, Taman, Akses bagi penyandang disabilitas",1,38,72,-7.44977187,112.7015496,1.418867546113402,1.3473282165336105,1.6196508465489468,1.1611435311078238,1.125437344093236,1.7112317906415684,0.8042066902093296,2.8773550012846476,2.9627882173951483,3.9766351559257362,13.48333016014807,2.288506762128217,0.5015150382374634
884080000,Sukodono,3,2,2,"Garasi, Air, Halaman, Listrik","Kolam renang, Keamanan 24 jam, Area anak-anak",2,38,72,-7.3914287,112.6988252,0.5443829137967507,2.3367794256031975,5.736192913815068,6.735769304801149,2.7323869304975092,6.1017918275926,2.181219469958154,1.8503573589994893,5.118060089212458,6.280646136397002,9.747784742302331,5.118060089212458,20.4078121630898
830110000,Sidoarjo,3,2,1,"Garasi, Ruang layanan, Listrik, Balkon, Ruang kantor, Fully fenced","Kolam renang, Taman, Keamanan 24 jam, Area anak-anak, Rumah jaga",1,38,72,-7.4572774,112.7162018,0.06300076000123653,1.9342164450185513,1.1963880008424859,1.3665593254685942,0.9363014973650173,0.9353096860555103,2.1217694209655784,1.0748525614043478,1.2111548333843922,1.6984624993699993,12.8118621686022,1.2839968535935689,2.764290267923605
365000000,Tulangan,2,1,1,"Garasi, Tanpa perabotan",Rumah jaga,1,38,72,-7.45723754,112.6481723,5.140883848066794,5.353069941363806,3.1777580148461566,8.734424195980694,5.0440658319398315,7.781088610143747,5.411057492381529,2.614133639619402,1.1141507784550815,8.498949247370499,19.63636972440606,1.1141507784550815,18.116995522574108
720000000,Sidoarjo,3,1,0,"Garasi, Air, Tanpa perabotan, Tangki air, Listrik","Taman, Keamanan 24 jam",1,38,72,-7.468436,112.7295944,0.11499957127475197,0.9276058121838298,0.8420359975745374,2.3906215706754037,1.1872625288184193,3.561315856559569,1.3575159862238493,0.31949159060620413,2.9585605028190374,2.7269336351361333,13.716997092796259,3.031402523028214,5.339645002854114
2000000000,Sidoarjo,3,2,0,Sebagian perabotan,Tidak Ada,2,38,72,-7.45253847,112.7049707,1.5302438669711573,1.7206556429365438,1.0907575240134022,1.0178964517397842,0.6961528438058624,1.5726810643746605,0.38903251879344475,2.8546536518083374,2.1984637945392174,3.3081230798021872,13.642805446615167,1.4808441319404966,1.0858553201732564
630,Waru,2,1,0,Tanpa perabotan,Tidak Ada,1,38,72,-7.3595767,112.7610365,1.0555196187741842,0.9628722105180384,0.7270042306206175,4.088009800598775,1.0457901745116047,4.79640228252503,0.380668554007118,2.2491787963697774,4.627031999669339,4.374267385891672,3.1441078887743923,4.627031999669339,5.98593841742389
515000000,Wonoayu,2,1,1,"Garasi, Dapur terpadu, Halaman, Listrik, AC, Pemandangan panorama, Air, Sebagian perabotan","Keamanan, Gym, Taman, Keamanan 24 jam, Cctv, Area anak-anak, Rumah jaga",1,39,72,-7.43367054,112.5930468,8.317619146996128,3.6773948101847482,2.2430348141812697,14.36088611354049,2.132354994336544,13.39773262760018,11.776371060234583,3.249173695185508,3.330313709609985,2.90310158134347,24.9186519328561,3.150448534314926,31.424329455799917
1900000000,Sedati,3,3,2,"Garasi, Balkon, Ruang kantor, Listrik, Deck, Internet, Halaman, Air, Tanpa perabotan","Keamanan, Taman, Keamanan 24 jam, Kolam renang, Rumah jaga",2,39,72,-7.397797836,112.7721805125475,3.1493620510569174,6.474045466034026,2.1915763288876304,2.683748917065776,3.2329440065373647,7.746015730138501,6.220640886577119,3.7295228039221366,5.8483181523527055,3.3529177696391086,3.3529177696391086,5.8483181523527055,9.493626486973753
466000000,Waru,2,1,1,"AC, Dapur terpadu, Kabel video, Ruang kantor, Pemanasan, Pemandangan panorama, Halaman, Tanpa perabotan","Cctv, Angkat, Rumah jaga, Gym, Pustaka, Spa",1,40,72,-7.3503078,112.7674661,1.1043800195281273,1.2290062172207443,1.4454635210614053,3.972977345129623,0.373224262078175,5.970825656630798,4.2381937748698695,0.837264716423595,4.491888353118883,5.123691751677464,3.8935322545601827,4.47302920253724,5.266527027923425
412000000,Gedangan,2,1,1,"Internet, Pemanasan, Jacuzzi, Gas alam, Ruang kantor, Fully fenced, Dapur lengkap, Dapur terpadu, Pemandangan panorama, Perapian, Tanpa perabotan","Gym, Pustaka, Panggang, Angkat, Taman, Rumah jaga",1,40,72,-7.3896762,112.7279598,0.15876730662380215,1.7772577553113862,1.211822739958879,4.456698371394396,0.27487645045464526,2.688814549740123,0.9275869930203207,0.20877442287634204,0.08462472979404548,5.011209210286206,4.714349382883914,0.08462472979404548,
750000000,Sedati,2,1,1,"Garasi, Tanpa perabotan, Listrik",Keamanan 24 jam,1,40,72,-7.37335749,112.7590457,0.8266582600355108,3.274501713919483,3.0386337340220626,5.6236335886143545,1.1897549445851952,5.00815075981601,2.3098826603160303,0.04201123056250129,4.464772583589019,2.8772022604869174,0.9369403229671169,4.589027562550108,8.297567920825335
410000000,Gedangan,2,1,1,"Garasi, Halaman, Listrik, Teras, Wifi, Internet, Air, Tanpa perabotan, Fully fenced","Keamanan, Area anak-anak, Rumah jaga, Keamanan 24 jam, Cctv, Taman, Lapangan tenis",1,40,72,-7.3896762,112.7279598,0.15876730662380215,1.7772577553113862,1.211822739958879,4.456698371394396,0.27487645045464526,2.688814549740123,0.9275869930203207,0.20877442287634204,0.08462472979404548,5.011209210286206,4.714349382883914,0.08462472979404548,
955000000,Candi,3,3,3,"Garasi, AC, Pemandangan panorama, Tangki air, Air, Rubanah, Teras, Internet, Balkon, Halaman, Alarm, Listrik, Tanpa perabotan, Wifi","Keamanan, Gym, Area anak-anak, Panggang, Keamanan 24 jam, Cctv, Kolam renang, Taman, Rumah jaga",2,40,72,-7.4622498,112.6958457,3.261169405607827,3.2109827830134794,2.260083247160519,3.3405744321889,1.3754913190556262,4.03357298392891,1.7170503088939115,0.9009199717489937,3.531115126932028,3.090558661910867,15.965483427064285,3.885898556426229,15.935579650258495
1120000000,Candi,3,3,3,"Garasi, Pemandangan panorama, Tangki air, Air, Tanpa perabotan, Wifi, Internet, Halaman, Alarm, Listrik, Teras","Keamanan, Gym, Area anak-anak, Panggang, Lapangan tenis, Cctv, Kolam renang, Taman, Rumah jaga, Keamanan 24 jam",2,40,72,-7.4622498,112.6958457,3.261169405607827,3.2109827830134794,2.260083247160519,3.3405744321889,1.3754913190556262,4.03357298392891,1.7170503088939115,0.9009199717489937,3.531115126932028,3.090558661910867,15.965483427064285,3.885898556426229,15.935579650258495
800000000,Sedati,2,1,0,"Garasi, Ruang layanan, Listrik, Teras, Halaman, Air, Tanpa perabotan","Keamanan, Keamanan 24 jam, Taman",1,40,72,-7.3953232,112.8100897,1.045182820651055,9.3845435625824,6.540441470210546,3.2757660527200447,6.202499799096767,10.904045205868595,8.722664263738679,4.105525854843406,10.19718329367562,3.9522890110432813,4.052595868721687,10.363296853157308,8.914874035855537
457020000,Candi,2,1,1,"Garasi, Dapur terpadu, Kabel video, Ruang layanan, Lemari pakaian bawaan, Rubanah, Fully fenced, Internet, Jacuzzi, Halaman, Tangki air, Air, Teras, Wifi","Keamanan, Kolam renang, Pustaka, Lapangan tenis, Spa, Cctv, Sauna, Taman atap, Keamanan 24 jam",1,40,72,-7.46736755,112.702364,1.7425592989850236,2.27640515664852,1.2997852956469353,2.3429848666780484,1.9202836284896596,2.9882088247422347,2.2244938499808904,1.4083635128359724,2.337679630892802,1.5719485552880643,14.864761307288925,2.9256006049126455,2.6619603936104443
700560000,Sidoarjo,2,1,1,"Internet, Halaman, Ruang kantor, Listrik, Fully fenced, Kabel video, Tangki air, Air, Tanpa perabotan","Keamanan, Kolam renang, Taman, Keamanan 24 jam, Cctv, Area anak-anak, Rumah jaga",1,40,72,-7.4572774,112.7162018,0.06300076000123653,1.9342164450185513,1.1963880008424859,1.3665593254685942,0.9363014973650173,0.9353096860555103,2.1217694209655784,1.0748525614043478,1.2111548333843922,1.6984624993699993,12.8118621686022,1.2839968535935689,2.764290267923605
398000000,Waru,2,1,1,"Garasi, Halaman, Listrik, Teras, Wifi, Internet, Air, Tanpa perabotan, Fully fenced","Keamanan, Taman, Rumah jaga, Keamanan 24 jam, Area anak-anak, Panggang, Lapangan tenis",1,40,72,-7.3503078,112.7674661,1.1043800195281273,1.2290062172207443,1.4454635210614053,3.972977345129623,0.373224262078175,5.970825656630798,4.2381937748698695,0.837264716423595,4.491888353118883,5.123691751677464,3.8935322545601827,4.47302920253724,5.266527027923425
320000000,Wonoayu,2,1,1,"Garasi, AC, Kabel video, Tangki air, Listrik, Teras, Internet, Pemandangan panorama, Halaman, Air, Tanpa perabotan, Wifi","Keamanan, Area anak-anak, Rumah jaga, Keamanan 24 jam, Gym, Taman, Akses bagi penyandang disabilitas",1,42,72,-7.446138,112.6514882,3.7854739776183073,3.5780614086982103,2.194564527519025,7.529161139900217,4.6782349211854495,6.566007653959908,4.944646086594313,3.4666806119499323,2.316424651329201,7.973837334255214,18.280959853957583,2.316424651329201,19.319269395448217
683000000,Candi,2,1,1,"Garasi, Dapur terpadu, Halaman, Listrik, AC, Pemandangan panorama, Air, Sebagian perabotan","Keamanan, Gym, Taman, Keamanan 24 jam, Cctv, Area anak-anak, Rumah jaga",1,42,72,-7.46736755,112.702364,1.7425592989850236,2.27640515664852,1.2997852956469353,2.3429848666780484,1.9202836284896596,2.9882088247422347,2.2244938499808904,1.4083635128359724,2.337679630892802,1.5719485552880643,14.864761307288925,2.9256006049126455,2.6619603936104443
407000000,Waru,2,1,1,"Garasi, AC, Air, Tanpa perabotan, Fully fenced, Internet, Halaman, Listrik, Teras, Wifi","Keamanan, Panggang, Keamanan 24 jam, Area anak-anak, Lapangan tenis",1,43,72,-7.3503078,112.7674661,1.1043800195281273,1.2290062172207443,1.4454635210614053,3.972977345129623,0.373224262078175,5.970825656630798,4.2381937748698695,0.837264716423595,4.491888353118883,5.123691751677464,3.8935322545601827,4.47302920253724,5.266527027923425
382700000,Tanggulangin,2,1,1,"Garasi, Halaman, Air, Tanpa perabotan, Fully fenced, Internet, Ruang kantor, Listrik, Teras, Wifi","Keamanan, Kolam renang, Taman, Keamanan 24 jam, Cctv, Area anak-anak, Rumah jaga",1,45,72,-7.50246405,112.7091935,1.7573066699660456,2.6970354287052523,4.610180184293684,1.697485361240256,4.496927141978718,6.492677739123481,4.744941668808071,1.6546414878883162,0.5192105980143841,4.619599186680876,18.36923022167017,0.4326979768121473,15.790509940022856
720000000,Buduran,2,1,1,"Garasi, Tanpa perabotan, Halaman","Keamanan, Kolam renang, Taman, Keamanan 24 jam, Cctv, Area anak-anak, Rumah jaga",1,45,72,-7.41274316,112.7539302,1.8419569553587434,5.352535492957107,2.9528322085015946,4.891324534956074,3.9670942534698437,7.38320388901731,4.610354723271414,1.4876383808412201,5.531928824324925,6.280614247170348,5.510938886897561,5.531928824324925,23.606341079901178
480000000,Buduran,2,1,0,"Air, Tanpa perabotan, Listrik",Tidak Ada,1,46,72,-7.4219387,112.7532001,2.298749490245486,3.7557915960315182,4.222223788745274,4.335149731233092,4.85235831921068,6.82702908529433,5.49561878901225,2.372902446582056,6.4171928900657615,7.361131508205746,6.591456147932959,6.4171928900657615,9.280978840345103
450000000,Buduran,2,1,0,"Halaman, Listrik, Air, Tanpa perabotan",Tidak Ada,1,46,72,-7.4219387,112.7532001,2.298749490245486,3.7557915960315182,4.222223788745274,4.335149731233092,4.85235831921068,6.82702908529433,5.49561878901225,2.372902446582056,6.4171928900657615,7.361131508205746,6.591456147932959,6.4171928900657615,9.280978840345103
300000000,Sukodono,2,1,0,"Air, Listrik",Tidak Ada,1,48,72,-7.4212851,112.6712643,0.22502116592974186,1.795197822441949,1.1760876565727743,6.532934117614961,1.0070439368461686,5.569780631674654,4.077512011427706,1.9441409192681558,6.940686224832259,9.430745059648526,13.917815651973031,7.093260646620809,23.197033329429868
1900000000,Sidoarjo,3,3,0,"Garasi, Tanpa perabotan","Keamanan, Rumah jaga, Taman",2,50,72,-7.4501427,112.6950608,1.648815187999329,1.0380530127253471,1.9959409113241275,2.2622456722967557,1.598511231858486,1.2990921863564475,1.9053088313982616,2.8905426518870767,4.432475872463835,5.431185737071145,14.578398483242877,3.3896089033171477,18.27620672541877
310000000,Waru,2,1,1,"Garasi, Tanpa perabotan, Halaman",Rumah jaga,1,50,72,-7.3503078,112.7674661,1.1043800195281273,1.2290062172207443,1.4454635210614053,3.972977345129623,0.373224262078175,5.970825656630798,4.2381937748698695,0.837264716423595,4.491888353118883,5.123691751677464,3.8935322545601827,4.47302920253724,5.266527027923425
600000000,Sukodono,2,2,1,"Garasi, Tanpa perabotan, Ruang kantor",Tidak Ada,2,52,72,-7.4277073,112.6809479,1.0816946783936199,2.498047488424725,0.4230373789639646,4.7607474736356385,2.213627427050575,3.7975939876953304,3.4975233422614793,22.537003062977675,6.930977673802718,7.6585584156692015,13.337826982806805,5.8881107046560315,24.21851050549793
495000000,Sedati,2,1,1,"Garasi, Air, Ruang kantor, Berperabot lengkap",Tidak Ada,1,53,72,-7.3717381,112.7637334,1.055519877025291,2.530923798102005,2.379729331388422,5.851397800947302,0.9257784557090415,4.842332909048748,1.4579604227115026,0.3438129111791732,5.271921530692562,2.61675989183757,1.7440892700706567,5.39617650965365,7.514619112655263
382000000,Krian,2,1,1,"Air, Sebagian perabotan, Listrik","Keamanan, Keamanan 24 jam",1,54,72,-7.3970707,112.601646,4.333152265592348,3.7300306799605716,3.6014387151419998,12.062121377784631,3.7545232839128486,14.10620332171843,12.380515392861145,1.743892992537021,2.9332404597671693,2.9811944234678687,20.778868423391764,4.252953456664049,26.093237212558194
728000000,Gedangan,2,2,2,"Garasi, Pemandangan panorama, Air, Sebagian perabotan, Dapur terpadu, Halaman, Listrik","Keamanan, Area anak-anak, Rumah jaga, Cctv, Taman, Keamanan 24 jam",2,55,72,-7.396155,112.7047843,1.9097844016213974,1.1001963510475505,3.5444255731492826,5.5492745332571545,2.0764883187276926,5.42182590431889,0.9446363954025069,0.5843305974589584,2.856397346350187,6.898036834185541,7.486121999440056,2.856397346350187,20.21671946709453
395000000,Sidoarjo,2,1,1,Fully fenced,"Area anak-anak, Rumah jaga, Taman, Keamanan 24 jam",1,59,72,-7.4568788,112.7128512,0.30039101510387456,1.2038507550014836,2.4219603129835985,1.899610376646619,1.864550976088159,0.8968896140953578,2.0833493490054256,1.438244336509459,0.0,2.0618542744751105,12.77344209664205,0.0728420202091765,2.725870195963452
390000000,Sedati,2,1,1,"Garasi, AC, Pemanasan, Jacuzzi, Kabel video, Ruang layanan, Alarm, Gas alam, Ruang kantor, Listrik, Tanpa perabotan, Deck, Wifi, Internet, Dapur lengkap, Dapur terpadu, Pemandangan panorama, Halaman, Tangki air, Lemari pakaian bawaan, Perapian, Air, Rubanah, Teras, Fully fenced","Keamanan, Gym, Area anak-anak, Sauna, Taman, Taman atap, Rumah jaga, Lapangan tenis, Spa, Cctv, Kolam renang, Angkat, Pustaka, Pramutamu, Panggang, Akses bagi penyandang disabilitas, Keamanan 24 jam",1,59,72,-7.4109236,112.7719291,3.963774316874638,6.6090536175102015,2.815180462988224,4.094771927559948,4.492072267937892,8.98835108933331,6.281230233413075,4.018141844942165,7.090653511547513,5.033480553850517,5.033480553850517,7.090653511547513,10.854567174018428
310000000,Sukodono,2,1,1,"Dapur terpadu, Air, Tanpa perabotan, Halaman, Listrik, Teras","Keamanan, Rumah jaga, Taman, Keamanan 24 jam",1,59,72,-7.394061,112.6738809,0.841154992744694,2.8766357093749213,3.90864948765988,5.892745571598778,0.28135023959614064,8.302342462761755,3.9226349198224835,1.3540240655938636,6.782730801011997,8.261277349832222,11.88669519974322,6.612823097413383,19.898868344567852
300500000,Tulangan,2,1,1,"Garasi, Pemandangan panorama, Air, Tanpa perabotan, Dapur terpadu, Halaman, Listrik, Deck","Keamanan, Taman, Area anak-anak, Rumah jaga",1,59,72,-7.4812926,112.6468606,6.327984245615995,6.601769438025699,5.761219832828524,8.92402312188789,6.15910018676534,9.029788106805638,6.0785392123148805,3.862833136281295,1.9903369536853601,9.169755688912613,21.57939230812446,1.9903369536853601,16.16631737855306
400000000,Waru,2,1,1,"Air, Fully fenced, Tanpa perabotan","Area anak-anak, Keamanan 24 jam, Taman",1,60,72,-7.3588392,112.7583752,0.7055536448648411,0.6797170360609808,0.44384905616355974,3.793098972227371,0.7508793461402002,4.501491454153625,0.6701328611692223,2.4479435758797363,4.332121171297934,4.5730321654016315,3.3428726682843513,4.332121171297934,5.702783242966833
299000000,Sidoarjo,2,1,1,Tanpa perabotan,Keamanan 24 jam,1,60,72,-7.412324,112.5378369,14.107773876552127,4.521358591772457,5.73924983349377,19.679890962921075,5.993697625331609,20.980962778580064,19.675099372211758,0.17646865657484465,4.247567860248099,5.531233316358311,28.396638008528203,4.535996651429462,33.71100679769462
585000000,Wonoayu,2,1,1,"Garasi, Balkon, Kabel video, Ruang layanan, Perapian, Fully fenced, AC, Dapur lengkap, Halaman, Lemari pakaian bawaan, Tanpa perabotan, Wifi","Keamanan, Gym, Sauna, Pramutamu, Lapangan tenis, Cctv, Kolam renang, Taman, Taman atap, Keamanan 24 jam",1,60,72,-7.44424093,112.6472858,4.191119924174419,3.9837073552543223,2.6568645484275892,7.99146116080878,5.140534942094015,7.028307674868473,5.406946107502877,3.9289806328584964,2.7787246722377654,8.436137355163781,18.686605800513693,2.7787246722377654,27.789003517161838
1600000000,Waru,3,2,2,"Garasi, Listrik, Wifi, Air, Sebagian perabotan","Keamanan, Keamanan 24 jam",2,60,72,-7.36463451,112.7344449,1.9006857890982363,1.1142842497638707,1.095515621532609,2.7583198956061827,1.7495350382435129,1.191386235264283,1.2442711654322163,0.13555304599774917,2.6996205747429483,3.513780895810368,4.231406991839756,3.287112332442082,
3000000000,Buduran,5,4,4,Berperabot lengkap,Tidak Ada,2,60,72,-7.4379801,112.6999311,1.9283983498379038,1.170650432554353,0.37317052397342654,2.166385525150378,0.19157830496495332,3.0691142370409814,1.8094486842518835,23.135575117543823,4.336615725317457,5.2350193239795155,12.56953823628287,3.2937487561707703,24.749206399847413
860000000,Sedati,3,2,2,"Garasi, Air, Fully fenced, Balkon, Listrik",Tidak Ada,1,60,72,-7.3788331,112.8165095,2.5234250455986063,10.670855485232359,8.35181020984194,5.714877737180432,7.805624679619478,12.3117540431014,7.949635749839337,5.51323469207621,11.646750711429018,5.359997848276086,5.46030470595449,11.771005690390112,7.802120082713456
3800000000,Sidoarjo,0,4,0,Sebagian perabotan,Tidak Ada,1,60,72,-7.4497718,112.7015495,1.418867546113402,1.3473282165336105,1.6196508465489468,1.1611435311078238,1.125437344093236,1.7112317906415684,0.8042066902093296,2.8773550012846476,2.9627882173951483,3.9766351559257362,13.48333016014807,2.288506762128217,0.5015150382374634
460000000,Sidoarjo,3,2,0,Tanpa perabotan,Tidak Ada,1,60,72,-7.4497718,112.7015495,1.418867546113402,1.3473282165336105,1.6196508465489468,1.1611435311078238,1.125437344093236,1.7112317906415684,0.8042066902093296,2.8773550012846476,2.9627882173951483,3.9766351559257362,13.48333016014807,2.288506762128217,0.5015150382374634
950000000,Sidoarjo,4,2,0,"Internet, Wifi","Gym, Area anak-anak, Keamanan 24 jam, Kolam renang, Taman",2,68,72,-7.4578331,112.7278553,1.390739392173346,0.7332732192499389,0.8470960599931926,2.190805415100202,0.7713552055421273,2.5933904320053216,1.295063782536818,0.7523799919881262,2.318659849797474,2.5227085890016077,13.332655862362413,2.410060822626685,4.422371013873415
530000000,Krian,2,1,1,"Garasi, Listrik, Halaman, Tanpa perabotan","Keamanan, Area anak-anak, Keamanan 24 jam, Kolam renang, Rumah jaga",1,68,72,-7.40715473,112.5792635,6.70534183473389,0.8947226074918279,1.4350460227722523,14.434310946926175,1.689493814610091,15.701569369632896,14.811391915736694,0.704982356807658,1.091873798021796,1.130341705565369,23.151057992533303,1.25516521444673,28.46542678169973
375000000,Krian,2,1,1,"Garasi, AC, Pemandangan panorama, Halaman, Lemari pakaian bawaan, Air, Tanpa perabotan, Deck, Wifi, Internet, Dapur terpadu, Kabel video, Alarm, Ruang kantor, Listrik, Teras, Fully fenced","Keamanan, Gym, Area anak-anak, Taman, Rumah jaga, Lapangan tenis, Spa, Cctv, Kolam renang, Pustaka, Panggang, Akses bagi penyandang disabilitas, Keamanan 24 jam",1,70,72,-7.4035807,112.5985785,5.541533957827291,3.202466190198811,3.0738742253802402,13.270503070019576,3.226958794151089,13.44270902445857,13.023999907096908,2.0282705849483977,2.405675970005409,2.453629933706109,21.56767789340679,2.360254247554201,27.30161890479314
600000000,Wonoayu,3,2,0,"Pemandangan panorama, Tanpa perabotan, Halaman","Area anak-anak, Panggang, Taman, Rumah jaga",105,72,72,-7.44593044,112.6527213,3.9155663679383577,3.708153799018261,2.0589574504729167,7.393554062854109,4.542627844139341,6.430400576913802,4.809039009548205,3.370007036946999,2.4520317283753097,7.838230257209108,18.41105224427763,2.6046061501638604,19.454876472494323
585000000,Sukodono,2,1,1,"Listrik, Tanpa perabotan","Cctv, Keamanan 24 jam, Taman",1,72,72,-7.408064,112.6943559,1.389154200833594,2.53824308857895,3.0085170484463943,5.130514347478199,3.2397140275240415,5.936832631776462,1.4280240169929141,1.4975121703584269,6.007195848578388,9.492027830343732,10.63692050166826,6.007195848578388,22.549438473106225
400000000,Sukodono,2,1,1,"Garasi, Sebagian perabotan, Air",Keamanan,1,72,72,-7.394061,112.6738809,0.841154992744694,2.8766357093749213,3.90864948765988,5.892745571598778,0.28135023959614064,8.302342462761755,3.9226349198224835,1.3540240655938636,6.782730801011997,8.261277349832222,11.88669519974322,6.612823097413383,19.898868344567852
649200000,Buduran,4,2,2,"Internet, Listrik, Air, Tanpa perabotan",Keamanan 24 jam,2,72,72,-7.4213829,112.7047843,2.297790261640507,1.2882874546257796,2.5212197609999896,3.062229456497533,2.4976043233663114,3.4821605658985897,1.34214039703135,1.34214039703135,6.403989154319637,7.146905591910071,10.56046437388223,5.3427786843667056,23.09496200901464
825000000,Sidoarjo,3,2,0,Sebagian perabotan,Keamanan 24 jam,1,72,72,-7.4538538,112.7076869,1.2081830243959133,1.0944210178130327,1.5503503725399914,0.8403558844902215,0.9961827740330105,1.3163256865926811,1.024094856849028,2.228419026684825,2.5084092396743136,3.68055412507611,13.234857720838786,0.8546095068169854,1.6666157038070548
522000000,Taman,2,1,0,Sebagian perabotan,Keamanan 24 jam,1,72,72,-7.3730239,112.6471451,1.7690299141450387,5.8343079647872615,5.90582447470626,5.969804575072311,4.89877296335629,9.200186481263685,7.590876452196077,1.9872343563553299,3.953765688405014,8.363329415110242,14.686551620679431,3.953765688405014,
890000000,Gedangan,4,2,0,Tanpa perabotan,Keamanan 24 jam,1,72,72,-7.3885665,112.7323259,0.2930570178332332,1.3085948145245216,0.5520177995546861,5.005422535411109,0.8848933354724824,3.2988314347579597,0.9969872133247867,0.8187913078941792,0.5320641333813662,5.621226095304045,4.300310278984402,1.1257633886221257,
790000000,Gedangan,8,8,8,"Garasi, AC, Halaman, Air, Sebagian perabotan, Wifi, Internet, Kabel video, Tangki air, Listrik, Fully fenced","Keamanan, Area anak-anak, Cctv",2,72,72,-7.3931554,112.7137227,1.4276969169135105,2.2928997067764123,2.524200871509184,5.469010055982794,1.055518201606795,4.400855787197995,2.1373397511313685,0.9784252165304328,1.8354272292292886,6.0217469766106895,6.465151882319157,1.8354272292292886,20.257553549292663
390000000,Sukodono,3,1,1,"Garasi, Pemandangan panorama, Listrik, AC, Halaman, Tanpa perabotan","Keamanan, Area anak-anak, Keamanan 24 jam, Cctv, Rumah jaga",1,72,72,-7.41103853,112.6825491,0.5119439356505763,1.548498054687004,2.7703761783462117,7.784265117975314,2.231350711227371,7.145848710074042,2.6625590767308047,1.7697429518945127,7.241730908316279,10.806888504689258,11.87145556140615,7.241730908316279,21.91189008362017
375000000,Krian,2,1,1,"Garasi, Halaman, Tanpa perabotan, Pemandangan panorama, Listrik","Keamanan, Area anak-anak, Rumah jaga, Cctv, Taman, Keamanan 24 jam",1,72,72,-7.39687685,112.610094,3.6425349673282486,5.025978630897603,4.452832954149583,11.371504079520527,4.605917522920432,13.347520978166667,11.113891580933643,1.865573768723991,2.1008932568701346,3.8325886624754535,19.657569567243513,4.2672306927751125,25.40261991429409
600000000,Sukodono,2,2,2,"Garasi, Tanpa perabotan","Keamanan, Area anak-anak, Rumah jaga, Cctv, Taman, Keamanan 24 jam",1,72,72,-7.39147691,112.7014725,1.2702537909010205,1.5652041079418813,4.935173909168867,6.661495048168551,2.0239116356608884,5.347839219758877,1.4096441522968375,1.049338354353289,4.3170410845662595,5.699700545112991,8.94676573765613,4.3170410845662595,19.65474935382041
490000000,Sedati,2,1,1,"Garasi, Dapur terpadu, Kabel video, Ruang layanan, Alarm, Perapian, Listrik, Tanpa perabotan, Wifi, Internet, Pemandangan panorama, Halaman, Tangki air, Gas alam, Air, Rubanah, Fully fenced","Keamanan, Area anak-anak, Taman atap, Rumah jaga, Lapangan tenis, Cctv, Taman, Panggang, Akses bagi penyandang disabilitas, Keamanan 24 jam",1,72,72,-7.3987466,112.7999127,2.558477628454215,9.583472710108486,4.481444777028491,1.2167693595379905,5.522812454678226,10.035884178279364,8.51050933471798,5.6188206626465655,8.138186600493569,5.46558381884644,6.5884006788445575,8.138186600493569,10.428168843658696
540500000,Sidoarjo,2,1,1,"Garasi, AC, Dapur lengkap, Jacuzzi, Kabel video, Ruang layanan, Lemari pakaian bawaan, Perapian, Air, Rubanah, Teras, Fully fenced, Internet, Balkon, Dapur terpadu, Pemandangan panorama, Halaman, Alarm, Gas alam, Ruang kantor, Listrik, Sebagian perabotan, Deck, Wifi","Keamanan, Gym, Area anak-anak, Sauna, Taman, Taman atap, Rumah jaga, Keamanan 24 jam, Cctv, Kolam renang, Angkat, Pustaka, Pramutamu, Panggang, Lapangan tenis, Spa",1,72,72,-7.44977187,112.7015496,1.418867546113402,1.3473282165336105,1.6196508465489468,1.1611435311078238,1.125437344093236,1.7112317906415684,0.8042066902093296,2.8773550012846476,2.9627882173951483,3.9766351559257362,13.48333016014807,2.288506762128217,0.5015150382374634
485000000,Buduran,2,1,1,"Garasi, AC, Pemandangan panorama, Lemari pakaian bawaan, Air, Tanpa perabotan, Deck, Wifi, Internet, Dapur terpadu, Halaman, Ruang kantor, Listrik, Teras, Fully fenced","Keamanan, Gym, Taman, Rumah jaga, Keamanan 24 jam, Cctv, Area anak-anak, Panggang, Akses bagi penyandang disabilitas",1,72,72,-7.4281,112.7234,2.6172494312741876,1.152818819067475,0.41543704117724933,0.31716241994521527,2.280627294122947,2.145725660175757,1.5125358833340121,1.346695132794534,4.519422741755806,4.899592586035375,9.418912268361352,3.9362142058289287,22.863599870847732
1700000000,Waru,4,2,0,"Garasi, Dapur lengkap, Ruang layanan, Listrik, Teras, Internet, Halaman, Air, Tanpa perabotan, Wifi","Keamanan, Keamanan 24 jam",2,72,72,-7.3434451,112.7685874,1.3773391833947835,1.996591986447833,2.1701114603409626,3.593820910175113,1.4414149160324587,6.581760473425328,0.3849449750522403,1.6279901425770593,5.102823169913415,5.914417177830931,5.79397830578939,5.083964019331772,5.1011870397206005
349990000,Sidoarjo,3,1,0,"Internet, Tanpa perabotan, Air","Keamanan, Keamanan 24 jam",1,72,72,-7.4585763,112.7262956,1.3885123948534732,0.6494102010984331,0.7632330418416867,2.126379245789634,0.8750989831305629,2.5095274138538155,1.5901947063863962,0.7501529946682536,2.2347968316459683,2.4582824196910398,13.627786786211992,2.307638851855145,4.3385079957219075
750000000,Sukodono,2,2,2,"Dapur lengkap, Pemandangan panorama, Ruang layanan, Berperabot lengkap, Dapur terpadu, Halaman, Lemari pakaian bawaan, Teras","Keamanan, Keamanan 24 jam, Taman",2,72,72,-7.3953751,112.6854713,1.685880241496479,3.1631781264631287,3.891149365865287,6.680993381330739,1.7948724672710794,7.490106668553823,3.0076181708180854,2.5650499932223396,5.94445879007239,7.66896097735822,10.574183443162262,5.94445879007239,19.731262152226098
1750000000,Gedangan,4,4,0,"Garasi, AC, Halaman, Air, Berperabot lengkap, Wifi, Internet, Dapur lengkap, Ruang layanan, Listrik, Teras","Keamanan, Keamanan 24 jam, Taman",2,72,72,-7.3850773,112.7531193,3.756297836872,4.734462300631968,4.637760404257,7.095896479643405,3.531183998203501,4.783809201146815,4.751458154994046,2.3268911916550423,4.108734986950645,3.861258570533674,1.6428021535703006,4.2329899659117345,7.129469985952788
750000000,Gedangan,2,1,0,"Garasi, AC, Halaman, Air, Sebagian perabotan, Wifi, Internet, Dapur lengkap, Ruang layanan, Listrik, Teras","Keamanan, Keamanan 24 jam, Taman",1,72,72,-7.3850773,112.7531193,3.756297836872,4.734462300631968,4.637760404257,7.095896479643405,3.531183998203501,4.783809201146815,4.751458154994046,2.3268911916550423,4.108734986950645,3.861258570533674,1.6428021535703006,4.2329899659117345,7.129469985952788
1930000000,Candi,3,3,3,"Garasi, Balkon, Air, Teras, Internet, Halaman, Tanpa perabotan, Fully fenced","Keamanan, Taman, Kolam renang, Keamanan 24 jam",2,72,72,-7.4584834,112.70056,2.267426345978553,2.457838121943939,0.674587745718798,1.7550789307471801,1.545929897629453,3.2078148488729408,1.4268298772988284,1.4848118795898928,1.9456196254903078,2.891953301507584,14.379987925622565,2.3004030549845083,2.036762843682307
750000000,Gedangan,2,1,0,"Garasi, Dapur terpadu, Air, Tanpa perabotan, AC, Tangki air, Listrik, Teras",Rumah jaga,1,72,72,-7.386163,112.7499239,4.235466689212127,5.213631152972092,5.1169292565971265,7.856947896280505,4.0103528505436286,5.262978053486942,5.230627007334171,2.8060600439951697,4.587903839290769,4.3404274228738,2.121971005910427,4.712158818251859,7.608638838292912
499000000,Taman,3,1,1,"Air, Tanpa perabotan, Listrik, Fully fenced","Rumah jaga, Keamanan 24 jam",1,72,72,-7.3659469,112.7076701,0.6491156649058873,1.5597624638158047,3.134360362251242,4.07788484339589,1.0713259522234104,3.044848559405647,2.364411002655284,1.1467698356500156,3.775038389041011,2.5513692389475224,6.90867545925437,3.473044978084858,23.143567095730436
915000000,Waru,3,2,2,"Balkon, Listrik, Deck, Air, Sebagian perabotan, Wifi","Rumah jaga, Keamanan 24 jam",2,72,72,-7.3668722,112.7359958,2.2388861731448415,1.4524846338104762,0.9680471634053442,3.0485326325005433,2.0877354222901188,1.5295866193108885,1.5824715494788217,0.4737534300443545,3.0378209587895535,3.8519812798569735,3.888991150276952,3.5773250693364425,
100000000,Sidoarjo,3,1,0,"Air, Tanpa perabotan, Listrik",Tidak Ada,1,72,72,-7.4355986,112.6612219,3.065004519363648,2.857591950443551,3.072338367929072,6.425320683862421,3.87147368898663,5.462167197922113,5.689375767245771,4.344455870193547,4.785679404796586,8.718567014906673,16.72394047650005,4.938253826585136,26.061463081570327
330000000,Prambon,4,1,0,"Air, Tanpa perabotan, Listrik, Teras",Tidak Ada,1,72,72,-7.4607526,112.5826176,4.570282990621207,7.3542710926047,6.838073562898936,16.606617969359128,6.727393743054211,15.64346448341882,13.824792195395649,7.588198318662356,5.535424540521842,7.493317199006674,27.164383788674737,5.235077032480658,23.489733809408406
256000000,Jabon,4,1,0,"Air, Tanpa perabotan, Listrik, Teras",Tidak Ada,2,72,72,-7.5491177,112.7201178,9.027099465091059,7.713867062374433,12.462297963977065,3.588869366792659,3.5154778645982208,13.762470534248502,4.029178667368008,3.5124617153873388,3.5693558734737394,11.889391981805893,24.5493722939155,3.5693558734737394,
365000000,Jabon,3,1,0,"Air, Teras, Listrik",Tidak Ada,1,72,72,-7.572655,112.7680968,17.27313938282509,15.25793242213713,20.00636332373977,11.132934726555359,11.059543224360919,21.306535894011194,11.573244027130706,11.056527075150038,11.113421233236437,19.433457341568587,33.150104503128944,11.113421233236437,
2600000000,Waru,3,3,0,Berperabot lengkap,Tidak Ada,2,72,72,-7.3432711,112.7683327,1.3773391833947835,1.996591986447833,2.1701114603409626,3.593820910175113,1.4414149160324587,6.581760473425328,0.3849449750522403,1.6279901425770593,5.102823169913415,5.914417177830931,5.79397830578939,5.083964019331772,5.1011870397206005
1500000000,Gedangan,5,2,0,"Garasi, Dapur lengkap, AC, Sebagian perabotan",Tidak Ada,1,72,72,-7.3885665,112.7323259,0.2930570178332332,1.3085948145245216,0.5520177995546861,5.005422535411109,0.8848933354724824,3.2988314347579597,0.9969872133247867,0.8187913078941792,0.5320641333813662,5.621226095304045,4.300310278984402,1.1257633886221257,
250000000,Wonoayu,2,1,1,"Garasi, Tanpa perabotan, Air",Tidak Ada,1,72,72,-7.446138,112.6514882,3.7854739776183073,3.5780614086982103,2.194564527519025,7.529161139900217,4.6782349211854495,6.566007653959908,4.944646086594313,3.4666806119499323,2.316424651329201,7.973837334255214,18.280959853957583,2.316424651329201,19.319269395448217
550000000,Sidoarjo,2,2,0,Tanpa perabotan,Tidak Ada,1,72,72,-7.4497718,112.7015495,1.418867546113402,1.3473282165336105,1.6196508465489468,1.1611435311078238,1.125437344093236,1.7112317906415684,0.8042066902093296,2.8773550012846476,2.9627882173951483,3.9766351559257362,13.48333016014807,2.288506762128217,0.5015150382374634
1200000000,Waru,2,3,0,Tanpa perabotan,Tidak Ada,1,72,72,-7.3517813,112.7846068,3.65569846610592,4.153966852324592,4.333047013762388,2.145324081631715,1.3379443850875703,8.962938974598273,1.4819554553074294,0.33382813873705136,7.489622163679425,5.530774530778097,4.345481477245988,7.470763013097782,1.145830679228416
250000000,Candi,2,1,1,Tanpa perabotan,Tidak Ada,2,72,72,-7.48588066,112.747696,2.3516400123049204,4.738518630809911,4.902378195766419,5.702232586435421,4.0755114399035435,7.483506580937227,4.521555060686097,2.413212293073899,6.388013769876348,5.610428028494622,16.8810361672585,6.301501148674111,16.22228017242378
1250000000,Sidoarjo,2,1,0,"Garasi, Tanpa perabotan, Internet",Keamanan,1,85,72,-7.4464,112.6933,1.1998401051928325,0.47786535550964965,1.3979991228111683,2.059582504941752,1.395848064503482,1.0964290190014436,1.702645664043258,2.2656664582385844,4.191349191034898,4.806309543422655,14.375735315887873,3.186945735962144,17.651330531770277
450000000,Sidoarjo,2,1,0,"Garasi, Balkon, Air, Tanpa perabotan, Deck, Wifi, Internet, Gas alam, Listrik, Teras, Fully fenced","Keamanan, Lapangan tenis, Rumah jaga, Keamanan 24 jam",1,85,72,-7.44011612,112.7010083,1.6084596568910952,0.8249105496332381,0.6023120080364456,1.8206456422292632,0.7502120581039191,2.666547782340762,1.4637088013307689,23.963534393727834,3.9908758423963424,4.991149442741,12.627096841529978,2.948008873249656,25.57716567603142
365000000,Sedati,2,1,0,"Halaman, Listrik, Air, Tanpa perabotan",Tidak Ada,1,85,72,-7.40573552,112.7613933,2.5065411140907705,5.029552198919072,1.2356790443970957,4.461970855121569,2.912570849346763,7.408849670742178,4.701728814821947,2.9293841300495416,5.511152092956382,4.563461083065851,3.7937857227930625,5.511152092956382,12.058738844974425
500000000,Waru,4,1,0,Tanpa perabotan,Tidak Ada,1,85,72,-7.3584727,112.7566227,0.4752494493155145,0.8450243471675278,0.6091563672701069,3.5627947766780457,0.5205751505908736,4.330346006538633,0.9009410904067849,2.6670345020651247,4.1018169757486085,4.792123091587021,3.5619635944697396,4.1018169757486085,5.588906776459134
625000000,Sukodono,3,1,0,Tanpa perabotan,Tidak Ada,1,85,72,-7.3831573,112.6883969,2.579776205804597,4.057074090771247,4.620388041736567,4.9220898926977235,2.978413499469228,6.193628432616464,1.313537975032555,2.0212391018570783,5.261459183194317,6.040794037424272,10.057455332465192,5.0915514795957035,21.874830858461536
590000000,Sidoarjo,2,2,2,Tanpa perabotan,Tidak Ada,2,85,72,-7.4245342,112.6815738,1.167869367509814,1.4811772924484414,0.2168028768667815,5.175205871654629,1.83433131651081,4.212052385714322,3.118227231721714,22.15770695243791,7.345436071821709,8.073016813688191,12.95853087226704,6.302569102675023,23.839214394958166
850000000,Sidoarjo,2,1,0,"Garasi, Tanpa perabotan, Listrik",Tidak Ada,1,90,72,-7.4295139,112.6905109,1.977426539164207,0.5278655298143117,2.0287548833536198,4.033600453050945,3.277853796659409,3.070446967110637,5.420735796619646,25.376179227192146,6.203830653218024,7.20410425356268,15.261039437164971,5.160963684071337,26.989810509495737
1190000000,Gedangan,4,3,0,Sebagian perabotan,Keamanan 24 jam,2,110,72,-7.3885665,112.7323259,0.2930570178332332,1.3085948145245216,0.5520177995546861,5.005422535411109,0.8848933354724824,3.2988314347579597,0.9969872133247867,0.8187913078941792,0.5320641333813662,5.621226095304045,4.300310278984402,1.1257633886221257,
675000000,Candi,3,3,3,"Internet, Halaman, Air, Tanpa perabotan, Deck, Balkon, Tangki air, Listrik, Teras","Keamanan, Taman, Area anak-anak, Keamanan 24 jam",2,110,72,-7.458909,112.699393,2.527793492151256,2.7182052681166424,0.9349548918915018,2.015446076919883,1.8062970438021568,3.1659561133115135,1.687197023471532,1.4429531440284655,2.205986771663012,2.8711066646809624,14.640355071795268,2.560770201157212,2.2971299898550113
375000000,Krian,2,1,0,Tanpa perabotan,Tidak Ada,1,110,72,-7.40299,112.5873906,5.68090260756706,1.9083638113319348,1.678408623446373,13.409871719759343,1.9328564152842116,14.677130142466066,13.78695268856986,0.7341682060815213,1.1115735911385332,1.1595275548392323,22.126618765366466,1.0661518686873248,27.440987554532907
1290000000,Gedangan,3,3,0,Sebagian perabotan,Keamanan 24 jam,2,117,72,-7.3885665,112.7323259,0.2930570178332332,1.3085948145245216,0.5520177995546861,5.005422535411109,0.8848933354724824,3.2988314347579597,0.9969872133247867,0.8187913078941792,0.5320641333813662,5.621226095304045,4.300310278984402,1.1257633886221257,
600000000,Buduran,2,1,1,"Air, Sebagian perabotan, Listrik, Fully fenced","Keamanan, Keamanan 24 jam",1,36,73,-7.4220375,112.751077,2.018592748677275,3.4267801173517043,3.8932123100654605,4.006138252553279,4.568074377959044,6.498017606614517,5.211334847760615,2.0886185053304196,6.132908948814125,7.0768475669541075,6.307172206681321,6.132908948814125,8.951967361665295
2700000000,Waru,4,2,2,"Internet, Tangki air, Listrik, Dapur lengkap, Air, Sebagian perabotan","Keamanan, Keamanan 24 jam",1,36,73,-7.3525313,112.715721,1.6873976988881823,1.8985527494863381,2.0615354096340606,3.74598898425244,3.618243013336567,0.921637583976771,2.8562977029432646,0.3897960992812262,1.859962119057337,0.08478051782332716,6.728918468973438,2.1905436537754728,25.439230416756732
245000000,Sukodono,2,1,1,"Garasi, Tanpa perabotan, Kabel video",Tidak Ada,1,36,73,-7.4060912,112.6822027,0.3136827086549792,1.2211055934329562,2.4429837170921638,6.4089460370371425,1.9039582499733232,6.818456248819995,3.6611148224928485,1.1567630293716749,7.243043188308083,8.967545375593913,11.872767841397954,7.243043188308083,21.464250794654415
600000000,Buduran,2,1,0,Tanpa perabotan,Tidak Ada,1,36,73,-7.436595,112.694927,2.3052826352181146,1.0910807981993018,3.925477366037864,3.5038469898966853,4.093047567275763,2.540693503956377,3.146910148998192,25.70403532324605,5.674077190063765,6.67435079040842,15.58889553321888,4.631210220917077,27.31766660554964
590000000,Buduran,2,1,0,Tanpa perabotan,Tidak Ada,1,36,73,-7.4092906,112.760245,2.7061637879282956,5.351443088563859,1.5575699340418827,4.783861744766357,3.2344617389915493,7.730740560386964,5.023619704466735,2.5061214617311087,5.833042982601169,4.885351972710638,4.115676612437849,5.833042982601169,12.38062973461921
1050000000,Gedangan,4,3,0,Tanpa perabotan,Tidak Ada,2,36,73,-7.3948237,112.7311082,1.1249079965370918,0.8023908851075188,0.7514140683626783,4.156926144250334,1.4994056854227806,3.6844045139537047,0.14172317143940036,1.1045653967880642,1.1189759559849985,6.00679917449979,5.21772034324461,1.1189759559849985,
1300000000,Balongbendo,6,2,0,Tanpa perabotan,"Keamanan, Taman",1,54,73,-7.4217,112.5322,13.817733754985147,5.633311883721431,6.851203125442745,20.825657647822325,7.105650917280584,21.494939892249818,19.873578324884207,1.7874400151432508,3.8789929303946247,6.643186608307286,29.542404693429454,3.8741381917402107,34.85677348259587
1410000000,Gedangan,3,2,2,"Air, Tanpa perabotan, Listrik",Keamanan 24 jam,2,73,73,-7.3784822,112.7365884,2.876395829658496,3.2795076555830542,2.501210181565545,4.679555201036755,3.0999751753005222,2.1965551355288593,2.4264666563896684,3.033873147722219,2.747145973209406,4.518949796074944,2.2064783470767146,2.6402900407025025,
1380000000,Gedangan,3,3,3,"Internet, Air, Tanpa perabotan, Halaman, Listrik","Keamanan, Keamanan 24 jam",1,73,73,-7.3885636,112.732315,0.2930570178332332,1.3085948145245216,0.5520177995546861,5.005422535411109,0.8848933354724824,3.2988314347579597,0.9969872133247867,0.8187913078941792,0.5320641333813662,5.621226095304045,4.300310278984402,1.1257633886221257,
200000000,Candi,2,2,2,"Internet, Listrik, Air, Tanpa perabotan",Tidak Ada,1,73,73,-7.4867001,112.7107433,1.6349010026723119,2.373990568968064,2.7241284502458885,2.4339542152697407,2.6108754079309224,4.606626005075686,5.042324489416407,1.7170317883160184,2.896736352815522,2.733547452633081,16.483178487622382,2.810223731613285,13.016179138221954
200000000,Krian,2,1,1,"Internet, Air, Tanpa perabotan, Halaman, Listrik","Keamanan, Taman, Area anak-anak, Keamanan 24 jam",1,100,73,-7.4204349,112.5888673,8.74203052715643,2.381211621597366,1.2834409620150533,16.60999355845149,0.8361718057491617,15.64684007251118,14.025478505145585,1.9529905065981257,2.0341305210226026,1.606918392756088,24.813777478046116,1.8542653457275433,30.12814626721255
1850000000,Sedati,3,3,0,Tanpa perabotan,Tidak Ada,2,100,73,-7.367143,112.773136,3.01692681607586,3.344360620952581,3.2855276643146425,5.03902826552628,2.9846060520745237,6.518159851736962,2.374498743188091,2.4026405075446555,7.17923562375049,4.6755874882030515,4.6755874882030515,7.17923562375049,5.772228222372746
490000000,Taman,3,2,2,"Internet, Listrik, Air, Tanpa perabotan",Keamanan 24 jam,1,74,74,-7.3672397,112.7019466,0.9518799761565196,2.445240081774674,2.6515513577488456,3.3903662191652977,1.7077788621204855,3.4763845694283644,1.4453841342594287,1.6730705170237425,3.292229384538614,3.2756623576503823,7.545128369151448,3.36552637015475,23.534872963389546
450000000,Sedati,2,1,0,"Air, Tanpa perabotan, Listrik",Keamanan,1,36,75,-7.4057354,112.7613933,2.5065411140907705,5.029552198919072,1.2356790443970957,4.461970855121569,2.912570849346763,7.408849670742178,4.701728814821947,2.9293841300495416,5.511152092956382,4.563461083065851,3.7937857227930625,5.511152092956382,12.058738844974425
550000000,Sukodono,2,1,0,"Air, Tanpa perabotan, Listrik",Keamanan,1,36,75,-7.4254371,112.6815302,1.2491533358542188,1.5624612607928463,0.2980868452111864,5.058759615831,1.9156152848552148,4.09560612989069,3.199511200066119,22.23899092078231,7.228989815998078,7.956570557864562,13.039814840611445,6.186122846851393,23.92049836330257
700000000,Sukodono,2,2,0,"Garasi, Air, Sebagian perabotan, AC, Listrik","Keamanan, Keamanan 24 jam",2,36,75,-7.3949365,112.6771915,1.3787604167178156,3.414241133348042,4.446254911633,6.4303509955719,0.818955663569262,8.839947886734874,3.782524503425922,1.891629489566985,6.719365122680228,8.443867309966057,11.349089775770098,6.719365122680228,20.43647376854097
2100000000,Buduran,7,4,0,"Garasi, Air, Tanpa perabotan, Fully fenced, Halaman, Listrik, Teras","Keamanan, Keamanan 24 jam",2,36,75,-7.4355145,112.6987914,5.186765173836613,4.83707162830146,0.9427302597357755,2.735945260912727,0.7611380407273022,3.63867397280333,2.3790084200142334,23.705134853306173,4.906175461079807,5.804579059741861,13.139097972045214,3.863308491933119,25.31876613560976
599900000,Waru,3,1,0,Tanpa perabotan,Tidak Ada,1,36,75,-7.3603867,112.74025,2.7881848452911253,2.345092731935752,2.8039593528782594,3.233092452246797,3.4863818545777328,2.9282330515985024,2.6501353092509903,1.9091210055961438,3.761884889082696,5.238193156761016,3.948341091688041,3.761884889082696,
1600000000,Waru,8,3,0,Tanpa perabotan,Tidak Ada,2,36,75,-7.365102,112.7196817,0.5491252006724288,0.365902993481487,2.4763140130598025,3.97119082459861,2.4413989124259285,1.7430590424907904,1.5556203397180142,0.952478236308617,2.5880627916185985,2.03389041693323,5.606885942339516,4.3280487115211015,24.43595055382732
451000000,Buduran,2,1,1,"AC, Dapur lengkap, Ruang layanan, Alarm, Perapian, Listrik, Tanpa perabotan, Deck, Balkon, Kabel video, Tangki air, Lemari pakaian bawaan, Air, Rubanah, Teras, Wifi","Gym, Area anak-anak, Taman, Akses bagi penyandang disabilitas, Keamanan 24 jam, Kolam renang, Sauna, Pramutamu, Lapangan tenis, Spa",1,40,75,-7.425129,112.7230909,1.9103003698000902,1.3979537096236054,1.1061051005356428,1.0526762945523878,2.292918065434631,2.740648466165926,2.107458689324181,1.941617938784703,5.114345547745976,5.4945153920255425,8.711963206887251,4.531137011819095,22.156650809373637
400000000,Sedati,2,1,1,"Garasi, AC, Air, Tanpa perabotan, Fully fenced, Internet, Halaman, Listrik, Teras","Keamanan, Area anak-anak, Panggang, Lapangan tenis, Cctv, Taman, Rumah jaga, Keamanan 24 jam",1,40,75,-7.3717382,112.7637336,1.055519877025291,2.530923798102005,2.379729331388422,5.851397800947302,0.9257784557090415,4.842332909048748,1.4579604227115026,0.3438129111791732,5.271921530692562,2.61675989183757,1.7440892700706567,5.39617650965365,7.514619112655263
850000000,Taman,3,1,0,"Garasi, Dapur lengkap, Ruang layanan, Listrik, Wifi, Internet, Halaman, Air, Tanpa perabotan","Keamanan, Keamanan 24 jam, Taman",2,40,75,-7.374592,112.6395609,1.190093852345368,5.96179749920647,6.710333353801794,6.774313454167846,5.944511024317173,10.004695360359218,8.39538533129161,1.006884371467139,2.9734157035168227,7.866903415736353,15.491060499774964,2.9734157035168227,
471050000,Krian,2,1,1,"Pemandangan panorama, Halaman, Tangki air, Air, Teras, Kabel video, Ruang layanan, Ruang kantor, Tanpa perabotan, Wifi","Keamanan, Sauna, Lapangan tenis, Spa, Kolam renang, Taman atap, Keamanan 24 jam",1,40,75,-7.40299,112.5873906,5.68090260756706,1.9083638113319348,1.678408623446373,13.409871719759343,1.9328564152842116,14.677130142466066,13.78695268856986,0.7341682060815213,1.1115735911385332,1.1595275548392323,22.126618765366466,1.0661518686873248,27.440987554532907
1100000000,Waru,2,1,0,"Air, Tanpa perabotan, Listrik",Keamanan 24 jam,1,43,75,-7.3546904,112.7872976,4.218107970832714,3.5587053542857845,3.7377855157235804,2.707733586358509,1.9003538898143644,8.36767747655947,2.0443649600342235,0.26143335930175593,7.011233868248892,4.935513032739289,4.907890981972782,6.99237471766725,2.1321177921070626
315000000,Sidoarjo,2,1,1,"Garasi, Halaman, Teras, Pemandangan panorama, Tanpa perabotan","Keamanan, Area anak-anak, Keamanan 24 jam, Kolam renang, Rumah jaga",1,43,75,-7.4283263,112.5036493,15.56396634376032,9.831131806275806,11.015213491715064,24.98966417742441,6.611942368026896,25.023101503486277,23.401739936120666,3.008475539182018,5.3804531600062955,10.841006530861659,33.70641122303152,5.3804531600062955,39.02078001219795
564000000,Krembung,2,1,1,"Internet, Pemandangan panorama, Halaman, Air, Tanpa perabotan, Wifi, AC, Kabel video, Tangki air, Listrik, Teras","Keamanan, Gym, Taman, Akses bagi penyandang disabilitas, Cctv, Area anak-anak, Rumah jaga, Keamanan 24 jam",1,43,75,-7.50875445,112.6226665,4.047952020812177,10.390887302083632,11.026313884483448,10.243300529016283,8.071318606008576,14.294882158460563,9.489830731736859,9.12792718793622,7.255431005340285,14.434849740567536,26.84448635977937,7.255431005340285,21.431411430207987
564000000,Jabon,2,1,1,"Internet, Pemandangan panorama, Halaman, Air, Tanpa perabotan, Wifi, AC, Kabel video, Tangki air, Listrik, Teras","Keamanan, Gym, Taman, Rumah jaga, Keamanan 24 jam, Cctv, Area anak-anak, Panggang, Akses bagi penyandang disabilitas",1,43,75,-7.5480009,112.7312447,10.482708429352666,9.169476026636039,13.917906928238672,5.044478331054264,4.971086828859826,15.21807949851011,5.484787631629614,4.968070679648944,5.024964837735347,13.345000946067502,26.004981258177104,5.024964837735347,
1200000000,Candi,4,3,3,"Garasi, Tanpa perabotan, Balkon","Area anak-anak, Rumah jaga, Taman, Keamanan 24 jam",2,45,75,-7.46968659,112.6940749,4.435307052517522,3.385868643497274,2.2751240566429023,3.452448353526804,1.9602909187231254,4.575999675913692,2.301849908561411,1.485719571416493,3.413504344092001,2.681412042136819,15.940586020488128,3.9009393659086125,15.526433030484446
561100000,Buduran,1,1,1,"Garasi, Dapur lengkap, Halaman, Listrik, Fully fenced, Internet, Kabel video, Ruang kantor, Tanpa perabotan, Wifi","Keamanan, Kolam renang, Taman, Keamanan 24 jam, Cctv, Area anak-anak, Rumah jaga",1,45,75,-7.425129,112.7230909,1.9103003698000902,1.3979537096236054,1.1061051005356428,1.0526762945523878,2.292918065434631,2.740648466165926,2.107458689324181,1.941617938784703,5.114345547745976,5.4945153920255425,8.711963206887251,4.531137011819095,22.156650809373637
382000000,Waru,2,1,1,"Garasi, Kabel video, Ruang kantor, Tanpa perabotan, Fully fenced, Internet, Halaman, Listrik, Teras, Wifi","Keamanan, Kolam renang, Taman, Keamanan 24 jam, Cctv, Area anak-anak, Rumah jaga",1,45,75,-7.3503078,112.7674661,1.1043800195281273,1.2290062172207443,1.4454635210614053,3.972977345129623,0.373224262078175,5.970825656630798,4.2381937748698695,0.837264716423595,4.491888353118883,5.123691751677464,3.8935322545601827,4.47302920253724,5.266527027923425
382250000,Krembung,2,1,1,"Garasi, Dapur terpadu, Halaman, Air, Tanpa perabotan, Fully fenced, Internet, Kabel video, Ruang kantor, Listrik, Teras, Wifi","Keamanan, Kolam renang, Taman, Lapangan tenis, Cctv, Area anak-anak, Rumah jaga",1,45,75,-7.50875445,112.6226665,4.047952020812177,10.390887302083632,11.026313884483448,10.243300529016283,8.071318606008576,14.294882158460563,9.489830731736859,9.12792718793622,7.255431005340285,14.434849740567536,26.84448635977937,7.255431005340285,21.431411430207987
382350000,Porong,2,1,1,"Garasi, Dapur lengkap, Kabel video, Ruang kantor, Listrik, Teras, Wifi, Internet, Pemandangan panorama, Halaman, Air, Tanpa perabotan, Fully fenced","Keamanan, Kolam renang, Taman, Lapangan tenis, Cctv, Area anak-anak, Rumah jaga, Keamanan 24 jam",1,45,75,-7.5402368,112.69314,6.558201123842492,4.349073216121524,9.41107463817013,0.8957170240667418,0.9162561504355617,11.293572192999934,0.514138071615595,0.6162631083201825,1.226677013254889,9.420493640557325,23.17012467554663,1.226677013254889,
300000000,Krian,2,1,0,"Garasi, Tanpa perabotan, Listrik","Keamanan, Area anak-anak, Rumah jaga, Cctv, Taman, Keamanan 24 jam",1,50,75,-7.4035807,112.5985785,5.541533957827291,3.202466190198811,3.0738742253802402,13.270503070019576,3.226958794151089,13.44270902445857,13.023999907096908,2.0282705849483977,2.405675970005409,2.453629933706109,21.56767789340679,2.360254247554201,27.30161890479314
982000000,Taman,2,1,1,"Garasi, Halaman, Tanpa perabotan, Fully fenced, AC, Tangki air, Teras","Keamanan, Rumah jaga, Cctv, Keamanan 24 jam",1,50,75,-7.35563868,112.6926661,4.830898625560275,2.0863912493402395,1.7771602133473652,1.9657470806747024,1.495157803692804,3.7299322791768503,4.328471850071856,1.9055634153787608,1.819766727360267,2.8930752130234074,9.53721316417352,1.6498590237616535,
3200000000,Sidoarjo,3,3,1,"Dapur lengkap, Fully fenced, Lemari pakaian bawaan, Wifi","Gym, Rumah jaga, Taman, Keamanan 24 jam",1,55,75,-7.44977187,112.7015496,1.418867546113402,1.3473282165336105,1.6196508465489468,1.1611435311078238,1.125437344093236,1.7112317906415684,0.8042066902093296,2.8773550012846476,2.9627882173951483,3.9766351559257362,13.48333016014807,2.288506762128217,0.5015150382374634
150000000,Tulangan,2,1,1,"Air, Tanpa perabotan, Listrik",Tidak Ada,1,60,75,-7.4618085,112.6571111,5.18494520108681,4.468626007444203,3.6280764022470295,7.849980262061088,4.15962189802023,6.8966446762241445,4.585314065789997,1.729689705699799,2.9166486853949376,7.614505313450899,19.44624887754296,3.0692231071834883,17.99900495892379
450000000,Sidoarjo,3,1,0,Tanpa perabotan,Tidak Ada,1,60,75,-7.4497718,112.7015495,1.418867546113402,1.3473282165336105,1.6196508465489468,1.1611435311078238,1.125437344093236,1.7112317906415684,0.8042066902093296,2.8773550012846476,2.9627882173951483,3.9766351559257362,13.48333016014807,2.288506762128217,0.5015150382374634
460000000,Prambon,2,1,1,"Air, Tanpa perabotan, Listrik",Tidak Ada,1,62,75,-7.449034,112.569756,7.138616351746411,4.7868697704132535,4.540622793802183,17.86388383199561,4.4604315955088305,16.90073034605531,15.195540316095775,5.020796996470911,3.0567349257699266,4.925915876815228,27.881583967918903,2.718587471276285,25.14395450908533
564000000,Sukodono,2,1,1,"Garasi, AC, Dapur terpadu, Kabel video, Ruang layanan, Lemari pakaian bawaan, Air, Rubanah, Fully fenced, Internet, Pemanasan, Pemandangan panorama, Halaman, Tangki air, Ruang kantor, Listrik, Teras, Wifi","Keamanan, Gym, Area anak-anak, Pustaka, Taman atap, Rumah jaga, Lapangan tenis, Spa, Cctv, Kolam renang, Sauna, Taman, Panggang, Akses bagi penyandang disabilitas, Keamanan 24 jam",1,70,75,-7.41033202,112.6942191,1.1511382150920009,2.300227102837356,2.7705010627048012,4.892498361736606,3.0016980417824475,6.520845839793763,1.190008031251321,1.2594961846168335,5.769179862836793,9.334337459209769,10.398904515926667,5.769179862836793,22.31142248736463
969000000,Candi,3,2,0,"Garasi, Dapur terpadu, Kabel video, Listrik, Teras, Internet, Pemandangan panorama, Air, Tanpa perabotan, Wifi","Keamanan, Kolam renang, Taman, Rumah jaga, Keamanan 24 jam, Cctv, Area anak-anak, Panggang, Lapangan tenis",2,75,75,-7.4578412,112.6839275,2.5176961658931023,1.8013769722504955,1.9576490007679659,4.228586126620801,0.6469904609923341,3.5128247811912856,1.0806362068162174,1.1797858886161299,4.437486890427964,4.101873876423003,16.77899984234925,4.781153483990573,16.496573672957247
775000000,Waru,3,1,1,"Air, Tanpa perabotan, Listrik, Fully fenced","Rumah jaga, Keamanan 24 jam",1,75,75,-7.3480732,112.7539777,1.0336455445238484,0.3022384623923378,1.3103772471665096,2.5611274068463987,0.9883198432484893,4.483901990269731,2.337696499933946,1.9176386744699816,3.1001496059169615,4.576457873595281,5.046608708665272,3.081290455335319,0.7220479367048006
585000000,Taman,3,2,0,"Garasi, AC, Tangki air, Listrik, Teras, Internet, Halaman, Air, Tanpa perabotan, Wifi",Taman,1,75,75,-7.3682573,112.7077638,0.5824842555317944,1.7900846992903023,3.5155132482973235,4.187892237212175,0.6988228295769334,2.782258277728313,2.4744183964715685,0.6641144844801905,3.8850457828572957,2.811413221486452,6.646085177577038,3.9583427684734316,22.771063973083955
950000000,Sukodono,2,1,0,"Garasi, Tangki air, Listrik, Halaman, Air, Wifi",Taman,1,75,75,-7.3673611,112.7042937,0.4862648906512942,1.9796249962694485,2.8824928537640417,3.826017334908691,1.24216377661526,3.2156863837974967,2.112543494168084,1.207455431518517,3.5231708805538107,2.9712317714011656,7.079513283646221,3.5964678661699465,22.88311720859777
575000000,Taman,3,1,0,"Garasi, Air",Tidak Ada,1,75,75,-7.3654212,112.7087058,0.7897919365874334,1.498958732571566,3.2750366339327885,4.218561115077437,1.0105222209791718,2.9840448281614087,2.5050872743368293,1.0859661044057771,3.9157146607225575,2.490565507703284,6.847871728010133,3.6137212497664035,23.082763364486198
610000000,Buduran,3,1,1,"Garasi, Tangki air, Listrik, Teras, Ruang layanan, Air, Tanpa perabotan",Tidak Ada,1,75,75,-7.42024,112.73192,2.873877472307092,0.7153146969287987,2.462603541564802,1.930760854254024,2.317689868477328,3.943814282374249,3.3106245055325045,3.196884041047444,4.107010356840077,6.697681208233866,8.106147683393694,4.107010356840077,22.181422612416338
400000000,Sedati,2,1,0,Tanpa perabotan,Tidak Ada,1,75,75,-7.4169222,112.7740856,4.931783939054364,7.577063239689925,3.78319008516795,5.000382443285365,5.4600818901176185,10.881716975297985,7.249239855592798,4.98615146712189,8.05866313372724,5.939091069575934,5.939091069575934,8.05866313372724,13.007773270048512
370000000,Taman,2,1,0,Tanpa perabotan,Tidak Ada,1,130,75,-7.3589157,112.6810879,3.9588870313689504,1.8922879611273187,1.7269925455652768,1.860381440561247,1.6307702969247724,5.065770284948138,3.45646025588053,1.2344084776832336,2.750366669974466,4.228913218794694,10.552135424363875,2.580458966375853,
1400000000,Waru,3,3,0,"AC, Air, Fully fenced, Tangki air, Sebagian perabotan",Keamanan 24 jam,1,135,75,-7.3503078,112.7674661,1.1043800195281273,1.2290062172207443,1.4454635210614053,3.972977345129623,0.373224262078175,5.970825656630798,4.2381937748698695,0.837264716423595,4.491888353118883,5.123691751677464,3.8935322545601827,4.47302920253724,5.266527027923425
1350000000,Waru,4,3,3,"Garasi, Air, Sebagian perabotan, AC, Listrik",Tidak Ada,2,152,76,-7.3434451,112.7685874,1.3773391833947835,1.996591986447833,2.1701114603409626,3.593820910175113,1.4414149160324587,6.581760473425328,0.3849449750522403,1.6279901425770593,5.102823169913415,5.914417177830931,5.79397830578939,5.083964019331772,5.1011870397206005
890000000,Sidoarjo,2,1,0,Sebagian perabotan,Tidak Ada,1,31,77,-7.4407717,112.7196817,0.5585067432060431,1.3254292017326625,1.214974952977342,1.9243106576677718,0.7612030709780427,1.695203782768558,0.47981282287398413,0.37278671605329194,2.999998518610903,3.3801683628904713,10.709704481808686,2.416789982684024,3.39737512904375
300000000,Tarik,2,1,1,"Garasi, Halaman, Listrik, Teras, Pemandangan panorama, Air, Tanpa perabotan","Keamanan, Area anak-anak, Panggang, Akses bagi penyandang disabilitas, Cctv, Taman, Rumah jaga, Keamanan 24 jam",1,39,77,-7.4590581,112.516509,10.661532393641243,10.645926250015043,11.540432570954293,24.82677729069133,7.654820329466716,23.863623804751025,21.96193050239206,6.184410663527821,0.20279086375452424,11.655800974600897,34.555019059723044,0.20279086375452424,31.626872116404844
675000000,Taman,2,1,1,"Garasi, Dapur terpadu, Halaman, Listrik, AC, Pemandangan panorama, Air, Sebagian perabotan","Keamanan, Gym, Taman, Keamanan 24 jam, Cctv, Area anak-anak, Rumah jaga",1,45,77,-7.3589157,112.6810879,3.9588870313689504,1.8922879611273187,1.7269925455652768,1.860381440561247,1.6307702969247724,5.065770284948138,3.45646025588053,1.2344084776832336,2.750366669974466,4.228913218794694,10.552135424363875,2.580458966375853,
1500000000,Sidoarjo,3,2,0,"Garasi, Air, Tanpa perabotan, Tangki air, Listrik, Fully fenced",Keamanan,1,77,77,-7.44726655,112.6959508,1.4352077098292284,0.824445534555247,1.782333433154027,2.0486381941266556,1.3849037536883855,1.085484708186347,1.6917013532281613,2.6769351737169758,4.218868394293735,5.217578258901046,14.364791005072773,3.176001425147047,18.06259924724867
674000000,Waru,3,2,0,"Garasi, Tanpa perabotan, Halaman",Keamanan 24 jam,1,78,77,-7.3399267,112.7562893,2.597476493043447,2.509802729772295,2.680404846698809,4.61074619100732,2.5521507917680872,6.533520774430655,1.9777849071346605,0.6872176685980418,5.149768390077884,6.626076657756205,6.35768863135578,5.130909239496241,4.3100229461736
790000000,Gedangan,3,2,0,Tanpa perabotan,Tidak Ada,2,133,77,-7.3885636,112.732315,0.2930570178332332,1.3085948145245216,0.5520177995546861,5.005422535411109,0.8848933354724824,3.2988314347579597,0.9969872133247867,0.8187913078941792,0.5320641333813662,5.621226095304045,4.300310278984402,1.1257633886221257,
600000000,Sidoarjo,2,1,0,"Garasi, AC, Dapur terpadu, Kabel video, Listrik, Teras, Wifi, Internet, Dapur lengkap, Pemandangan panorama, Gas alam, Berperabot lengkap, Fully fenced","Keamanan, Taman, Akses bagi penyandang disabilitas, Keamanan 24 jam, Area anak-anak, Rumah jaga, Lapangan tenis",1,29,78,-7.44225619,112.6984067,2.872806106356288,1.0794280107250276,1.1664601692267276,1.7002178111907702,1.3143602192942012,2.516225364461107,1.3432809702922759,24.527682554918112,3.8704480113578494,4.870721611702507,13.191245002720258,2.827581042211163,26.1413138372217
500000000,Sidoarjo,2,2,0,"Garasi, Air, Halaman, Wifi","Area anak-anak, Rumah jaga, Taman",2,30,78,-7.4245342,112.6815738,1.167869367509814,1.4811772924484414,0.2168028768667815,5.175205871654629,1.83433131651081,4.212052385714322,3.118227231721714,22.15770695243791,7.345436071821709,8.073016813688191,12.95853087226704,6.302569102675023,23.839214394958166
622700000,Krembung,2,1,1,"Halaman, Tanpa perabotan, Listrik","Area anak-anak, Rumah jaga, Taman, Keamanan 24 jam",1,36,78,-7.5087545,112.6226665,4.047952020812177,10.390887302083632,11.026313884483448,10.243300529016283,8.071318606008576,14.294882158460563,9.489830731736859,9.12792718793622,7.255431005340285,14.434849740567536,26.84448635977937,7.255431005340285,21.431411430207987
780000000,Sedati,3,1,0,"Air, Sebagian perabotan, Listrik",Keamanan,1,36,78,-7.3982079,112.7629051,1.9395692950607104,4.681908387838734,0.34625944559149013,3.5316722162898757,2.023151250541157,6.519430071936573,4.354085003741608,2.621542473570077,4.621732494150773,3.6425340490607367,2.904366123987457,4.621732494150773,11.16931924616882
650000000,Sidoarjo,3,1,0,"Air, Tanpa perabotan, Listrik",Keamanan,1,36,78,-7.4584767,112.7272666,1.2700901216081169,0.7619342412579094,0.8757570820011631,2.0701561445349737,0.8000162275500978,2.4999830902649944,1.4157130531020468,0.6317307214228973,2.2252525080571472,2.402059318436379,13.453305132927643,2.298094528266324,4.328963672133088
580000000,Sukodono,2,1,0,"Air, Sebagian perabotan, Listrik","Keamanan, Keamanan 24 jam",1,36,78,-7.3992549,112.6761485,0.63014909307769,2.5851079621003,3.6361075838356505,6.815155117211812,1.146856292795037,8.029800558937527,5.24253947301208,1.0814821617696344,8.179380092266385,9.183686895445256,12.809104745356251,8.179380092266385,20.821277890180884
480000000,Sidoarjo,2,1,1,"Garasi, Ruang kantor, Kabel video, Tanpa perabotan","Keamanan, Keamanan 24 jam",1,36,78,-7.4381103,112.732325,2.2810533734563676,0.5622594433903713,0.8343076406801617,0.7871190171162941,2.483749701228368,3.243115199085036,2.0011765341588057,1.8673815748858507,4.619855102474477,4.91914099037087,9.986514813223518,4.139336612934349,5.119921759294075
325000000,Krembung,2,1,0,"Garasi, Sebagian perabotan","Keamanan, Keamanan 24 jam",1,36,78,-7.5268,112.6637,7.897964304890424,5.746944313646923,11.595983823228744,5.080471131588505,2.9084892085807916,13.86411005897739,4.327001334309074,3.2497048287726704,5.271918746566726,11.809318618554444,25.558949653543745,5.224403820950287,21.663263641896513
175000000,Sukodono,2,1,1,"Garasi, Teras, Tanpa perabotan, Deck",Tidak Ada,2,36,78,-7.4060912,112.6822027,0.3136827086549792,1.2211055934329562,2.4429837170921638,6.4089460370371425,1.9039582499733232,6.818456248819995,3.6611148224928485,1.1567630293716749,7.243043188308083,8.967545375593913,11.872767841397954,7.243043188308083,21.464250794654415
499000000,Buduran,3,2,0,Sebagian perabotan,Tidak Ada,1,36,78,-7.436595,112.694927,2.3052826352181146,1.0910807981993018,3.925477366037864,3.5038469898966853,4.093047567275763,2.540693503956377,3.146910148998192,25.70403532324605,5.674077190063765,6.67435079040842,15.58889553321888,4.631210220917077,27.31766660554964
860000000,Waru,2,2,0,Tanpa perabotan,Tidak Ada,1,36,78,-7.3668153,112.7658126,1.9054753281354657,2.2526088204396615,2.1196363450844555,5.228072404887686,1.7693261199161552,4.979524958972343,1.1796454450491587,1.187360575386287,5.756864841723587,3.460307556044683,2.230148058927403,5.756864841723587,7.236304134992916
650000000,Buduran,2,1,0,Tanpa perabotan,Tidak Ada,2,36,78,-7.40990612,112.7577375,2.51706134991162,6.012120930139822,2.9875218119398848,6.213813622664362,4.6644136168895525,8.042789326200026,5.26994016045413,2.147223818023935,6.191514261507641,6.315303850608638,5.545628490335851,6.191514261507641,13.810581612517213
669000000,Sukodono,2,1,1,"Garasi, Dapur terpadu, Air, Tanpa perabotan, AC, Halaman, Listrik","Keamanan, Area anak-anak, Rumah jaga, Cctv, Taman, Keamanan 24 jam",1,42,78,-7.394061,112.6738809,0.841154992744694,2.8766357093749213,3.90864948765988,5.892745571598778,0.28135023959614064,8.302342462761755,3.9226349198224835,1.3540240655938636,6.782730801011997,8.261277349832222,11.88669519974322,6.612823097413383,19.898868344567852
5000000000,Buduran,6,7,0,Sebagian perabotan,Tidak Ada,3,42,78,-7.4358073,112.7118659,1.6369170876249524,1.4628774281438504,1.5516326390685449,2.503662293410973,1.4988215875947928,0.8457140779318781,1.8724918591324053,1.7066511085929272,4.305685368199285,4.685855212478854,11.192512298642702,3.2286098979835955,24.637199901129083
415000000,Sidoarjo,2,1,1,"Internet, Halaman, Listrik, Teras, Wifi, AC, Air, Tanpa perabotan, Fully fenced","Keamanan, Taman, Rumah jaga, Keamanan 24 jam, Area anak-anak, Panggang, Lapangan tenis",1,43,78,-7.44977187,112.7015496,1.418867546113402,1.3473282165336105,1.6196508465489468,1.1611435311078238,1.125437344093236,1.7112317906415684,0.8042066902093296,2.8773550012846476,2.9627882173951483,3.9766351559257362,13.48333016014807,2.288506762128217,0.5015150382374634
500000000,Sidoarjo,2,1,1,"Garasi, Pemandangan panorama, Tanpa perabotan, Wifi, Internet, Listrik, Fully fenced","Cctv, Area anak-anak, Rumah jaga, Gym, Taman",1,45,78,-7.4459557,112.7243185,1.1262673626988926,0.5847061156727497,0.8710082213880608,1.7304601861990352,1.3469299321174515,2.3446702991115806,1.3321543287714015,1.1268318795496295,2.934419282002146,3.233705169898537,11.683730753547746,2.6319008764089555,3.6128223053991433
550000000,Sukodono,2,1,1,"AC, Sebagian perabotan, Listrik","Cctv, Taman, Area anak-anak, Keamanan 24 jam",1,45,78,-7.40908657,112.6988251,2.0537161346002692,1.107973873109726,3.67307898221307,4.646274990017591,4.068047399591362,5.452593274315852,0.9437846595323054,0.29507585950467397,4.576926633109165,9.08811408749075,9.206651286199035,4.576926633109165,21.119169257637
600000000,Sukodono,2,1,1,"Garasi, Kabel video, Tanpa perabotan, AC, Listrik","Cctv, Taman, Area anak-anak, Rumah jaga",1,45,78,-7.3914287,112.6988252,0.5443829137967507,2.3367794256031975,5.736192913815068,6.735769304801149,2.7323869304975092,6.1017918275926,2.181219469958154,1.8503573589994893,5.118060089212458,6.280646136397002,9.747784742302331,5.118060089212458,20.4078121630898
700000000,Candi,3,2,2,"AC, Air, Sebagian perabotan, Wifi, Dapur terpadu, Listrik, Teras","Gym, Area anak-anak, Rumah jaga, Keamanan 24 jam, Kolam renang, Panggang, Lapangan tenis",2,45,78,-7.4869501,112.6973995,0.5143031565610723,3.7005441539138775,5.63275498167558,2.782798503710564,5.056800766961543,6.594604673465229,4.96529727125796,1.9456913651881889,4.324607315006433,4.721526121022625,18.47115715601192,4.238094693804197,14.294695369789903
580400000,Buduran,2,1,1,"Garasi, AC, Pemanasan, Kabel video, Ruang layanan, Alarm, Perapian, Air, Teras, Fully fenced, Internet, Balkon, Pemandangan panorama, Halaman, Tangki air, Gas alam, Ruang kantor, Listrik, Deck, Wifi","Keamanan, Area anak-anak, Taman, Panggang, Akses bagi penyandang disabilitas, Keamanan 24 jam, Cctv, Pustaka, Taman atap, Rumah jaga, Lapangan tenis",1,45,78,-7.4251569,112.7230062,1.9103003698000902,1.3979537096236054,1.1061051005356428,1.0526762945523878,2.292918065434631,2.740648466165926,2.107458689324181,1.941617938784703,5.114345547745976,5.4945153920255425,8.711963206887251,4.531137011819095,22.156650809373637
380000000,Sedati,2,1,1,"Garasi, Dapur lengkap, Ruang kantor, Listrik, Fully fenced, Internet, Kabel video, Air, Tanpa perabotan, Wifi","Keamanan, Kolam renang, Taman, Lapangan tenis, Cctv, Area anak-anak, Rumah jaga, Keamanan 24 jam",1,45,78,-7.3717382,112.7637336,1.055519877025291,2.530923798102005,2.379729331388422,5.851397800947302,0.9257784557090415,4.842332909048748,1.4579604227115026,0.3438129111791732,5.271921530692562,2.61675989183757,1.7440892700706567,5.39617650965365,7.514619112655263
800000000,Waru,3,2,2,"Garasi, Fully fenced",Tidak Ada,2,45,78,-7.3599876,112.742208,2.1935923837342792,1.8802608674402932,2.3391274883828004,2.7682605877513384,3.0215499900822738,2.4634011871030435,2.1853034447555313,1.4442891411006848,3.297053024587237,4.773361292265556,3.812579898849282,3.297053024587237,
600000000,Sedati,3,1,0,"Garasi, Tangki air, Listrik, Dapur terpadu, Air, Tanpa perabotan",Tidak Ada,1,45,78,-7.37341934,112.7579038,0.8923817635080705,3.035385333075701,2.7995173531782807,5.575661952424635,1.2554784480577548,4.960179123626289,2.0771074633336117,0.7425034961709874,4.539762090771485,2.9429257639594772,1.0119298301495838,4.664017069732576,8.058451539981554
1100000000,Waru,5,2,0,Tanpa perabotan,Tidak Ada,2,46,78,-7.3503078,112.7674661,1.1043800195281273,1.2290062172207443,1.4454635210614053,3.972977345129623,0.373224262078175,5.970825656630798,4.2381937748698695,0.837264716423595,4.491888353118883,5.123691751677464,3.8935322545601827,4.47302920253724,5.266527027923425
450000000,Sukodono,3,1,1,"AC, Tanpa perabotan",Keamanan 24 jam,1,50,78,-7.4049961,112.6809479,0.5030092756323182,1.276715338406854,2.4985934620660615,6.598272604014482,1.9560648452871763,6.874065993793892,3.8504413894701877,1.100150633267046,7.369877810516242,9.094379997802072,11.999602463606111,7.369877810516242,21.591085416862576
834000000,Candi,3,2,2,"Garasi, Dapur terpadu, Tangki air, Tanpa perabotan, Balkon, Halaman, Listrik, Teras","Keamanan, Kolam renang, Taman atap, Keamanan 24 jam, Gym, Area anak-anak, Rumah jaga",2,66,78,-7.4869501,112.6973995,0.5143031565610723,3.7005441539138775,5.63275498167558,2.782798503710564,5.056800766961543,6.594604673465229,4.96529727125796,1.9456913651881889,4.324607315006433,4.721526121022625,18.47115715601192,4.238094693804197,14.294695369789903
300000000,Sidoarjo,2,1,1,"Halaman, Tanpa perabotan, Air","Keamanan, Taman, Keamanan 24 jam, Area anak-anak, Rumah jaga",1,66,78,-7.412324,112.5378369,14.107773876552127,4.521358591772457,5.73924983349377,19.679890962921075,5.993697625331609,20.980962778580064,19.675099372211758,0.17646865657484465,4.247567860248099,5.531233316358311,28.396638008528203,4.535996651429462,33.71100679769462
1200000000,Buduran,3,2,2,"Garasi, Dapur lengkap, Dapur terpadu, Halaman, Gas alam, Air, Sebagian perabotan, Internet, Pemanasan, Kabel video, Lemari pakaian bawaan, Ruang kantor, Listrik, Wifi","Keamanan, Taman, Rumah jaga, Cctv, Panggang, Keamanan 24 jam",1,78,78,-7.4404444,112.7155016,0.7793333964848754,1.4930884751015665,1.9630943737389661,2.3005902980081503,0.6412378964547158,0.7391058196255215,1.3393752498722251,1.2323491430515328,3.455743274895831,3.8359131191753995,11.139177404657172,2.3786678046801426,2.7985012875616304
680000000,Candi,2,1,0,"Garasi, Pemandangan panorama, Air, Tanpa perabotan, Internet, Halaman, Listrik","Keamanan, Kolam renang, Taman, Rumah jaga, Gym, Area anak-anak, Panggang, Keamanan 24 jam",2,120,78,-7.4869563,112.6970489,0.4819447844595644,3.6681857818123698,5.600396609574073,2.7504401316090568,5.013499873606911,6.562246301363722,4.932938899156452,1.9133329930866814,4.2922489429049255,4.6891677489211165,18.43879878391041,4.205736321702688,14.262336997688395
416000000,Sukodono,2,1,1,"AC, Tanpa perabotan","Taman, Rumah jaga",1,120,78,-7.40402857,112.685637,0.6316395485238306,1.568978967715723,2.7908570913749307,6.726902876905992,2.25183162425609,7.166329623102762,3.7724190211175843,1.5465601593451577,6.70925964037189,8.433761827657719,11.338984293461762,6.70925964037189,20.930467246718223
450000000,Sukodono,3,1,0,"Halaman, Tanpa perabotan, Air, Wifi","Taman, Keamanan 24 jam",1,140,78,-7.4154927,112.670275,1.2605005670921858,2.2994798986913625,2.193840605744859,7.550687066787045,1.511326013095582,6.5875335808467375,5.095264960599791,2.345066891280408,7.488465731988795,10.448498008820605,14.745032546435212,7.641040153777345,23.59795930144212
1300000000,Waru,4,3,0,"Internet, Listrik, Air",Tidak Ada,1,140,78,-7.3503078,112.7674661,1.1043800195281273,1.2290062172207443,1.4454635210614053,3.972977345129623,0.373224262078175,5.970825656630798,4.2381937748698695,0.837264716423595,4.491888353118883,5.123691751677464,3.8935322545601827,4.47302920253724,5.266527027923425
1170000000,Waru,3,2,2,"Garasi, Air, Sebagian perabotan, Dapur terpadu, Listrik",Keamanan,2,150,78,-7.3645565,112.73553,2.05259134521871,1.1521206930791128,1.2474211776530832,2.6353292084885376,1.901440594363987,1.343291791384757,1.3961767215526903,0.28745860211822344,2.851526130863422,3.665686451930842,4.10841630472211,3.1641216453244363,
950000000,Gedangan,3,2,0,Tanpa perabotan,Tidak Ada,1,156,78,-7.3970813,112.7469881,1.393572052425113,2.765523231985865,2.2358177294778807,5.890542444020207,3.233179537364854,6.086932900798825,2.812403687459805,2.081732913186301,3.3201655994222325,5.395557867286845,4.338891017836107,3.3201655994222325,9.72840252076765
390000000,Sedati,2,1,1,"Dapur lengkap, Tanpa perabotan, Listrik","Keamanan, Taman, Area anak-anak, Keamanan 24 jam",1,22,79,-7.40573552,112.7613933,2.5065411140907705,5.029552198919072,1.2356790443970957,4.461970855121569,2.912570849346763,7.408849670742178,4.701728814821947,2.9293841300495416,5.511152092956382,4.563461083065851,3.7937857227930625,5.511152092956382,12.058738844974425
380000000,Candi,2,1,0,"Halaman, Listrik, Air, Tanpa perabotan",Tidak Ada,2,46,79,-7.491211,112.7488052,2.819264976858749,5.206143595363739,5.4594669654019805,6.379164985537752,4.543136404457371,7.951131545491055,5.187060188768011,2.880837257627728,6.328633649020116,6.078052993048451,17.546541295340408,6.242121027817879,17.37386859887022
375000000,Krian,2,1,1,"Garasi, Pemandangan panorama, Air, Tanpa perabotan, Internet, Halaman, Listrik","Cctv, Taman, Keamanan 24 jam, Area anak-anak, Rumah jaga",1,30,80,-7.40299,112.5873906,5.68090260756706,1.9083638113319348,1.678408623446373,13.409871719759343,1.9328564152842116,14.677130142466066,13.78695268856986,0.7341682060815213,1.1115735911385332,1.1595275548392323,22.126618765366466,1.0661518686873248,27.440987554532907
2500000000,Taman,3,2,2,"Garasi, Fully fenced, Tanpa perabotan",Tidak Ada,2,30,80,-7.374592,112.6395609,1.190093852345368,5.96179749920647,6.710333353801794,6.774313454167846,5.944511024317173,10.004695360359218,8.39538533129161,1.006884371467139,2.9734157035168227,7.866903415736353,15.491060499774964,2.9734157035168227,
1370000000,Sidoarjo,4,3,0,Sebagian perabotan,Tidak Ada,2,36,80,-7.4540785,112.7004778,1.9055309502995892,2.095942726264976,1.0886559671008567,1.3931835350682162,1.029193603510353,2.258406599568526,1.0202998083494093,2.444820016883655,2.2921745843590537,3.3060215228896412,14.018092529943603,1.8561312152689284,1.414904563406473
375000000,Krian,2,1,1,"Garasi, AC, Dapur lengkap, Dapur terpadu, Pemandangan panorama, Halaman, Tangki air, Lemari pakaian bawaan, Perapian, Air, Rubanah, Teras, Fully fenced, Internet, Balkon, Pemanasan, Jacuzzi, Kabel video, Ruang layanan, Alarm, Gas alam, Ruang kantor, Listrik, Tanpa perabotan, Deck, Wifi","Keamanan, Gym, Area anak-anak, Sauna, Taman, Taman atap, Rumah jaga, Lapangan tenis, Spa, Cctv, Kolam renang, Angkat, Pustaka, Pramutamu, Panggang, Akses bagi penyandang disabilitas, Keamanan 24 jam",32,37,80,-7.4035807,112.5985785,5.541533957827291,3.202466190198811,3.0738742253802402,13.270503070019576,3.226958794151089,13.44270902445857,13.023999907096908,2.0282705849483977,2.405675970005409,2.453629933706109,21.56767789340679,2.360254247554201,27.30161890479314
481350000,Tarik,2,1,1,"Garasi, AC, Dapur lengkap, Dapur terpadu, Alarm, Gas alam, Listrik, Tanpa perabotan, Fully fenced, Internet, Balkon, Pemanasan, Jacuzzi, Lemari pakaian bawaan, Perapian, Rubanah, Deck","Cctv, Area anak-anak, Pustaka, Pramutamu, Rumah jaga, Gym, Angkat, Taman, Panggang, Akses bagi penyandang disabilitas",1,42,80,-7.4590581,112.516509,10.661532393641243,10.645926250015043,11.540432570954293,24.82677729069133,7.654820329466716,23.863623804751025,21.96193050239206,6.184410663527821,0.20279086375452424,11.655800974600897,34.555019059723044,0.20279086375452424,31.626872116404844
475000000,Taman,2,1,1,"Garasi, Pemandangan panorama, Air, AC, Halaman, Tanpa perabotan","Keamanan, Taman, Keamanan 24 jam, Area anak-anak, Rumah jaga",1,50,80,-7.37466,112.63835,1.0092792918077835,5.780982938668887,8.567830392467677,8.631810492833727,6.429497224905095,11.8621923990251,9.845425968837443,1.6397630748708256,2.7926011429792386,7.68608885519877,17.348557538440854,2.7926011429792386,
635000000,Waru,2,1,1,"Garasi, AC, Kabel video, Tangki air, Air, Tanpa perabotan, Wifi, Internet, Balkon, Halaman, Ruang kantor, Listrik, Teras","Keamanan, Gym, Taman, Keamanan 24 jam, Cctv, Area anak-anak, Rumah jaga",1,31,81,-7.36052499,112.7884897,5.6057820073591635,3.9003767369581652,3.9813487349395404,5.2915159619796075,3.790117204114181,8.373561381920945,3.8096917956967875,3.3392031403825118,7.735251739756075,3.9045882829700314,3.7848720819294175,7.735251739756075,4.814423892116922
500000000,Sidoarjo,2,1,0,"Garasi, Air, Sebagian perabotan, AC, Listrik, Fully fenced","Keamanan, Keamanan 24 jam",1,32,81,-7.44834168,112.7017507,1.253268801349234,1.1756956536753143,1.4368453136552601,0.9955447863436557,0.3318103459053856,1.5284262577478818,0.6386079454451614,3.0629170285866616,3.1483502446971623,4.162197183227751,13.311697597289772,2.1229080173640487,0.3187095053437765
463200000,Sedati,2,1,1,"Garasi, Balkon, Halaman, Lemari pakaian bawaan, Listrik, Tanpa perabotan, AC, Kabel video, Alarm, Air, Rubanah, Deck","Cctv, Pramutamu, Area anak-anak, Akses bagi penyandang disabilitas",1,41,81,-7.3682379,112.7554345,2.3813192830241148,2.4160521412158245,2.180184161318404,4.3178461413900875,2.2515778617078652,3.7023633125917397,2.032464275392493,1.8174707083144976,4.8466385782259875,3.9425592978363935,2.7123998007191132,4.8466385782259875,4.171043126844654
466400000,Buduran,2,1,1,"AC, Dapur lengkap, Pemandangan panorama, Tangki air, Lemari pakaian bawaan, Air, Tanpa perabotan, Deck, Balkon, Pemanasan, Halaman, Alarm, Gas alam, Rubanah, Teras, Wifi","Gym, Taman, Rumah jaga, Lapangan tenis, Area anak-anak, Panggang, Akses bagi penyandang disabilitas, Spa",1,41,81,-7.4349235,112.7345789,3.0215929386040927,1.302799008538096,0.6476162878971102,1.2455579871955436,3.224289266376092,3.4697532116253433,2.619140297396436,2.485345338123482,5.360394667622203,5.659680555518593,9.245975248075794,4.879876178082073,5.860461324441799
480000000,Buduran,3,1,0,"Listrik, Teras, Tanpa perabotan","Taman, Rumah jaga",2,46,81,-7.4253929,112.7709556,4.209943229764394,8.476397214787948,4.332646107894228,7.558937918618702,6.0095379128438955,9.382530327648372,9.371283230260945,3.8556246552468707,7.899915098730576,7.660428146562981,7.660428146562981,7.899915098730576,11.836480082699142
1800000000,Waru,5,3,3,"Garasi, Listrik, Air, Sebagian perabotan",Keamanan 24 jam,1,81,81,-7.3503078,112.7674661,1.1043800195281273,1.2290062172207443,1.4454635210614053,3.972977345129623,0.373224262078175,5.970825656630798,4.2381937748698695,0.837264716423595,4.491888353118883,5.123691751677464,3.8935322545601827,4.47302920253724,5.266527027923425
695000000,Taman,2,1,1,"AC, Tangki air, Wifi, Halaman, Sebagian perabotan",Tidak Ada,2,81,81,-7.36625948,112.7065874,0.5531410340835895,1.6557370946381027,3.0383857314289435,3.9819102125735926,1.1673005830457084,3.1408231902279447,2.2684363718329856,1.2427444664723137,3.6790637582187125,2.647343869769821,7.004650090076669,3.7523607438348483,23.225150755549215
465200000,Sedati,2,1,1,"Jacuzzi, Kabel video, Ruang layanan, Gas alam, Air, Teras, Pemandangan panorama, Halaman, Tangki air, Ruang kantor, Tanpa perabotan, Wifi","Keamanan, Angkat, Pustaka, Lapangan tenis, Spa, Kolam renang, Sauna, Taman atap, Keamanan 24 jam",1,41,82,-7.37379474,112.7611664,1.0708653544802826,3.5285697276858143,3.292701747788394,5.877701602380688,1.4339620390299668,5.262218773582341,2.563950674082361,1.8197978084271211,4.718101648262403,3.1214093549316884,1.1902693876405022,4.842356627223493,8.551635934591667
400000000,Sedati,2,1,0,Tanpa perabotan,Tidak Ada,1,26,84,-7.3995145,112.8018209,2.3339891595028988,9.822376277262695,4.7203483441827,1.455672926692199,5.7617160218324335,10.274787745433573,8.749412901872189,5.3943321936952495,8.377090167647777,5.241095349895125,6.363912209893242,8.377090167647777,10.20368037470738
411000000,Waru,2,1,1,"Garasi, Balkon, Pemanasan, Lemari pakaian bawaan, Listrik, Tanpa perabotan, Fully fenced, AC, Dapur lengkap, Alarm, Perapian, Rubanah, Deck","Cctv, Area anak-anak, Pramutamu, Rumah jaga, Gym, Taman, Panggang, Akses bagi penyandang disabilitas",1,40,84,-7.3503078,112.7674661,1.1043800195281273,1.2290062172207443,1.4454635210614053,3.972977345129623,0.373224262078175,5.970825656630798,4.2381937748698695,0.837264716423595,4.491888353118883,5.123691751677464,3.8935322545601827,4.47302920253724,5.266527027923425
590000000,Sedati,3,1,1,"AC, Air, Tanpa perabotan, Fully fenced, Halaman, Listrik, Teras, Wifi","Keamanan, Area anak-anak, Rumah jaga, Keamanan 24 jam, Cctv, Taman, Lapangan tenis",1,40,84,-7.40573552,112.7613933,2.5065411140907705,5.029552198919072,1.2356790443970957,4.461970855121569,2.912570849346763,7.408849670742178,4.701728814821947,2.9293841300495416,5.511152092956382,4.563461083065851,3.7937857227930625,5.511152092956382,12.058738844974425
685000000,Balongbendo,2,1,1,"Garasi, Pemandangan panorama, Air, Sebagian perabotan, Dapur terpadu, Halaman, Listrik","Keamanan, Gym, Taman, Keamanan 24 jam, Cctv, Area anak-anak, Rumah jaga",1,42,84,-7.412324,112.5378369,14.107773876552127,4.521358591772457,5.73924983349377,19.679890962921075,5.993697625331609,20.980962778580064,19.675099372211758,0.17646865657484465,4.247567860248099,5.531233316358311,28.396638008528203,4.535996651429462,33.71100679769462
517000000,Tulangan,2,1,1,"Garasi, Pemandangan panorama, Air, Tanpa perabotan, Dapur terpadu, Halaman, Listrik","Keamanan, Gym, Taman, Keamanan 24 jam, Cctv, Area anak-anak, Rumah jaga",1,42,84,-7.4812926,112.6468606,6.327984245615995,6.601769438025699,5.761219832828524,8.92402312188789,6.15910018676534,9.029788106805638,6.0785392123148805,3.862833136281295,1.9903369536853601,9.169755688912613,21.57939230812446,1.9903369536853601,16.16631737855306
640000000,Sukodono,2,1,1,"Garasi, Air, Tanpa perabotan, Halaman, Listrik","Keamanan, Area anak-anak, Rumah jaga, Cctv, Taman",1,45,84,-7.4168096,112.6925162,20.544853834999575,20.62332809356027,21.179434971096374,19.91990114648304,20.14432472683728,24.677689130697722,19.222737237597755,0.06142245746890095,24.2573236212458,24.637493465525367,16.844083593799372,23.67411508531891,22.307439890098376
395000000,Krian,2,1,1,"Garasi, Halaman, Wifi, Internet, Tanpa perabotan","Keamanan, Area anak-anak, Rumah jaga, Cctv, Taman, Keamanan 24 jam",1,45,84,-7.4035807,112.5985785,5.541533957827291,3.202466190198811,3.0738742253802402,13.270503070019576,3.226958794151089,13.44270902445857,13.023999907096908,2.0282705849483977,2.405675970005409,2.453629933706109,21.56767789340679,2.360254247554201,27.30161890479314
1300000000,Sidoarjo,3,2,0,Tanpa perabotan,Tidak Ada,2,45,84,-7.4544845,112.6991064,2.146401341846066,1.9573138654420204,1.1922879393352743,1.6340539266146936,1.2700639950568304,2.2114952988208207,1.2611701998958866,2.253652668996257,2.429974865900323,3.409653495124059,14.258962921490077,2.0970016068154056,1.3679932626587674
400000000,Sukodono,4,1,0,"Air, Tanpa perabotan, Listrik",Tidak Ada,2,49,84,-7.401222,112.6571111,1.5607832260408772,4.339677660621899,4.388597945970239,8.05550608662963,2.9934541152972063,8.782290921072114,6.50245148125671,1.8462509630858537,5.414254443773807,9.235323025100158,14.53880171609619,5.414254443773807,22.0616288595987
300000000,Krian,2,1,0,"Air, Tanpa perabotan, Listrik, Teras",Tidak Ada,1,49,84,-7.4113967,112.5938957,6.507844814840309,3.7175419764799944,2.36010291622734,14.68218765171385,2.694182105134861,14.435259302056162,13.857654570328451,2.7534454286378964,3.1308508136949085,2.9432487476387164,22.97936247510107,3.0854290912437006,28.713303486487405
500000000,Buduran,2,1,1,"Garasi, Tanpa perabotan","Area anak-anak, Keamanan 24 jam",1,50,84,-7.4213829,112.7047843,2.297790261640507,1.2882874546257796,2.5212197609999896,3.062229456497533,2.4976043233663114,3.4821605658985897,1.34214039703135,1.34214039703135,6.403989154319637,7.146905591910071,10.56046437388223,5.3427786843667056,23.09496200901464
730000000,Candi,3,2,2,"Listrik, Tanpa perabotan","Taman, Keamanan 24 jam",2,50,84,-7.4987052,112.7140956,2.40477690502782,4.985562564538678,4.459017249929564,2.344955596302029,4.345764207614598,6.341514804759362,6.177322659387734,3.9431686237217427,2.8077377338478104,4.468436252316757,18.218067287306052,2.7212251126455733,14.955383543766125
335000000,Sukodono,2,1,1,"Garasi, Tanpa perabotan, Air, Fully fenced",Tidak Ada,1,50,84,-7.39918762,112.6365627,2.5790018812088333,2.4959865540204533,6.779367246857399,9.627217494471124,5.061333021635195,11.08540154146113,8.47726176556755,3.9917563331162724,3.2011356504127666,6.998323466195235,16.929571016983356,3.2011356504127666,23.658333329244684
300000000,Krian,2,1,1,"Garasi, Sebagian perabotan, Air",Keamanan,1,52,84,-7.3970707,112.601646,4.333152265592348,3.7300306799605716,3.6014387151419998,12.062121377784631,3.7545232839128486,14.10620332171843,12.380515392861145,1.743892992537021,2.9332404597671693,2.9811944234678687,20.778868423391764,4.252953456664049,26.093237212558194
382800000,Wonoayu,2,1,1,"Garasi, Halaman, Air, Tanpa perabotan, Fully fenced, Internet, Ruang kantor, Listrik, Teras, Wifi","Keamanan, Kolam renang, Taman, Keamanan 24 jam, Cctv, Area anak-anak, Rumah jaga",1,56,84,-7.446138,112.6514882,3.7854739776183073,3.5780614086982103,2.194564527519025,7.529161139900217,4.6782349211854495,6.566007653959908,4.944646086594313,3.4666806119499323,2.316424651329201,7.973837334255214,18.280959853957583,2.316424651329201,19.319269395448217
392000000,Buduran,2,1,1,"Air, Fully fenced, Tanpa perabotan","Area anak-anak, Keamanan 24 jam, Taman",1,60,84,-7.4251569,112.7230062,1.9103003698000902,1.3979537096236054,1.1061051005356428,1.0526762945523878,2.292918065434631,2.740648466165926,2.107458689324181,1.941617938784703,5.114345547745976,5.4945153920255425,8.711963206887251,4.531137011819095,22.156650809373637
299000000,Sidoarjo,2,1,1,"Halaman, Tanpa perabotan",Keamanan 24 jam,1,60,84,-7.412324,112.5378369,14.107773876552127,4.521358591772457,5.73924983349377,19.679890962921075,5.993697625331609,20.980962778580064,19.675099372211758,0.17646865657484465,4.247567860248099,5.531233316358311,28.396638008528203,4.535996651429462,33.71100679769462
680000000,Sukodono,2,1,1,"Dapur terpadu, Air, Tanpa perabotan, Halaman, Listrik, Teras","Keamanan, Taman",1,60,84,-7.41997638,112.6839275,1.2296857715099103,0.9397396585130042,0.5556457548339221,5.866600209466668,1.7936929525812,4.90344672352636,2.955386059946584,8.575029451752954,8.036830409633748,8.810303157909674,12.226591191854387,6.993963440487061,23.234326543378046
375000000,Krian,2,1,1,"Garasi, Tangki air, Listrik, Halaman, Air, Tanpa perabotan","Cctv, Taman, Keamanan 24 jam, Area anak-anak, Rumah jaga",1,70,84,-7.3970707,112.601646,4.333152265592348,3.7300306799605716,3.6014387151419998,12.062121377784631,3.7545232839128486,14.10620332171843,12.380515392861145,1.743892992537021,2.9332404597671693,2.9811944234678687,20.778868423391764,4.252953456664049,26.093237212558194
1320000000,Buduran,3,3,3,"Internet, Listrik, Air, Tanpa perabotan","Keamanan, Gym, Rumah jaga, Cctv, Taman, Keamanan 24 jam",2,74,84,-7.4358123,112.6950017,1.6225401514217255,1.2306277912145216,3.116576882114789,2.694946505973611,3.2841470833526882,1.7317930200333027,2.3380096650751176,25.02129283944966,4.865176706140691,5.865450306485347,14.906153049422487,3.8223097369940033,26.634924121753247
475000000,Candi,2,2,1,Tanpa perabotan,"Cctv, Area anak-anak",1,84,84,-7.48724258,112.7237529,1.3154396267617576,3.776855562748798,4.030178932787041,3.171435581788627,3.1138483718424323,5.35645477956168,3.757772156153069,1.026761458942657,3.6342177193344076,3.4833762271190745,16.117253262725477,3.547705098132171,14.095228371048227
1090000000,Waru,4,2,0,Tanpa perabotan,Keamanan 24 jam,1,84,84,-7.3652174,112.7343734,1.872193190968828,1.0857916516344621,1.0670230234032005,2.7665589331243776,1.7210424401141045,1.1628936371348748,1.215778567302808,0.10706044786834078,2.6711279766135396,3.485288297680959,4.149243803816425,3.2953513699602768,
800000000,Sidoarjo,10,10,0,"Internet, Kabel video, Listrik, Teras, Fully fenced, Balkon, Air, Berperabot lengkap, Deck, Wifi","Keamanan, Keamanan 24 jam, Cctv",2,84,84,-7.412324,112.5378369,14.107773876552127,4.521358591772457,5.73924983349377,19.679890962921075,5.993697625331609,20.980962778580064,19.675099372211758,0.17646865657484465,4.247567860248099,5.531233316358311,28.396638008528203,4.535996651429462,33.71100679769462
780000000,Taman,2,2,1,"Kabel video, Tanpa perabotan, Listrik, Wifi","Keamanan, Rumah jaga, Cctv",1,84,84,-7.3591519,112.709069,2.960690088134173,2.5235755283224774,2.3267898212084557,4.0103846485285795,3.7165889740981384,2.5526383001632187,3.481320481779404,2.508766559211747,2.9674678479982246,1.8764324110978208,7.532586084400907,2.6654744370420715,25.54368307536719
1650000000,Sidoarjo,3,2,2,"Garasi, Balkon, Ruang layanan, Air, Sebagian perabotan, AC, Dapur lengkap, Tangki air, Listrik, Teras","Keamanan, Rumah jaga, Taman, Keamanan 24 jam",2,84,84,-7.4462352,112.7178195,0.42078672281164287,0.7663399779006564,1.111116716232294,1.8702972941218392,0.45991424194566805,0.896213410631964,1.0966645743564416,0.32011753913716934,2.39891061420454,2.779080458484108,11.32655623329114,1.7118587957432063,2.692780224733394
400000000,Jabon,2,1,0,"Garasi, Tanpa perabotan",Tidak Ada,1,84,84,-7.5411,112.7309,8.816549206654264,8.537327981552822,11.27775910578674,4.412330285971048,4.33893878377661,13.354817803727924,4.852639586546397,4.788846933283391,4.39281679265213,11.481739251285315,23.364833435725178,4.446958129641337,
525000000,Sidoarjo,2,1,0,"Internet, Halaman, Listrik, Wifi, AC, Air, Tanpa perabotan",Tidak Ada,1,84,84,-7.44427949,112.676829,1.5468367026385623,0.9964489631897977,1.6009376347575701,4.397762921353328,1.5468367026385623,3.43460943541302,3.388951061593005,2.3536773500285944,5.575436887989075,6.418142309253909,15.808140379094707,5.728011309777626,18.678503128048664
1150000000,Waru,3,2,1,Tanpa perabotan,Tidak Ada,1,84,84,-7.3517813,112.7846068,3.65569846610592,4.153966852324592,4.333047013762388,2.145324081631715,1.3379443850875703,8.962938974598273,1.4819554553074294,0.33382813873705136,7.489622163679425,5.530774530778097,4.345481477245988,7.470763013097782,1.145830679228416
70000000,Taman,3,2,0,Tanpa perabotan,Tidak Ada,1,84,84,-7.3659072,112.7111417,1.162793901006546,1.2463226645191585,3.3928065607940288,4.615553267957233,1.1297158222617094,2.659551590225018,2.637642439223072,0.577987344529707,3.2157916872534167,2.2379294396508764,6.523378490073742,5.035391987333821,23.20195696576873
1350000000,Taman,3,2,0,Tanpa perabotan,Tidak Ada,1,84,84,-7.36865088,112.6746296,4.241112106293446,3.350373718590856,3.185078303028814,3.3184671980247846,3.08885605438831,6.523856042411676,3.53996682640963,1.6750103714961662,4.2084524274380035,5.686998976258232,11.34718329908131,4.03854472383939,
399000000,Buduran,2,1,0,Tanpa perabotan,Tidak Ada,2,84,84,-7.425129,112.7230909,1.9103003698000902,1.3979537096236054,1.1061051005356428,1.0526762945523878,2.292918065434631,2.740648466165926,2.107458689324181,1.941617938784703,5.114345547745976,5.4945153920255425,8.711963206887251,4.531137011819095,22.156650809373637
410000000,Taman,2,1,0,Tanpa perabotan,Tidak Ada,1,84,84,-7.3589157,112.6810879,3.9588870313689504,1.8922879611273187,1.7269925455652768,1.860381440561247,1.6307702969247724,5.065770284948138,3.45646025588053,1.2344084776832336,2.750366669974466,4.228913218794694,10.552135424363875,2.580458966375853,
400000000,Sukodono,2,1,0,Tanpa perabotan,Tidak Ada,1,103,84,-7.394061,112.6738809,0.841154992744694,2.8766357093749213,3.90864948765988,5.892745571598778,0.28135023959614064,8.302342462761755,3.9226349198224835,1.3540240655938636,6.782730801011997,8.261277349832222,11.88669519974322,6.612823097413383,19.898868344567852
685000000,Taman,2,1,1,"AC, Alarm, Listrik, Tanpa perabotan, Pemanasan, Lemari pakaian bawaan, Rubanah",Tidak Ada,1,150,84,-7.3758656,112.6435652,2.1771851100750985,6.242463160717321,6.393359957158973,6.457340057525024,5.306928159286351,9.687721963716397,8.065235653253259,2.2533440094434014,4.219875341493085,9.113363053712613,15.174087103132141,4.219875341493085,
1200000000,Waru,3,2,0,Tanpa perabotan,Tidak Ada,1,190,84,-7.350897,112.7384808,2.508679388733784,1.922518786422947,2.756028899301947,0.6890140912356743,3.410048316012851,2.601558912424345,0.1060569482398681,1.7298856512162373,1.2178065280715746,2.6941147957498957,5.183194247507433,1.198947377489931,
990000000,Waru,3,1,0,Tanpa perabotan,Tidak Ada,1,36,85,-7.3503078,112.7674661,1.1043800195281273,1.2290062172207443,1.4454635210614053,3.972977345129623,0.373224262078175,5.970825656630798,4.2381937748698695,0.837264716423595,4.491888353118883,5.123691751677464,3.8935322545601827,4.47302920253724,5.266527027923425
650000000,Sukodono,2,0,0,"Kabel video, Wifi, Tanpa perabotan",Tidak Ada,1,140,85,-7.3992549,112.6761485,0.63014909307769,2.5851079621003,3.6361075838356505,6.815155117211812,1.146856292795037,8.029800558937527,5.24253947301208,1.0814821617696344,8.179380092266385,9.183686895445256,12.809104745356251,8.179380092266385,20.821277890180884
1200000000,Sidoarjo,4,3,3,"Garasi, Balkon, Halaman, Listrik, Wifi, Internet, Pemandangan panorama, Air, Tanpa perabotan","Keamanan, Gym, Area anak-anak, Rumah jaga, Cctv, Kolam renang, Taman, Keamanan 24 jam",2,55,88,-7.4656974,112.7067702,2.017516093996346,2.5513619516598425,1.2768868266723092,2.617941661689371,2.1952404235009824,2.408153089797302,2.308009185301422,2.592440374972092,1.757623895947869,1.8469053502993868,14.284705572343992,2.540187010272095,2.9179421516849007
685000000,Wonoayu,2,1,1,"Garasi, Pemandangan panorama, Tangki air, Listrik, Teras, Internet, Halaman, Air, Tanpa perabotan","Taman, Keamanan 24 jam",1,68,88,-7.4478578,112.662473,3.4905903526139808,2.9402026131652166,1.102226889530161,6.34151657132875,3.4905903526139808,5.378363085388442,3.7192642888468606,2.374344391794636,3.5418064490766543,6.7484555365077625,17.519911614319756,3.694380870865205,18.770927959889683
1400000000,Waru,4,2,0,"Garasi, Tanpa perabotan",Keamanan,1,88,88,-7.347262,112.7530496,1.184443275487941,0.3153709760438632,1.461174978130602,2.5515265563564644,1.139117574212582,4.474301139779797,1.9787991755953218,2.0732990180911743,3.0905487554270277,4.566857023105348,5.197406439629365,3.0716896048453846,0.5597822520055955
625000000,Sukodono,2,1,0,Tanpa perabotan,Tidak Ada,1,88,88,-7.3935594,112.6985145,1.1864187533351296,1.48136907037599,4.851338871602977,6.577660010602659,2.542483506146988,5.866411090244975,1.3258091147309465,0.965503316787398,4.233206047000368,6.218272415599089,8.862930700090239,4.233206047000368,19.57091431625452
390000000,Sedati,2,1,1,"Garasi, Halaman, Air, Tanpa perabotan, Dapur lengkap, Tangki air, Listrik, Teras","Area anak-anak, Taman atap, Keamanan 24 jam, Taman, Rumah jaga",1,36,90,-7.4116156,112.7751727,4.378857305990129,7.024136606625692,3.0953938837727906,3.832717919206613,4.651452782395437,9.164524505996576,6.696313222528565,4.433224834057655,7.266826928210781,4.771426545497181,4.771426545497181,7.266826928210781,12.097331736682186
750000000,Buduran,3,2,2,"Garasi, Listrik, Fully fenced, Halaman, Deck, Wifi","Cctv, Taman, Area anak-anak, Rumah jaga",2,36,90,-7.425129,112.7230909,1.9103003698000902,1.3979537096236054,1.1061051005356428,1.0526762945523878,2.292918065434631,2.740648466165926,2.107458689324181,1.941617938784703,5.114345547745976,5.4945153920255425,8.711963206887251,4.531137011819095,22.156650809373637
515000000,Sedati,2,1,1,"Garasi, Halaman, Listrik, Deck, Pemandangan panorama, Air, Sebagian perabotan","Gym, Taman, Keamanan 24 jam, Area anak-anak, Rumah jaga",1,36,90,-7.3717382,112.7637336,1.055519877025291,2.530923798102005,2.379729331388422,5.851397800947302,0.9257784557090415,4.842332909048748,1.4579604227115026,0.3438129111791732,5.271921530692562,2.61675989183757,1.7440892700706567,5.39617650965365,7.514619112655263
600000000,Wonoayu,3,2,0,"Air, Tanpa perabotan, Listrik, Fully fenced",Keamanan,1,36,90,-7.4153401,112.6526416,0.0,0.5016777249553162,3.3907782267773303,8.747624687819513,3.158621116696326,7.784471201879207,6.292202581632265,3.618774216731883,6.530712820574279,8.564229992624663,16.13250622217759,6.530712820574279,24.822655702167605
460000000,Sedati,2,1,1,"Balkon, Halaman, Dapur lengkap, Sebagian perabotan",Keamanan,2,36,90,-7.3717382,112.7637336,1.055519877025291,2.530923798102005,2.379729331388422,5.851397800947302,0.9257784557090415,4.842332909048748,1.4579604227115026,0.3438129111791732,5.271921530692562,2.61675989183757,1.7440892700706567,5.39617650965365,7.514619112655263
525000000,Sidoarjo,2,1,1,"Garasi, Halaman, Gas alam, Listrik, Pemandangan panorama, Alarm, Air, Wifi",Keamanan,1,36,90,-7.4431189,112.6767891,1.7457678523279967,1.1953801128792323,1.7998687844470043,4.596694071042763,1.7457678523279967,3.6335405851024545,3.587882211282439,2.5526084997180294,5.774368037678511,6.617073458943342,16.00707152878414,5.926942459467062,27.186909464147792
450000000,Sedati,2,1,1,"Garasi, Halaman, Tanpa perabotan, Fully fenced, Internet, Listrik, Teras",Keamanan 24 jam,1,36,90,-7.3717382,112.7637336,1.055519877025291,2.530923798102005,2.379729331388422,5.851397800947302,0.9257784557090415,4.842332909048748,1.4579604227115026,0.3438129111791732,5.271921530692562,2.61675989183757,1.7440892700706567,5.39617650965365,7.514619112655263
764000000,Buduran,3,2,2,"Garasi, AC, Halaman, Alarm, Teras, Internet, Dapur terpadu, Tangki air, Tanpa perabotan, Wifi","Keamanan, Area anak-anak, Taman atap, Keamanan 24 jam, Cctv, Taman, Rumah jaga",2,36,90,-7.4193666,112.7658623,3.9091362984048392,7.419714836003202,4.031839176534672,7.258130987259149,5.70873098148434,9.081723396288819,6.677534066317509,3.554817723887316,7.59910816737102,7.3596212152034255,7.3596212152034255,7.59910816737102,11.53567315133959
751520000,Waru,2,1,1,"Garasi, AC, Dapur lengkap, Dapur terpadu, Pemandangan panorama, Halaman, Tangki air, Lemari pakaian bawaan, Perapian, Air, Rubanah, Deck, Wifi, Internet, Balkon, Pemanasan, Jacuzzi, Kabel video, Ruang layanan, Alarm, Gas alam, Ruang kantor, Listrik, Teras, Fully fenced","Keamanan, Gym, Area anak-anak, Sauna, Taman, Taman atap, Rumah jaga, Lapangan tenis, Spa, Cctv, Kolam renang, Angkat, Pustaka, Pramutamu, Panggang, Akses bagi penyandang disabilitas, Keamanan 24 jam",39,36,90,-7.35493108,112.7813714,3.6718269540829613,2.771657890031948,2.964367669359487,2.9713792932006733,1.4699805353352455,7.60928541688032,1.6452155255666405,1.0484808235555927,6.224186403995055,4.223181811583132,4.10346561054252,6.2053272534134125,1.3090907494876272
675050000,Waru,2,1,1,"Garasi, AC, Dapur lengkap, Dapur terpadu, Pemandangan panorama, Halaman, Tangki air, Lemari pakaian bawaan, Perapian, Air, Rubanah, Teras, Fully fenced, Internet, Balkon, Pemanasan, Jacuzzi, Kabel video, Ruang layanan, Alarm, Gas alam, Ruang kantor, Listrik, Tanpa perabotan, Deck, Wifi","Keamanan, Gym, Area anak-anak, Sauna, Taman, Taman atap, Rumah jaga, Lapangan tenis, Spa, Cctv, Kolam renang, Angkat, Pustaka, Pramutamu, Panggang, Akses bagi penyandang disabilitas, Keamanan 24 jam",36,36,90,-7.35698005,112.7859905,4.179675729302811,3.2795066652517972,3.4585868266895936,3.306078170215656,1.9778293105550957,8.088478787525482,2.15306430078649,0.8597779431589028,6.732035179214906,4.6563143437053025,5.5062355658299325,6.732035179214906,2.7304623759642097
900000000,Waru,5,2,0,"Air, Tanpa perabotan, Listrik","Keamanan, Keamanan 24 jam",2,36,90,-7.363997,112.7668821,1.5714609484054958,1.9185944407096918,1.8400617966442778,5.0734458968602345,1.52940014536337,5.42882495021883,0.845631065319189,1.6801986941360043,5.602238333696135,3.953145674794401,2.7229861776771203,5.602238333696135,6.902289755262947
650000000,Buduran,2,1,0,"Air, Tanpa perabotan, Listrik","Keamanan, Keamanan 24 jam",1,36,90,-7.4116365,112.7572029,2.3248217332981422,5.819881313526344,2.795282195326407,5.35867035552531,4.472174000276074,7.850549709586548,5.077700543840653,1.954984201410457,5.999274644894163,6.123064233995161,5.353388873722373,5.999274644894163,24.073686900470413
800000000,Waru,4,3,3,"Dapur terpadu, Gas alam, Listrik, Tangki air, Air, Tanpa perabotan","Keamanan, Keamanan 24 jam",2,36,90,-7.3588392,112.7583752,0.7055536448648411,0.6797170360609808,0.44384905616355974,3.793098972227371,0.7508793461402002,4.501491454153625,0.6701328611692223,2.4479435758797363,4.332121171297934,4.5730321654016315,3.3428726682843513,4.332121171297934,5.702783242966833
580000000,Sukodono,2,1,0,"AC, Air, Tanpa perabotan, Halaman, Listrik, Teras","Keamanan, Keamanan 24 jam, Taman",1,36,90,-7.3992549,112.6761485,0.63014909307769,2.5851079621003,3.6361075838356505,6.815155117211812,1.146856292795037,8.029800558937527,5.24253947301208,1.0814821617696344,8.179380092266385,9.183686895445256,12.809104745356251,8.179380092266385,20.821277890180884
475000000,Sidoarjo,2,1,1,"Garasi, Perapian, Wifi, Halaman, Listrik","Keamanan, Kolam renang, Gym, Keamanan 24 jam",1,36,90,-7.4578331,112.7278553,1.390739392173346,0.7332732192499389,0.8470960599931926,2.190805415100202,0.7713552055421273,2.5933904320053216,1.295063782536818,0.7523799919881262,2.318659849797474,2.5227085890016077,13.332655862362413,2.410060822626685,4.422371013873415
350000000,Tulangan,2,1,1,"Garasi, Tangki air, Air, Teras, Halaman, Ruang kantor, Tanpa perabotan, Wifi","Keamanan, Rumah jaga, Area anak-anak, Lapangan tenis",1,36,90,-7.4785275,112.6523062,5.959844359159948,6.3088266724255995,5.468277067228424,8.555883235431844,5.866157421165241,8.736845341205537,5.785596446714782,3.5698903706811955,2.1359938305128123,8.876812923312508,21.286449542524362,2.1633344798700938,15.873374612952961
780000000,Tulangan,2,1,1,"Internet, Listrik, Halaman, Tanpa perabotan","Keamanan, Rumah jaga, Taman, Keamanan 24 jam",1,36,90,-7.45093908,112.6243345,6.8546279900055564,6.551932654352831,6.126588284944437,11.461184897325627,7.046782701789127,10.498031411385316,8.876669844019727,6.03016434417282,4.496688275639523,7.817529288796052,22.01895071664124,4.496688275639523,20.669483064687483
375000000,Krian,2,1,1,"Internet, Air, Pemandangan panorama, Tanpa perabotan","Keamanan, Taman, Area anak-anak, Keamanan 24 jam",1,36,90,-7.3970707,112.601646,4.333152265592348,3.7300306799605716,3.6014387151419998,12.062121377784631,3.7545232839128486,14.10620332171843,12.380515392861145,1.743892992537021,2.9332404597671693,2.9811944234678687,20.778868423391764,4.252953456664049,26.093237212558194
500000000,Sedati,2,1,0,"Dapur lengkap, Listrik, Fully fenced, Air, Sebagian perabotan","Rumah jaga, Keamanan 24 jam",1,36,90,-7.3788716,112.787289,4.039927467441097,4.925339051595163,5.508298874003851,7.181682536940493,3.8716177428717984,7.405171542534237,4.020799056196991,0.9695800161979928,7.821546381327012,1.8416401416545642,0.0,7.945801360288098,5.839386206753922
650000000,Taman,3,2,1,"Garasi, Listrik, Deck, Halaman, Tanpa perabotan, Fully fenced",Taman,2,36,90,-7.34367722,112.6990447,5.080673468912014,0.5790881052878494,0.6998324190526879,1.6936748069628982,0.36260125071615334,3.3710170344832537,4.578246693423594,1.3500092256519745,0.7385124809998357,2.5341599683298104,9.178297919479924,0.6774895408808619,
601000000,Krian,2,1,0,"Garasi, Teras","Taman, Keamanan 24 jam",1,36,90,-7.40299,112.5873906,5.68090260756706,1.9083638113319348,1.678408623446373,13.409871719759343,1.9328564152842116,14.677130142466066,13.78695268856986,0.7341682060815213,1.1115735911385332,1.1595275548392323,22.126618765366466,1.0661518686873248,27.440987554532907
335,Sukodono,2,1,1,"Garasi, Sebagian perabotan, Listrik, Fully fenced",Tidak Ada,1,36,90,-7.39918762,112.6365627,2.5790018812088333,2.4959865540204533,6.779367246857399,9.627217494471124,5.061333021635195,11.08540154146113,8.47726176556755,3.9917563331162724,3.2011356504127666,6.998323466195235,16.929571016983356,3.2011356504127666,23.658333329244684
2000000000,Waru,4,3,3,Tanpa perabotan,Tidak Ada,2,36,90,-7.3515939,112.7822375,4.066597741087892,4.564866127306565,4.743946288744359,2.5562233566136876,1.7488436600695425,9.373838249580244,1.8928547302894017,0.7447274137190238,7.900521438661398,5.941673805760069,4.756380752227961,7.881662288079755,1.5567299542103883
1100000000,Buduran,4,2,0,Tanpa perabotan,Tidak Ada,2,36,90,-7.4221052,112.7112938,2.3826314844818635,1.9704591021094495,2.2113107272376786,2.1578819212544236,3.17977597084998,3.0457346273155603,1.544608409230862,1.544608409230862,6.219551174448011,6.599721018727577,10.039669924312806,5.250799290960491,23.297430021214154
600000000,Buduran,6,3,0,Tanpa perabotan,Tidak Ada,2,36,90,-7.443083,112.7029373,1.1857070256225555,0.4021579183646985,0.7834004263724801,1.3311450920068886,0.9505367334347296,2.1471526452772247,0.9742082511083943,2.449890868290636,3.501375292173968,4.501648892518625,12.53815986197916,2.458508323027281,0.9374358928731202
165000000,Sidoarjo,2,1,1,Tanpa perabotan,Tidak Ada,1,36,90,-7.43309838,112.668657,1.7762791212348532,2.9264672359483783,2.744862301280222,5.341064437089349,2.430135489720161,4.37791095114904,5.210637232213815,23.06678384221472,5.395909403229713,8.238875379122915,15.4107686796647,5.5484838250182635,24.748291284734975
385000000,Sukodono,2,1,0,Tanpa perabotan,Tidak Ada,1,36,90,-7.409469,112.6710278,0.632910734984057,1.3193081064231862,2.3513218847081454,7.708168345750331,0.6773612084022693,6.745014859810024,4.280122591001791,0.5910532833303035,7.536345125713114,10.605979287783894,13.271131941782262,7.536345125713114,21.843945693492014
532000000,Sukodono,2,1,1,Tanpa perabotan,Tidak Ada,1,36,90,-7.4067756,112.6990146,2.1779244858155926,0.8858183390422368,3.797287333428393,4.770483341232913,4.192255750806685,5.576801625531176,0.7302583833971933,0.40804778055583585,4.354771099041677,7.839603080807018,8.984495752131547,4.354771099041677,20.897013723569515
565000000,Candi,2,1,1,Tanpa perabotan,Tidak Ada,1,36,90,-7.4756283,112.6936111,2.3378397304505545,3.631300929594874,4.185688221134529,4.492006947924647,2.8713993421247004,5.611119969878313,2.79083836767424,2.478466957698391,4.65088395706814,3.428334598474968,17.177965633464268,5.433447071392367,12.726310090904818
990000000,Waru,3,2,0,Tanpa perabotan,Tidak Ada,1,36,90,-7.3432711,112.7683327,1.3773391833947835,1.996591986447833,2.1701114603409626,3.593820910175113,1.4414149160324587,6.581760473425328,0.3849449750522403,1.6279901425770593,5.102823169913415,5.914417177830931,5.79397830578939,5.083964019331772,5.1011870397206005
1500000000,Gedangan,5,3,3,Tanpa perabotan,Tidak Ada,1,36,90,-7.391717,112.7306136,0.8115989833403509,1.2296907751802062,1.3762109137637843,4.585753044521643,1.4034353009796,3.817373400265077,0.5705500717107087,1.3373332734012966,1.0506060988884838,6.1397680608111616,4.81885224449152,1.0506060988884838,
750000000,Gedangan,2,2,2,Tanpa perabotan,Tidak Ada,1,36,90,-7.391717,112.7306136,0.8115989833403509,1.2296907751802062,1.3762109137637843,4.585753044521643,1.4034353009796,3.817373400265077,0.5705500717107087,1.3373332734012966,1.0506060988884838,6.1397680608111616,4.81885224449152,1.0506060988884838,
1200000000,Tulangan,3,2,0,Tanpa perabotan,Tidak Ada,1,36,90,-7.4726134,112.6675398,3.7884851569477536,4.410160491784239,3.569610886587065,7.488079049718875,3.9674912405238794,6.838179160564179,3.8869302660734184,1.671224190039835,3.4142532438342563,6.978146742671149,19.387783361882995,3.441593893191538,14.731384268983101
564000000,Buduran,2,1,1,"Garasi, AC, Kabel video, Tangki air, Listrik, Wifi, Internet, Pemandangan panorama, Halaman, Air, Tanpa perabotan","Keamanan, Gym, Taman, Keamanan 24 jam, Cctv, Area anak-anak, Rumah jaga",1,38,90,-7.425129,112.7230909,1.9103003698000902,1.3979537096236054,1.1061051005356428,1.0526762945523878,2.292918065434631,2.740648466165926,2.107458689324181,1.941617938784703,5.114345547745976,5.4945153920255425,8.711963206887251,4.531137011819095,22.156650809373637
765900000,Sidoarjo,2,1,1,"Garasi, Air, Halaman, Listrik","Keamanan, Rumah jaga, Kolam renang, Keamanan 24 jam",1,39,90,-7.44942446,112.6835131,1.9175159581555192,1.2011967645129127,1.357468793030383,4.592368919233159,1.9175159581555192,3.629215433292851,2.5244470825871934,2.6315503424412223,5.531606262985522,5.553638330248094,16.178819634611667,5.431383583336578,17.81399914904285
408010000,Krembung,2,1,1,"Garasi, AC, Dapur lengkap, Dapur terpadu, Halaman, Alarm, Gas alam, Air, Rubanah, Fully fenced, Internet, Balkon, Pemanasan, Jacuzzi, Tangki air, Lemari pakaian bawaan, Perapian, Listrik, Deck, Wifi","Cctv, Area anak-anak, Pustaka, Pramutamu, Rumah jaga, Gym, Angkat, Taman, Panggang, Akses bagi penyandang disabilitas",1,40,90,-7.50875445,112.6226665,4.047952020812177,10.390887302083632,11.026313884483448,10.243300529016283,8.071318606008576,14.294882158460563,9.489830731736859,9.12792718793622,7.255431005340285,14.434849740567536,26.84448635977937,7.255431005340285,21.431411430207987
479850000,Sidoarjo,2,1,1,"Garasi, AC, Dapur lengkap, Dapur terpadu, Pemandangan panorama, Lemari pakaian bawaan, Perapian, Listrik, Tanpa perabotan, Fully fenced, Internet, Balkon, Pemanasan, Jacuzzi, Alarm, Gas alam, Ruang kantor, Rubanah, Deck","Cctv, Area anak-anak, Pustaka, Pramutamu, Rumah jaga, Gym, Angkat, Taman, Panggang, Akses bagi penyandang disabilitas",1,40,90,-7.412324,112.5378369,14.107773876552127,4.521358591772457,5.73924983349377,19.679890962921075,5.993697625331609,20.980962778580064,19.675099372211758,0.17646865657484465,4.247567860248099,5.531233316358311,28.396638008528203,4.535996651429462,33.71100679769462
440000000,Sedati,2,1,0,"Kabel video, Wifi","Cctv, Taman, Kolam renang",1,40,90,-7.3928719,112.7896966,2.24236023786975,7.607090304395688,5.280769360591062,5.384115307369147,3.7707608606255794,8.472306267397407,6.534126929005186,4.844033147881783,7.807302935725034,2.367128023510339,5.813613164079775,7.93155791468612,9.653381328893913
393000000,Gedangan,2,1,1,"Garasi, AC, Air, Tanpa perabotan, Fully fenced, Internet, Halaman, Listrik, Teras, Wifi","Keamanan, Area anak-anak, Panggang, Lapangan tenis, Cctv, Taman, Rumah jaga, Keamanan 24 jam",1,40,90,-7.3896762,112.7279598,0.15876730662380215,1.7772577553113862,1.211822739958879,4.456698371394396,0.27487645045464526,2.688814549740123,0.9275869930203207,0.20877442287634204,0.08462472979404548,5.011209210286206,4.714349382883914,0.08462472979404548,
395000000,Buduran,2,1,1,"Garasi, AC, Air, Tanpa perabotan, Fully fenced, Internet, Halaman, Listrik, Teras, Wifi","Keamanan, Area anak-anak, Panggang, Lapangan tenis, Cctv, Taman, Rumah jaga, Keamanan 24 jam",1,40,90,-7.425129,112.7230909,1.9103003698000902,1.3979537096236054,1.1061051005356428,1.0526762945523878,2.292918065434631,2.740648466165926,2.107458689324181,1.941617938784703,5.114345547745976,5.4945153920255425,8.711963206887251,4.531137011819095,22.156650809373637
695000000,Krembung,2,1,1,"Garasi, Dapur terpadu, Halaman, Listrik, AC, Pemandangan panorama, Air, Tanpa perabotan","Keamanan, Gym, Taman, Keamanan 24 jam, Cctv, Area anak-anak, Rumah jaga",1,40,90,-7.50875445,112.6226665,4.047952020812177,10.390887302083632,11.026313884483448,10.243300529016283,8.071318606008576,14.294882158460563,9.489830731736859,9.12792718793622,7.255431005340285,14.434849740567536,26.84448635977937,7.255431005340285,21.431411430207987
1750000000,Sidoarjo,7,6,0,"Dapur lengkap, Listrik, Teras, Halaman, Sebagian perabotan","Keamanan, Keamanan 24 jam, Rumah jaga",1,40,90,-7.45642007,112.7082216,2.2210276758499194,1.2067600479521758,1.208938213857648,1.2141471613803654,1.5144943262488355,1.494936430428982,1.2031366549281257,2.3407580568239688,2.16699708099197,3.3759293836863273,13.347196750977929,1.0434071202971433,1.8130696213116044
405000000,Wonoayu,2,1,1,"Kabel video, Ruang layanan, Air, Wifi, Halaman, Tangki air, Teras","Keamanan, Sauna, Lapangan tenis, Spa, Kolam renang, Taman atap, Keamanan 24 jam",1,40,90,-7.446138,112.6514882,3.7854739776183073,3.5780614086982103,2.194564527519025,7.529161139900217,4.6782349211854495,6.566007653959908,4.944646086594313,3.4666806119499323,2.316424651329201,7.973837334255214,18.280959853957583,2.316424651329201,19.319269395448217
409500000,Sedati,2,1,1,"Pemandangan panorama, Halaman, Tangki air, Air, Teras, Kabel video, Ruang layanan, Ruang kantor, Tanpa perabotan, Wifi","Keamanan, Sauna, Lapangan tenis, Spa, Kolam renang, Taman atap, Keamanan 24 jam",1,40,90,-7.3717382,112.7637336,1.055519877025291,2.530923798102005,2.379729331388422,5.851397800947302,0.9257784557090415,4.842332909048748,1.4579604227115026,0.3438129111791732,5.271921530692562,2.61675989183757,1.7440892700706567,5.39617650965365,7.514619112655263
390000000,Sidoarjo,2,1,1,"Garasi, AC, Air, Tanpa perabotan, Fully fenced, Internet, Halaman, Listrik, Teras, Wifi","Keamanan, Taman, Rumah jaga, Keamanan 24 jam, Area anak-anak, Panggang, Lapangan tenis",1,40,90,-7.4609599,112.7360198,1.271757054321554,1.1638893753123887,1.8379055293357056,3.0954058661165003,1.8920468242595156,3.5911037805367965,0.09158569780299891,1.6600964431403724,3.3163731983289493,3.43171793057723,12.346043291136704,3.389215218538126,5.42008436240489
405000000,Waru,2,1,1,"Garasi, Halaman, Listrik, Teras, Wifi, Internet, Air, Tanpa perabotan, Fully fenced","Keamanan, Taman, Rumah jaga, Keamanan 24 jam, Area anak-anak, Panggang, Lapangan tenis",1,40,90,-7.3503078,112.7674661,1.1043800195281273,1.2290062172207443,1.4454635210614053,3.972977345129623,0.373224262078175,5.970825656630798,4.2381937748698695,0.837264716423595,4.491888353118883,5.123691751677464,3.8935322545601827,4.47302920253724,5.266527027923425
394000000,Waru,2,1,1,"Garasi, AC, Alarm, Listrik, Teras, Wifi, Internet, Halaman, Air, Tanpa perabotan, Fully fenced","Keamanan, Taman, Rumah jaga, Keamanan 24 jam, Cctv, Panggang, Lapangan tenis",1,40,90,-7.3588392,112.7583752,0.7055536448648411,0.6797170360609808,0.44384905616355974,3.793098972227371,0.7508793461402002,4.501491454153625,0.6701328611692223,2.4479435758797363,4.332121171297934,4.5730321654016315,3.3428726682843513,4.332121171297934,5.702783242966833
30000000,Taman,2,1,1,"Pemandangan panorama, Tanpa perabotan, Halaman, Fully fenced","Kolam renang, Rumah jaga, Taman, Lapangan tenis",1,40,90,-7.3589157,112.6810879,3.9588870313689504,1.8922879611273187,1.7269925455652768,1.860381440561247,1.6307702969247724,5.065770284948138,3.45646025588053,1.2344084776832336,2.750366669974466,4.228913218794694,10.552135424363875,2.580458966375853,
390000000,Sedati,2,1,0,Wifi,Rumah jaga,1,40,90,-7.3717382,112.7637336,1.055519877025291,2.530923798102005,2.379729331388422,5.851397800947302,0.9257784557090415,4.842332909048748,1.4579604227115026,0.3438129111791732,5.271921530692562,2.61675989183757,1.7440892700706567,5.39617650965365,7.514619112655263
464300000,Gedangan,2,1,1,"Garasi, Balkon, Pemanasan, Lemari pakaian bawaan, Listrik, Tanpa perabotan, Fully fenced, AC, Dapur lengkap, Alarm, Perapian, Rubanah, Deck","Cctv, Area anak-anak, Taman, Panggang, Akses bagi penyandang disabilitas, Gym, Sauna, Pramutamu, Rumah jaga",1,41,90,-7.3977218,112.7226611,1.5681684574422907,1.97095396957864,1.3611952000973833,4.023094415412894,1.3302404559076808,4.098215700558612,1.1212832072875747,0.9768116380864775,1.5327871425899056,6.710219007064925,6.162511795679775,1.5327871425899056,19.607199398166163
380000000,Candi,2,1,1,"Garasi, Halaman, Listrik, Wifi, Pemandangan panorama, Air, Tanpa perabotan","Keamanan, Area anak-anak, Rumah jaga, Keamanan 24 jam, Cctv, Taman, Akses bagi penyandang disabilitas",1,42,90,-7.46736755,112.702364,1.7425592989850236,2.27640515664852,1.2997852956469353,2.3429848666780484,1.9202836284896596,2.9882088247422347,2.2244938499808904,1.4083635128359724,2.337679630892802,1.5719485552880643,14.864761307288925,2.9256006049126455,2.6619603936104443
725000000,Gedangan,2,2,2,"Garasi, Dapur terpadu, Halaman, Listrik, AC, Pemandangan panorama, Air, Tanpa perabotan","Keamanan, Gym, Taman, Keamanan 24 jam, Cctv, Area anak-anak, Rumah jaga",2,42,90,-7.371733,112.728444,1.2951770095936286,1.7195738041734285,1.2040161274723182,3.4481034458723827,1.1947700870984646,0.6366212841192346,0.8665328049800437,0.9481833894958395,2.9895240878694986,2.9590159446653193,4.334588056752031,2.8416775602592725,
380000000,Waru,2,1,1,"Garasi, AC, Halaman, Listrik, Teras, Wifi, Internet, Kabel video, Air, Tanpa perabotan, Fully fenced","Keamanan, Kolam renang, Taman, Rumah jaga, Cctv, Area anak-anak, Panggang, Lapangan tenis",1,42,90,-7.3432711,112.7683327,1.3773391833947835,1.996591986447833,2.1701114603409626,3.593820910175113,1.4414149160324587,6.581760473425328,0.3849449750522403,1.6279901425770593,5.102823169913415,5.914417177830931,5.79397830578939,5.083964019331772,5.1011870397206005
75000000,Candi,1,1,1,"Air, Tanpa perabotan, Listrik",Tidak Ada,1,42,90,-7.491211,112.7488052,2.819264976858749,5.206143595363739,5.4594669654019805,6.379164985537752,4.543136404457371,7.951131545491055,5.187060188768011,2.880837257627728,6.328633649020116,6.078052993048451,17.546541295340408,6.242121027817879,17.37386859887022
1500000000,Buduran,2,1,0,Tanpa perabotan,Tidak Ada,1,42,90,-7.443083,112.7029373,1.1857070256225555,0.4021579183646985,0.7834004263724801,1.3311450920068886,0.9505367334347296,2.1471526452772247,0.9742082511083943,2.449890868290636,3.501375292173968,4.501648892518625,12.53815986197916,2.458508323027281,0.9374358928731202
562000000,Taman,2,1,1,"Garasi, AC, Kabel video, Tangki air, Listrik, Wifi, Internet, Pemandangan panorama, Halaman, Air, Tanpa perabotan","Keamanan, Gym, Taman, Akses bagi penyandang disabilitas, Cctv, Area anak-anak, Rumah jaga, Keamanan 24 jam",1,44,90,-7.340531,112.7077638,5.039305163870843,1.7939685529505667,1.3888149580684748,2.7371271316244945,1.397520667766578,4.059999573499041,6.423217751225949,2.815031920392889,1.531673722084069,3.2231425073455973,9.86728045849571,1.3664720798966488,
382750000,Tulangan,2,1,1,"Garasi, Halaman, Air, Tanpa perabotan, Fully fenced, Internet, Ruang kantor, Listrik, Teras, Wifi","Keamanan, Kolam renang, Taman, Keamanan 24 jam, Cctv, Area anak-anak, Rumah jaga",1,44,90,-7.4812926,112.6468606,6.327984245615995,6.601769438025699,5.761219832828524,8.92402312188789,6.15910018676534,9.029788106805638,6.0785392123148805,3.862833136281295,1.9903369536853601,9.169755688912613,21.57939230812446,1.9903369536853601,16.16631737855306
390000000,Taman,2,1,1,"Tanpa perabotan, Fully fenced","Area anak-anak, Keamanan 24 jam, Taman",1,45,90,-7.3479081,112.6915096,3.8580221331145474,0.586631955426932,0.21558603813385313,0.46598778676139524,0.10663598435969465,4.243623280748635,3.355595357626128,0.41156127504584505,1.0493483094808966,3.406766214595192,10.050904165745305,0.8794406058822835,
1600000000,Sedati,4,3,3,"AC, Sebagian perabotan, Listrik, Fully fenced",Keamanan 24 jam,1,45,90,-7.36775677,112.7620843,1.6839548188974625,2.055996373187455,1.8201283932900336,4.928564453093265,1.5542133975812127,4.467753549412129,1.176672843509437,1.120106244187845,5.457356889929166,3.2451948337097405,2.0150353365924603,5.457356889929166,7.079062580093305
382200000,Jabon,2,1,1,"Garasi, Dapur terpadu, Halaman, Air, Tanpa perabotan, Fully fenced, Internet, Kabel video, Ruang kantor, Listrik, Teras, Wifi","Keamanan, Kolam renang, Taman, Lapangan tenis, Cctv, Area anak-anak, Rumah jaga, Keamanan 24 jam",1,45,90,-7.5480009,112.7312447,10.482708429352666,9.169476026636039,13.917906928238672,5.044478331054264,4.971086828859826,15.21807949851011,5.484787631629614,4.968070679648944,5.024964837735347,13.345000946067502,26.004981258177104,5.024964837735347,
382450000,Sidoarjo,2,1,1,"Garasi, Dapur terpadu, Ruang layanan, Air, Tanpa perabotan, Fully fenced, Internet, Halaman, Ruang kantor, Listrik, Teras","Keamanan, Kolam renang, Taman, Rumah jaga, Keamanan 24 jam, Cctv, Area anak-anak, Taman atap, Lapangan tenis",1,45,90,-7.44977187,112.7015496,1.418867546113402,1.3473282165336105,1.6196508465489468,1.1611435311078238,1.125437344093236,1.7112317906415684,0.8042066902093296,2.8773550012846476,2.9627882173951483,3.9766351559257362,13.48333016014807,2.288506762128217,0.5015150382374634
1300000000,Waru,3,3,0,"Air, Tanpa perabotan, Listrik","Keamanan, Rumah jaga, Area anak-anak",2,45,90,-7.3562163,112.7610386,0.2068755532548243,0.40530057858763596,0.3211990223331015,3.68962514617358,0.6474055200864081,5.061142208707483,0.7738409271697659,2.141930654873926,4.228647345244142,4.759065142419804,3.528905645302524,4.228647345244142,5.428366785493488
457500000,Candi,2,1,1,"Garasi, Tanpa perabotan, Halaman","Keamanan, Taman, Keamanan 24 jam, Area anak-anak, Rumah jaga",1,45,90,-7.4954581,112.7172708,2.1185347982613263,4.699320457772185,4.07238676378539,2.058713489535536,3.9591337214704234,5.954884318615188,5.202384141115561,2.5780743869552514,2.521495627081317,4.081805766172582,17.56186524768796,2.43498300587908,14.568753057621947
500000000,Sidoarjo,2,1,0,"Halaman, Listrik, Air, Tanpa perabotan",Tidak Ada,1,46,90,-7.4156902,112.5443916,13.178631299382367,3.6561073076101263,4.87399854933144,18.848453071711027,5.128446341169279,20.11571149441775,18.809848088049428,0.6041086875135379,3.898970245075611,4.6659820321959815,27.565200117318156,4.1873990362569735,32.87956890648457
300000000,Gedangan,2,1,0,"Air, Tanpa perabotan, Listrik, Teras",Tidak Ada,1,48,90,-7.3991599,112.7464556,0.8202171269789998,2.7604781922182458,2.230772689710261,5.510793564681522,2.853430658026169,5.948787948034395,2.4326548081211206,1.5083779877401877,3.3151205596546127,4.877950964339934,3.8212841148891985,3.3151205596546127,9.210795617820745
650000000,Waru,2,1,0,"Garasi, Halaman, Listrik, Fully fenced, Internet, Air, Tanpa perabotan",Keamanan 24 jam,1,50,90,-7.34506052,112.7493553,1.9731217512507502,1.1040494518066728,2.24985345389341,2.348836580735192,1.927796049975391,4.271611164158526,1.77610919997405,2.8619774938539813,2.887858779805756,4.3641670474840755,5.566344343082287,2.868999629224113,
460000000,Porong,2,1,1,"Tanpa perabotan, Fully fenced","Area anak-anak, Keamanan 24 jam, Taman",1,54,90,-7.5402368,112.69314,6.558201123842492,4.349073216121524,9.41107463817013,0.8957170240667418,0.9162561504355617,11.293572192999934,0.514138071615595,0.6162631083201825,1.226677013254889,9.420493640557325,23.17012467554663,1.226677013254889,
500000000,Sukodono,1,2,1,"Garasi, Tanpa perabotan, Air",Keamanan,1,54,90,-7.394061,112.6738809,0.841154992744694,2.8766357093749213,3.90864948765988,5.892745571598778,0.28135023959614064,8.302342462761755,3.9226349198224835,1.3540240655938636,6.782730801011997,8.261277349832222,11.88669519974322,6.612823097413383,19.898868344567852
300000000,Waru,2,1,1,"Pemandangan panorama, Listrik, Fully fenced, Halaman, Tanpa perabotan","Keamanan, Kolam renang, Taman, Gym, Area anak-anak, Akses bagi penyandang disabilitas",1,54,90,-7.3503078,112.7674661,1.1043800195281273,1.2290062172207443,1.4454635210614053,3.972977345129623,0.373224262078175,5.970825656630798,4.2381937748698695,0.837264716423595,4.491888353118883,5.123691751677464,3.8935322545601827,4.47302920253724,5.266527027923425
450000000,Sidoarjo,2,1,1,"Halaman, Listrik, Air, Tanpa perabotan","Kolam renang, Rumah jaga, Taman, Keamanan 24 jam",1,54,90,-7.44977187,112.7015496,1.418867546113402,1.3473282165336105,1.6196508465489468,1.1611435311078238,1.125437344093236,1.7112317906415684,0.8042066902093296,2.8773550012846476,2.9627882173951483,3.9766351559257362,13.48333016014807,2.288506762128217,0.5015150382374634
479820000,Taman,2,1,1,"Tanpa perabotan, Fully fenced","Area anak-anak, Keamanan 24 jam, Taman",1,55,90,-7.340531,112.7077638,5.039305163870843,1.7939685529505667,1.3888149580684748,2.7371271316244945,1.397520667766578,4.059999573499041,6.423217751225949,2.815031920392889,1.531673722084069,3.2231425073455973,9.86728045849571,1.3664720798966488,
527000000,Sedati,2,1,1,"Air, Tanpa perabotan, Listrik",Tidak Ada,1,55,90,-7.3978516,112.8151735,2.3132317894156205,10.652592531346967,6.99905778002649,3.734382362535987,7.470548767861332,12.17209417463316,9.990713232503241,5.373574823607971,10.65579960349156,5.220337979807846,5.320644837486251,10.65579960349156,10.1829230046201
458460000,Sedati,3,1,1,"Air, Fully fenced, Tanpa perabotan","Area anak-anak, Rumah jaga, Taman, Keamanan 24 jam",1,56,90,-7.3839793,112.7755718,2.0292524464020425,5.640468051503654,3.3141471076990245,4.489218643872812,1.8041386077335435,6.505684014505372,4.567504676113153,2.269511249441655,5.840680682832996,0.22930244223203375,0.22930244223203375,5.964935661794083,7.840490276509782
320030000,Gedangan,2,1,1,"Garasi, Pemandangan panorama, Air, Tanpa perabotan, Dapur terpadu, Halaman, Listrik","Keamanan, Area anak-anak, Rumah jaga, Cctv, Taman, Keamanan 24 jam",1,56,90,-7.3896762,112.7279598,0.15876730662380215,1.7772577553113862,1.211822739958879,4.456698371394396,0.27487645045464526,2.688814549740123,0.9275869930203207,0.20877442287634204,0.08462472979404548,5.011209210286206,4.714349382883914,0.08462472979404548,
552000000,Prambon,2,1,1,"Garasi, Dapur terpadu, Air, Tanpa perabotan, AC, Halaman, Listrik","Keamanan, Gym, Taman, Keamanan 24 jam, Cctv, Area anak-anak, Rumah jaga",1,56,90,-7.4457506,112.5707595,7.512014842614802,4.413471279544865,4.167224302933794,17.946631751405608,4.087033104640439,16.983478265465305,15.362116698099713,4.647398505602523,2.6833364349015367,4.552517385946838,27.50818547705052,2.3451889804078943,32.82255426621694
417000000,Tarik,2,1,1,"Garasi, Dapur terpadu, Air, Tanpa perabotan, AC, Halaman, Listrik","Keamanan, Gym, Taman, Keamanan 24 jam, Cctv, Area anak-anak, Rumah jaga",1,56,90,-7.4590581,112.516509,10.661532393641243,10.645926250015043,11.540432570954293,24.82677729069133,7.654820329466716,23.863623804751025,21.96193050239206,6.184410663527821,0.20279086375452424,11.655800974600897,34.555019059723044,0.20279086375452424,31.626872116404844
688000000,Porong,2,1,1,"Garasi, Halaman, Listrik, Dapur terpadu, Air, Sebagian perabotan","Keamanan, Gym, Taman, Keamanan 24 jam, Cctv, Area anak-anak, Rumah jaga",1,56,90,-7.5402368,112.69314,6.558201123842492,4.349073216121524,9.41107463817013,0.8957170240667418,0.9162561504355617,11.293572192999934,0.514138071615595,0.6162631083201825,1.226677013254889,9.420493640557325,23.17012467554663,1.226677013254889,
275000000,Krian,2,1,1,"Garasi, Pemandangan panorama, Listrik, Teras, Dapur lengkap, Halaman, Tanpa perabotan, Fully fenced","Keamanan, Kolam renang, Lapangan tenis, Gym, Taman, Keamanan 24 jam",1,56,90,-7.376482,112.6118688,2.795790050281111,7.2299548907214835,6.323905629964723,10.299180744283301,6.476990198735572,15.551497237990546,12.145831039597166,0.26403809698792785,2.846150865941006,5.703661338290592,19.241506208080523,2.9096874460772773,
300000000,Taman,2,1,1,"Dapur lengkap, Halaman, Listrik, Fully fenced, Pemandangan panorama, Alarm, Tanpa perabotan","Keamanan, Kolam renang, Rumah jaga, Keamanan 24 jam, Gym, Area anak-anak, Lapangan tenis",1,56,90,-7.340531,112.7077638,5.039305163870843,1.7939685529505667,1.3888149580684748,2.7371271316244945,1.397520667766578,4.059999573499041,6.423217751225949,2.815031920392889,1.531673722084069,3.2231425073455973,9.86728045849571,1.3664720798966488,
382750000,Tarik,2,1,1,"Garasi, Halaman, Air, Tanpa perabotan, Fully fenced, Internet, Ruang kantor, Listrik, Teras, Wifi","Keamanan, Kolam renang, Taman, Keamanan 24 jam, Cctv, Area anak-anak, Rumah jaga",1,56,90,-7.4590581,112.516509,10.661532393641243,10.645926250015043,11.540432570954293,24.82677729069133,7.654820329466716,23.863623804751025,21.96193050239206,6.184410663527821,0.20279086375452424,11.655800974600897,34.555019059723044,0.20279086375452424,31.626872116404844
457460000,Gedangan,2,1,1,"Air, Fully fenced, Tanpa perabotan","Area anak-anak, Keamanan 24 jam, Taman",1,60,90,-7.3896762,112.7279598,0.15876730662380215,1.7772577553113862,1.211822739958879,4.456698371394396,0.27487645045464526,2.688814549740123,0.9275869930203207,0.20877442287634204,0.08462472979404548,5.011209210286206,4.714349382883914,0.08462472979404548,
555000000,Sukodono,2,1,1,"Internet, Halaman, Listrik, Teras, Dapur terpadu, Air, Tanpa perabotan","Area anak-anak, Keamanan 24 jam, Taman",1,60,90,-7.394061,112.6738809,0.841154992744694,2.8766357093749213,3.90864948765988,5.892745571598778,0.28135023959614064,8.302342462761755,3.9226349198224835,1.3540240655938636,6.782730801011997,8.261277349832222,11.88669519974322,6.612823097413383,19.898868344567852
1960000000,Candi,3,3,3,"Balkon, Halaman, Air, Teras, Dapur terpadu, Tangki air, Tanpa perabotan","Cctv, Keamanan 24 jam, Kolam renang",2,60,90,-7.4622498,112.6958457,3.261169405607827,3.2109827830134794,2.260083247160519,3.3405744321889,1.3754913190556262,4.03357298392891,1.7170503088939115,0.9009199717489937,3.531115126932028,3.090558661910867,15.965483427064285,3.885898556426229,15.935579650258495
800000000,Buduran,3,2,2,"Garasi, Listrik, Air, Tanpa perabotan","Cctv, Taman, Area anak-anak",2,60,90,-7.41274316,112.7539302,1.8419569553587434,5.352535492957107,2.9528322085015946,4.891324534956074,3.9670942534698437,7.38320388901731,4.610354723271414,1.4876383808412201,5.531928824324925,6.280614247170348,5.510938886897561,5.531928824324925,23.606341079901178
285000000,Sidoarjo,2,1,1,"Halaman, Tanpa perabotan",Keamanan,1,60,90,-7.412324,112.5378369,14.107773876552127,4.521358591772457,5.73924983349377,19.679890962921075,5.993697625331609,20.980962778580064,19.675099372211758,0.17646865657484465,4.247567860248099,5.531233316358311,28.396638008528203,4.535996651429462,33.71100679769462
498000000,Sidoarjo,2,1,1,Halaman,Keamanan 24 jam,1,60,90,-7.412324,112.5378369,14.107773876552127,4.521358591772457,5.73924983349377,19.679890962921075,5.993697625331609,20.980962778580064,19.675099372211758,0.17646865657484465,4.247567860248099,5.531233316358311,28.396638008528203,4.535996651429462,33.71100679769462
320000000,Wonoayu,2,1,1,"Halaman, Tanpa perabotan",Keamanan 24 jam,1,60,90,-7.446138,112.6514882,3.7854739776183073,3.5780614086982103,2.194564527519025,7.529161139900217,4.6782349211854495,6.566007653959908,4.944646086594313,3.4666806119499323,2.316424651329201,7.973837334255214,18.280959853957583,2.316424651329201,19.319269395448217
285000000,Sidoarjo,2,1,1,"Halaman, Tanpa perabotan",Keamanan 24 jam,1,60,90,-7.412324,112.5378369,14.107773876552127,4.521358591772457,5.73924983349377,19.679890962921075,5.993697625331609,20.980962778580064,19.675099372211758,0.17646865657484465,4.247567860248099,5.531233316358311,28.396638008528203,4.535996651429462,33.71100679769462
595000000,Sukodono,2,1,1,"Garasi, AC, Pemanasan, Pemandangan panorama, Halaman, Tangki air, Ruang kantor, Listrik, Teras, Fully fenced, Internet, Dapur lengkap, Dapur terpadu, Kabel video, Ruang layanan, Lemari pakaian bawaan, Air, Tanpa perabotan, Deck, Wifi","Keamanan, Gym, Area anak-anak, Pramutamu, Rumah jaga, Lapangan tenis, Spa, Cctv, Kolam renang, Taman, Panggang, Akses bagi penyandang disabilitas, Keamanan 24 jam",1,60,90,-7.3914287,112.6988252,0.5443829137967507,2.3367794256031975,5.736192913815068,6.735769304801149,2.7323869304975092,6.1017918275926,2.181219469958154,1.8503573589994893,5.118060089212458,6.280646136397002,9.747784742302331,5.118060089212458,20.4078121630898
1300000000,Waru,3,3,3,"Garasi, Listrik, Air, Tanpa perabotan","Keamanan, Keamanan 24 jam",2,60,90,-7.3650809,112.7694171,2.0982851475621582,2.4454186398663538,2.36419991651088,5.1978932812423775,2.0562243445200323,5.435273012634627,1.3724552644758512,1.6431086290485721,6.001428413150011,3.9160556097069685,3.9160556097069685,6.001428413150011,5.9310932380888435
910000000,Buduran,3,3,3,"Garasi, Air, Halaman, Listrik","Keamanan, Keamanan 24 jam, Kolam renang",2,60,90,-7.41274316,112.7539302,1.8419569553587434,5.352535492957107,2.9528322085015946,4.891324534956074,3.9670942534698437,7.38320388901731,4.610354723271414,1.4876383808412201,5.531928824324925,6.280614247170348,5.510938886897561,5.531928824324925,23.606341079901178
560000000,Krian,2,1,1,"Garasi, Tangki air, Wifi, Internet, Tanpa perabotan","Keamanan, Kolam renang, Taman, Cctv, Area anak-anak, Keamanan 24 jam",1,60,90,-7.4046864,112.5780619,7.28310985026987,0.9824928466483925,1.5228162619288172,15.012078962462148,1.777264053766656,16.29218501624906,15.402007562352857,0.8022601967260404,1.4780436943486295,1.2450626631392498,23.728826008069277,1.5769896888580899,29.0431947972357
555000000,Sukodono,2,1,1,"Dapur terpadu, Air, Tanpa perabotan, Halaman, Listrik","Keamanan, Taman",1,60,90,-7.394061,112.6738809,0.841154992744694,2.8766357093749213,3.90864948765988,5.892745571598778,0.28135023959614064,8.302342462761755,3.9226349198224835,1.3540240655938636,6.782730801011997,8.261277349832222,11.88669519974322,6.612823097413383,19.898868344567852
665000000,Krian,2,2,2,"Halaman, Tanpa perabotan, Wifi, Air, Teras","Kolam renang, Keamanan 24 jam",2,60,90,-7.4170186,112.5975167,6.156193880649969,2.903923464082248,1.546484403829594,15.046761853806135,1.8805635927371143,14.083608367865825,12.995006814304613,2.4757023490830083,2.556842363507485,2.1296302352409704,22.862611041907304,2.8706794521851777,28.607661388957872
298000000,Krian,2,1,1,"Halaman, Air, Tanpa perabotan, Tangki air, Listrik","Taman, Keamanan 24 jam",2,60,90,-7.40299,112.5873906,5.68090260756706,1.9083638113319348,1.678408623446373,13.409871719759343,1.9328564152842116,14.677130142466066,13.78695268856986,0.7341682060815213,1.1115735911385332,1.1595275548392323,22.126618765366466,1.0661518686873248,27.440987554532907
749200000,Sukodono,3,2,2,"Internet, Halaman, Listrik, Balkon, Air, Tanpa perabotan","Taman, Keamanan 24 jam",2,60,90,-7.394061,112.6738809,0.841154992744694,2.8766357093749213,3.90864948765988,5.892745571598778,0.28135023959614064,8.302342462761755,3.9226349198224835,1.3540240655938636,6.782730801011997,8.261277349832222,11.88669519974322,6.612823097413383,19.898868344567852
900000000,Waru,2,2,2,"Garasi, Listrik, Air, Fully fenced",Tidak Ada,1,60,90,-7.3434451,112.7685874,1.3773391833947835,1.996591986447833,2.1701114603409626,3.593820910175113,1.4414149160324587,6.581760473425328,0.3849449750522403,1.6279901425770593,5.102823169913415,5.914417177830931,5.79397830578939,5.083964019331772,5.1011870397206005
600000000,Waru,3,1,0,Tanpa perabotan,Tidak Ada,1,60,90,-7.3503078,112.7674661,1.1043800195281273,1.2290062172207443,1.4454635210614053,3.972977345129623,0.373224262078175,5.970825656630798,4.2381937748698695,0.837264716423595,4.491888353118883,5.123691751677464,3.8935322545601827,4.47302920253724,5.266527027923425
555000000,Sukodono,2,1,1,"Garasi, Halaman, Listrik, Teras, Internet, Air, Tanpa perabotan","Area anak-anak, Rumah jaga, Taman",1,65,90,-7.394061,112.6738809,0.841154992744694,2.8766357093749213,3.90864948765988,5.892745571598778,0.28135023959614064,8.302342462761755,3.9226349198224835,1.3540240655938636,6.782730801011997,8.261277349832222,11.88669519974322,6.612823097413383,19.898868344567852
350000000,Gedangan,2,1,1,"Garasi, Fully fenced, Tanpa perabotan","Gym, Taman, Area anak-anak, Rumah jaga",1,65,90,-7.3885665,112.7323259,0.2930570178332332,1.3085948145245216,0.5520177995546861,5.005422535411109,0.8848933354724824,3.2988314347579597,0.9969872133247867,0.8187913078941792,0.5320641333813662,5.621226095304045,4.300310278984402,1.1257633886221257,
285000000,Taman,3,2,2,"Tanpa perabotan, Teras",Taman,2,65,90,-7.3692421,112.693256,2.149002374760718,3.3843911014835393,2.9620450818568487,3.263746932818002,2.9049012607246834,4.673506968032563,0.8044998451535141,2.0023147354562814,3.603116223314597,4.401916473150239,8.742250767755646,3.4332085197159836,23.486589491333557
1300000000,Waru,2,1,0,"Garasi, Tanpa perabotan, Halaman",Tidak Ada,1,65,90,-7.3556673,112.7477881,1.602726066405032,1.5063757809257095,1.8847572799071506,2.4804261701903876,1.557400365129673,3.4541580769693656,1.8974690271945809,3.100262147507458,3.0092186070262863,4.485526874704606,4.116336374710266,3.0092186070262863,1.9864958142887794
600000000,Waru,3,1,0,"Garasi, Tanpa perabotan, Listrik",Tidak Ada,1,65,90,-7.3588392,112.7583752,0.7055536448648411,0.6797170360609808,0.44384905616355974,3.793098972227371,0.7508793461402002,4.501491454153625,0.6701328611692223,2.4479435758797363,4.332121171297934,4.5730321654016315,3.3428726682843513,4.332121171297934,5.702783242966833
500000000,Krian,2,1,1,"Garasi, Tanpa perabotan, Tangki air","Keamanan, Area anak-anak, Rumah jaga, Cctv, Taman, Keamanan 24 jam",1,68,90,-7.3980797,112.6213548,3.019343460293399,4.126900729503383,5.7465864085521305,10.649975128658552,5.899670977322979,12.473986224159379,9.956073631587566,2.4801089351050862,1.4777017498352851,5.126342116878001,18.499751617897438,3.644039185740263,24.681090963432116
285000000,Sidoarjo,2,1,1,"Air, Tanpa perabotan","Keamanan, Keamanan 24 jam",1,69,90,-7.412324,112.5378369,14.107773876552127,4.521358591772457,5.73924983349377,19.679890962921075,5.993697625331609,20.980962778580064,19.675099372211758,0.17646865657484465,4.247567860248099,5.531233316358311,28.396638008528203,4.535996651429462,33.71100679769462
1000000000,Candi,3,2,2,"Garasi, Halaman, Listrik, Teras, Internet, Air, Tanpa perabotan","Kolam renang, Rumah jaga, Taman, Keamanan 24 jam",2,69,90,-7.4618261,112.69071,3.094263852966232,2.352793939616566,2.2153125143229127,3.2958036993512936,0.5173024756587112,3.175384140531997,0.8588614654969965,0.0807951017117387,3.486344394094421,3.045787929073261,15.920712694226683,3.841127823588623,15.630157614724858
375000000,Tulangan,2,1,0,"Garasi, Halaman, Teras, Pemandangan panorama, Listrik","Area anak-anak, Keamanan 24 jam, Taman",1,70,90,-7.4726134,112.6675398,3.7884851569477536,4.410160491784239,3.569610886587065,7.488079049718875,3.9674912405238794,6.838179160564179,3.8869302660734184,1.671224190039835,3.4142532438342563,6.978146742671149,19.387783361882995,3.441593893191538,14.731384268983101
655000000,Sukodono,2,1,1,"Garasi, Dapur terpadu, Tanpa perabotan, AC, Halaman","Cctv, Rumah jaga, Area anak-anak, Keamanan 24 jam",2,70,90,-7.392182,112.695822,0.03566938187611188,1.828065893682559,5.227479381894429,6.4477243900802526,2.4443420157766127,5.813746912871703,1.6725059380375153,1.3416438270788504,4.609346557291821,5.9926012216761055,9.239071210381692,4.609346557291821,19.89909863116916
640000000,Candi,2,1,1,"Garasi, AC, Pemanasan, Jacuzzi, Kabel video, Ruang layanan, Alarm, Perapian, Air, Rubanah, Teras, Fully fenced, Internet, Dapur lengkap, Dapur terpadu, Pemandangan panorama, Halaman, Tangki air, Lemari pakaian bawaan, Ruang kantor, Listrik, Tanpa perabotan, Deck, Wifi","Keamanan, Gym, Area anak-anak, Taman, Rumah jaga, Lapangan tenis, Spa, Cctv, Kolam renang, Pustaka, Panggang, Akses bagi penyandang disabilitas, Keamanan 24 jam",1,70,90,-7.460157,112.6860198,2.8184063603389955,2.270321082394714,2.3328824920186837,3.8446551461951235,0.1397559604864197,3.2499791313642112,0.5654481282561863,0.6725513881102154,4.0351958409382505,3.594639375917089,16.469564141070514,4.389979270432453,16.115403279391767
800000000,Waru,4,5,0,"Halaman, Listrik, Teras, Air, Tanpa perabotan, Fully fenced","Keamanan, Keamanan 24 jam",1,70,90,-7.345331,112.7739507,1.9562604579417557,2.3911265012811653,2.6075838051218265,3.1995902057083154,0.44224792087424597,7.156510777772054,0.35324412064275906,0.97535345354513,5.677573474260141,5.580947196180988,5.3997476013225905,5.658714323678498,3.93279016255478
285000000,Sidoarjo,2,1,1,"Halaman, Tanpa perabotan, Air","Keamanan, Keamanan 24 jam, Taman",1,70,90,-7.412324,112.5378369,14.107773876552127,4.521358591772457,5.73924983349377,19.679890962921075,5.993697625331609,20.980962778580064,19.675099372211758,0.17646865657484465,4.247567860248099,5.531233316358311,28.396638008528203,4.535996651429462,33.71100679769462
928000000,Candi,2,2,2,"Garasi, Balkon, Tangki air, Teras, AC, Dapur terpadu, Tanpa perabotan, Deck","Keamanan, Kolam renang, Rumah jaga, Cctv, Area anak-anak, Keamanan 24 jam",2,70,90,-7.4869501,112.6973995,0.5143031565610723,3.7005441539138775,5.63275498167558,2.782798503710564,5.056800766961543,6.594604673465229,4.96529727125796,1.9456913651881889,4.324607315006433,4.721526121022625,18.47115715601192,4.238094693804197,14.294695369789903
534850000,Krian,2,1,1,"Garasi, AC, Air, Fully fenced, Internet, Tangki air, Tanpa perabotan","Keamanan, Kolam renang, Taman, Cctv, Area anak-anak, Keamanan 24 jam",1,70,90,-7.4000488,112.5747019,7.967997255765411,1.341769083134394,2.4964679763719904,15.696966367957689,2.75091576820983,17.26583673069222,16.375659276796032,1.4871476022215806,2.4516954087918035,2.218714377582423,24.41371341356482,2.5506414033012628,29.728082202731247
1000000000,Candi,3,2,2,"Garasi, Air, Tanpa perabotan, Halaman, Listrik","Kolam renang, Keamanan 24 jam, Taman",2,70,90,-7.4622498,112.6958457,3.261169405607827,3.2109827830134794,2.260083247160519,3.3405744321889,1.3754913190556262,4.03357298392891,1.7170503088939115,0.9009199717489937,3.531115126932028,3.090558661910867,15.965483427064285,3.885898556426229,15.935579650258495
1890000000,Candi,3,3,3,"Internet, Balkon, Halaman, Berperabot lengkap, AC, Dapur lengkap, Air","Keamanan, Taman, Kolam renang, Keamanan 24 jam",2,72,90,-7.4622498,112.6958457,3.261169405607827,3.2109827830134794,2.260083247160519,3.3405744321889,1.3754913190556262,4.03357298392891,1.7170503088939115,0.9009199717489937,3.531115126932028,3.090558661910867,15.965483427064285,3.885898556426229,15.935579650258495
600000000,Candi,2,1,1,"Garasi, Berperabot lengkap, Air",Tidak Ada,1,72,90,-7.4578412,112.6839275,2.5176961658931023,1.8013769722504955,1.9576490007679659,4.228586126620801,0.6469904609923341,3.5128247811912856,1.0806362068162174,1.1797858886161299,4.437486890427964,4.101873876423003,16.77899984234925,4.781153483990573,16.496573672957247
600870000,Waru,2,1,1,"Garasi, Tanpa perabotan, Listrik",Tidak Ada,1,72,90,-7.3402008,112.7625753,2.132149809637781,2.44099141480621,2.148245365539347,4.5419348760412355,2.0756654053826544,6.464709459464571,1.216069673643545,1.2744953791391709,5.0809570751118,6.557265342790122,5.595973397864664,5.062097924530157,4.523548389968537
475000000,Sidoarjo,2,1,0,"Listrik, Tanpa perabotan",Tidak Ada,1,75,90,-7.45404378,112.7297584,2.583373307628338,1.7776113424704754,1.7301465507090474,2.8861722862874126,1.5409211341380928,2.5979680742727544,1.7050397387840932,0.5334925025454194,2.918789572292427,3.2180754601888175,12.073018505349767,2.689051054485957,4.398311777079462
631000000,Tulangan,3,3,3,"Garasi, Air, Tanpa perabotan, Fully fenced, Halaman, Listrik, Teras, Wifi","Keamanan, Area anak-anak, Keamanan 24 jam, Kolam renang, Taman",1,80,90,-7.4812926,112.6468606,6.327984245615995,6.601769438025699,5.761219832828524,8.92402312188789,6.15910018676534,9.029788106805638,6.0785392123148805,3.862833136281295,1.9903369536853601,9.169755688912613,21.57939230812446,1.9903369536853601,16.16631737855306
2450000000,Sidoarjo,5,4,4,"Garasi, AC, Dapur lengkap, Dapur terpadu, Pemandangan panorama, Halaman, Tangki air, Lemari pakaian bawaan, Perapian, Air, Rubanah, Teras, Fully fenced, Internet, Balkon, Pemanasan, Jacuzzi, Kabel video, Ruang layanan, Alarm, Gas alam, Ruang kantor, Listrik, Sebagian perabotan, Deck, Wifi","Keamanan, Gym, Area anak-anak, Sauna, Taman, Taman atap, Rumah jaga, Lapangan tenis, Spa, Cctv, Kolam renang, Angkat, Pustaka, Pramutamu, Panggang, Akses bagi penyandang disabilitas, Keamanan 24 jam",2,80,90,-7.44011612,112.7010083,1.6084596568910952,0.8249105496332381,0.6023120080364456,1.8206456422292632,0.7502120581039191,2.666547782340762,1.4637088013307689,23.963534393727834,3.9908758423963424,4.991149442741,12.627096841529978,2.948008873249656,25.57716567603142
425000000,Taman,2,1,1,"Garasi, Halaman, AC, Tanpa perabotan",Keamanan,1,90,90,-7.3682573,112.7077638,0.5824842555317944,1.7900846992903023,3.5155132482973235,4.187892237212175,0.6988228295769334,2.782258277728313,2.4744183964715685,0.6641144844801905,3.8850457828572957,2.811413221486452,6.646085177577038,3.9583427684734316,22.771063973083955
500000000,Waru,4,1,0,"Garasi, Tanpa perabotan",Keamanan,1,90,90,-7.3559,112.75598,0.10759915737199197,0.6759299372312682,0.44119779574293544,3.1951444847345227,0.1529248586473511,4.504551836168677,1.198331964289229,2.1554393862610324,3.7341666838050864,5.2104749514834054,3.905364006769431,3.7341666838050864,1.8518246848655284
1470000000,Waru,3,3,0,"Garasi, Tanpa perabotan, Internet",Keamanan,1,90,90,-7.3423873,112.7160201,3.904566330095543,3.0264218585575264,3.1748246125175785,5.461398661772026,3.681349584989856,2.62780336023036,5.1409767586113695,2.4530142055633792,3.575371796576921,2.3054819587848754,8.58503946588113,3.9059533312950565,
1550000000,Waru,4,3,1,"Garasi, Tangki air, Tanpa perabotan, AC, Air, Wifi",Keamanan 24 jam,1,90,90,-7.3645565,112.73553,2.05259134521871,1.1521206930791128,1.2474211776530832,2.6353292084885376,1.901440594363987,1.343291791384757,1.3961767215526903,0.28745860211822344,2.851526130863422,3.665686451930842,4.10841630472211,3.1641216453244363,
1100000000,Gedangan,2,2,0,"Garasi, Dapur lengkap, Halaman, Air, Tanpa perabotan, AC, Pemandangan panorama, Lemari pakaian bawaan, Listrik, Teras","Keamanan, Area anak-anak, Rumah jaga, Keamanan 24 jam, Kolam renang, Taman, Lapangan tenis, Spa",1,90,90,-7.391717,112.7306136,0.8115989833403509,1.2296907751802062,1.3762109137637843,4.585753044521643,1.4034353009796,3.817373400265077,0.5705500717107087,1.3373332734012966,1.0506060988884838,6.1397680608111616,4.81885224449152,1.0506060988884838,
500000000,Sidoarjo,2,1,1,"Garasi, Ruang layanan, Air, Tanpa perabotan, AC, Tangki air, Listrik, Teras","Keamanan, Keamanan 24 jam",1,90,90,-7.45347914,112.6980643,2.211378657512662,1.955948998015232,1.3861455180399689,1.6990312422812892,1.335041310723426,2.2101304313940324,1.326147515562482,2.4475102477009516,2.598022291572127,3.603511073828754,14.323940237156672,2.161978922482001,16.592196345718264
1100000000,Buduran,4,2,2,"Garasi, Ruang layanan, Gas alam, Listrik, Teras, AC, Tangki air, Air, Sebagian perabotan","Keamanan, Keamanan 24 jam",1,90,90,-7.4314275,112.7103755,2.9155035616347957,2.2418290463689186,1.6856075200740166,3.5797118865933504,1.9810308259673557,2.5046185638734086,3.475545415022145,3.365555594534458,5.452844111803121,5.95087532827806,11.674184714577164,4.146748420734695,24.767582999949497
3100000000,Waru,4,2,0,"Garasi, Air, Tanpa perabotan, Tangki air, Listrik, Fully fenced","Keamanan, Rumah jaga, Taman, Keamanan 24 jam",1,90,90,-7.3434451,112.7685874,1.3773391833947835,1.996591986447833,2.1701114603409626,3.593820910175113,1.4414149160324587,6.581760473425328,0.3849449750522403,1.6279901425770593,5.102823169913415,5.914417177830931,5.79397830578939,5.083964019331772,5.1011870397206005
390000000,Taman,3,2,2,"Garasi, AC, Kabel video, Air, Sebagian perabotan, Deck, Wifi, Internet, Dapur lengkap, Halaman, Listrik, Teras, Fully fenced","Keamanan, Taman",2,90,90,-7.3659072,112.7111417,1.162793901006546,1.2463226645191585,3.3928065607940288,4.615553267957233,1.1297158222617094,2.659551590225018,2.637642439223072,0.577987344529707,3.2157916872534167,2.2379294396508764,6.523378490073742,5.035391987333821,23.20195696576873
2000000000,Waru,3,3,0,"Garasi, Ruang layanan, Fully fenced, Kabel video, Tanpa perabotan, Wifi","Keamanan, Taman, Lapangan tenis, Area anak-anak, Rumah jaga, Keamanan 24 jam",1,90,90,-7.3620313,112.7410223,2.551927897363784,2.1088357840084093,2.567702404950917,2.9968355043194546,3.2501249066503903,2.6919761036711596,2.413878361323648,1.6728640576688012,3.5256279411553537,5.001936208833673,3.7120841437606993,3.5256279411553537,
850000000,Taman,3,2,0,"Garasi, AC, Listrik, Wifi, Internet, Dapur lengkap, Tanpa perabotan",Taman,2,90,90,-7.3778578,112.6411193,2.631206093507608,6.69648414414983,6.847380940591483,6.911361040957535,5.760949142718859,10.141742947148908,8.519256636685766,1.43156985803806,4.035794456023822,8.929282168243349,15.628108086564655,4.035794456023822,
250000000,Prambon,2,1,0,"Garasi, Kabel video, Air, Tanpa perabotan, Internet, Halaman, Listrik, Wifi","Taman, Keamanan 24 jam",1,90,90,-7.4443603,112.5842817,6.983025887448571,5.143511298320967,4.616392331379801,16.29226231667681,4.5337069124554645,15.329108830736498,13.707747263370901,5.360324610604337,4.653181885594502,5.0142524967623,26.850028135992424,4.315034431100861,33.53548037121874
395000000,Candi,2,1,1,"Garasi, Balkon, Kabel video, Listrik, Teras, Wifi, Internet, Dapur lengkap, Halaman, Tanpa perabotan, Fully fenced","Taman, Keamanan 24 jam, Taman atap",1,90,90,-7.4588931,112.6995701,2.527793492151256,2.7182052681166424,0.9349548918915018,2.015446076919883,1.8062970438021568,3.1659561133115135,1.687197023471532,1.4429531440284655,2.205986771663012,2.8711066646809624,14.640355071795268,2.560770201157212,2.2971299898550113
690000000,Gedangan,2,1,1,"Air, Listrik",Tidak Ada,1,90,90,-7.391717,112.7306136,0.8115989833403509,1.2296907751802062,1.3762109137637843,4.585753044521643,1.4034353009796,3.817373400265077,0.5705500717107087,1.3373332734012966,1.0506060988884838,6.1397680608111616,4.81885224449152,1.0506060988884838,
1400000000,Tulangan,3,2,0,Tanpa perabotan,Tidak Ada,1,90,90,-7.472613,112.66754,3.7884851569477536,4.410160491784239,3.569610886587065,7.488079049718875,3.9674912405238794,6.838179160564179,3.8869302660734184,1.671224190039835,3.4142532438342563,6.978146742671149,19.387783361882995,3.441593893191538,14.731384268983101
1400000000,Waru,3,3,0,Tanpa perabotan,Tidak Ada,1,90,90,-7.34231,112.76803,1.1797343821256372,2.1636486684435265,2.3371681423366564,3.472530181254274,1.6277155195346722,6.653632236261881,0.26365424613140126,1.8142907460792728,5.26987985190911,6.100717781333144,5.67268757686855,5.251020701327467,4.983297311290094
1000000000,Gedangan,3,2,0,Tanpa perabotan,Tidak Ada,1,90,90,-7.39003,112.73619,1.038672889680922,1.4283106112411534,0.6717335962713178,5.460509438414167,1.630509207320171,4.044447306605649,1.4453064656032322,1.5644071797418677,1.277680005229055,5.8154124818056845,4.4515755411345665,1.277680005229055,
865000000,Waru,2,1,1,"Garasi, Air, Sebagian perabotan, Dapur terpadu, Listrik",Keamanan,1,91,90,-7.3645565,112.73553,2.05259134521871,1.1521206930791128,1.2474211776530832,2.6353292084885376,1.901440594363987,1.343291791384757,1.3961767215526903,0.28745860211822344,2.851526130863422,3.665686451930842,4.10841630472211,3.1641216453244363,
230000000,Sedati,2,1,1,"Garasi, Tanpa perabotan, Air","Keamanan, Keamanan 24 jam, Taman",1,91,90,-7.3952,112.7675,1.937589583117013,5.2622729980941205,0.979803860947726,2.6197394460174395,2.0211715385974593,6.534243262198599,5.110680844281363,2.619562761626379,4.6365456844127975,2.730601278788301,2.730601278788301,4.6365456844127975,8.383666444677996
915000000,Gedangan,2,2,0,Tanpa perabotan,Tidak Ada,2,95,90,-7.3917721,112.7306701,0.8115989833403509,1.2296907751802062,1.3762109137637843,4.585753044521643,1.4034353009796,3.817373400265077,0.5705500717107087,1.3373332734012966,1.0506060988884838,6.1397680608111616,4.81885224449152,1.0506060988884838,
490000000,Gedangan,2,1,0,Tanpa perabotan,Tidak Ada,1,95,90,-7.3917721,112.7306701,0.8115989833403509,1.2296907751802062,1.3762109137637843,4.585753044521643,1.4034353009796,3.817373400265077,0.5705500717107087,1.3373332734012966,1.0506060988884838,6.1397680608111616,4.81885224449152,1.0506060988884838,
2300000000,Gedangan,5,2,0,Tanpa perabotan,Tidak Ada,2,95,90,-7.3917721,112.7306701,0.8115989833403509,1.2296907751802062,1.3762109137637843,4.585753044521643,1.4034353009796,3.817373400265077,0.5705500717107087,1.3373332734012966,1.0506060988884838,6.1397680608111616,4.81885224449152,1.0506060988884838,
690000000,Taman,2,1,1,"Air, Tanpa perabotan, Fully fenced, Listrik, Deck, Wifi","Rumah jaga, Keamanan 24 jam",2,100,90,-7.36625948,112.7065874,0.5531410340835895,1.6557370946381027,3.0383857314289435,3.9819102125735926,1.1673005830457084,3.1408231902279447,2.2684363718329856,1.2427444664723137,3.6790637582187125,2.647343869769821,7.004650090076669,3.7523607438348483,23.225150755549215
400000000,Tulangan,3,2,0,Tanpa perabotan,Tidak Ada,1,100,90,-7.4726134,112.6675398,3.7884851569477536,4.410160491784239,3.569610886587065,7.488079049718875,3.9674912405238794,6.838179160564179,3.8869302660734184,1.671224190039835,3.4142532438342563,6.978146742671149,19.387783361882995,3.441593893191538,14.731384268983101
375000000,Krian,2,1,0,Sebagian perabotan,Tidak Ada,1,104,90,-7.40299,112.5873906,5.68090260756706,1.9083638113319348,1.678408623446373,13.409871719759343,1.9328564152842116,14.677130142466066,13.78695268856986,0.7341682060815213,1.1115735911385332,1.1595275548392323,22.126618765366466,1.0661518686873248,27.440987554532907
1800000000,Waru,5,3,0,"Garasi, Halaman, Air, Wifi, AC, Tangki air, Tanpa perabotan",Tidak Ada,2,110,90,-7.36463451,112.7344449,1.9006857890982363,1.1142842497638707,1.095515621532609,2.7583198956061827,1.7495350382435129,1.191386235264283,1.2442711654322163,0.13555304599774917,2.6996205747429483,3.513780895810368,4.231406991839756,3.287112332442082,
6500000000,Waru,23,23,0,"AC, Air, Sebagian perabotan, Tangki air, Listrik, Fully fenced",Tidak Ada,2,120,90,-7.3399267,112.7562893,2.597476493043447,2.509802729772295,2.680404846698809,4.61074619100732,2.5521507917680872,6.533520774430655,1.9777849071346605,0.6872176685980418,5.149768390077884,6.626076657756205,6.35768863135578,5.130909239496241,4.3100229461736
775000000,Waru,3,1,1,Sebagian perabotan,Tidak Ada,1,120,90,-7.34506052,112.7493553,1.9731217512507502,1.1040494518066728,2.24985345389341,2.348836580735192,1.927796049975391,4.271611164158526,1.77610919997405,2.8619774938539813,2.887858779805756,4.3641670474840755,5.566344343082287,2.868999629224113,
1250000000,Waru,3,2,1,Tanpa perabotan,Tidak Ada,1,120,90,-7.3404656,112.7768891,0.06203840916362881,3.4276066792661855,3.6011261531593153,2.8968374190021424,1.1096632574540206,8.012775166243683,0.5060397647901663,2.0419138646109345,6.53383786273177,6.514175011985623,5.096994814616416,6.514978712150127,3.6300373758486075
565000000,Buduran,2,1,0,Tanpa perabotan,Tidak Ada,1,120,90,-7.425129,112.7230909,1.9103003698000902,1.3979537096236054,1.1061051005356428,1.0526762945523878,2.292918065434631,2.740648466165926,2.107458689324181,1.941617938784703,5.114345547745976,5.4945153920255425,8.711963206887251,4.531137011819095,22.156650809373637
1100000000,Sidoarjo,4,3,0,"Garasi, Air, Teras, Tangki air, Listrik",Tidak Ada,1,124,90,-7.45614514,112.7066448,2.02660401943048,1.4011837043716153,1.0145145574382093,1.019723504960926,1.3200706698293965,1.6402135823890673,1.008712998508686,2.535181713243409,1.9725734245725304,3.181505727266887,13.54162040739737,1.1613721933755679,1.6186459648921647
600000000,Buduran,2,1,1,Tanpa perabotan,Tidak Ada,1,130,90,-7.4350501,112.7138119,1.9187821574341497,1.7280120639868037,1.35325886791298,2.428536165979175,1.7806866574039903,1.1275791477410755,1.4462807740075412,1.2804400234680628,4.453167632429335,4.833337476708905,10.747101943699354,3.5104749677927933,24.19178954618573
1500000000,Waru,4,2,2,Tanpa perabotan,Tidak Ada,1,130,90,-7.3435939,112.7688649,1.2525569441519322,2.021316273840051,2.194835747733181,3.4690386709322625,1.2266158589877272,6.606484760817547,0.44485018571525164,1.6043713042864418,5.127547457305632,5.93914146522315,5.669196066546538,5.108688306723989,4.202238627778727
1900000000,Waru,4,2,0,Tanpa perabotan,Tidak Ada,2,130,90,-7.3435939,112.7688649,1.2525569441519322,2.021316273840051,2.194835747733181,3.4690386709322625,1.2266158589877272,6.606484760817547,0.44485018571525164,1.6043713042864418,5.127547457305632,5.93914146522315,5.669196066546538,5.108688306723989,4.202238627778727
2900000000,Sidoarjo,6,6,0,"Air, Sebagian perabotan, Listrik",Tidak Ada,2,135,90,-7.44726655,112.6959508,1.4352077098292284,0.824445534555247,1.782333433154027,2.0486381941266556,1.3849037536883855,1.085484708186347,1.6917013532281613,2.6769351737169758,4.218868394293735,5.217578258901046,14.364791005072773,3.176001425147047,18.06259924724867
1920000000,Gedangan,0,1,0,Air,Tidak Ada,1,138,90,-7.3787248,112.7160377,2.0096474750728666,3.69626163629308,3.899356172706697,6.742995128209673,2.00733245447305,3.801477264598451,3.7795681135965045,2.3542046909633325,2.723350282576002,4.85493833419125,6.651141048325886,2.575503754965776,22.599694906570015
1300000000,Waru,3,2,0,"AC, Tangki air, Wifi, Halaman, Tanpa perabotan",Tidak Ada,2,140,90,-7.3432711,112.7683327,1.3773391833947835,1.996591986447833,2.1701114603409626,3.593820910175113,1.4414149160324587,6.581760473425328,0.3849449750522403,1.6279901425770593,5.102823169913415,5.914417177830931,5.79397830578939,5.083964019331772,5.1011870397206005
1130000000,Sedati,3,3,3,"Garasi, AC, Pemanasan, Tangki air, Perapian, Listrik, Internet, Balkon, Pemandangan panorama, Gas alam, Ruang kantor, Tanpa perabotan","Keamanan, Area anak-anak, Taman, Lapangan tenis, Gym, Angkat, Rumah jaga",2,160,90,-7.3691194,112.7645339,1.8951380254852177,2.353119367691697,2.2019249009781143,5.3103609607813445,1.7653966041689682,4.975595443225155,1.2801559923011943,1.1834310596390998,5.839153397617245,3.4563780402974955,2.2262185431802157,5.839153397617245,7.336814682244952
550000000,Buduran,2,1,0,Tanpa perabotan,Tidak Ada,1,180,90,-7.436595,112.694927,2.3052826352181146,1.0910807981993018,3.925477366037864,3.5038469898966853,4.093047567275763,2.540693503956377,3.146910148998192,25.70403532324605,5.674077190063765,6.67435079040842,15.58889553321888,4.631210220917077,27.31766660554964
600000000,Sedati,2,1,0,Tanpa perabotan,Tidak Ada,1,180,90,-7.3951247,112.8082562,0.8181356888592027,9.15749643079055,6.313394338418692,3.048718920928192,5.975452667304915,10.676998074076742,8.495617131946826,3.878478723051554,9.970136161883767,3.725241879251429,3.8255487369298353,10.136249721365457,8.687826904063684
870000000,Candi,3,2,0,"Garasi, Tanpa perabotan","Cctv, Kolam renang",2,200,90,-7.4622498,112.6958457,3.261169405607827,3.2109827830134794,2.260083247160519,3.3405744321889,1.3754913190556262,4.03357298392891,1.7170503088939115,0.9009199717489937,3.531115126932028,3.090558661910867,15.965483427064285,3.885898556426229,15.935579650258495
123,Waru,2,1,1,"Garasi, Tanpa perabotan, Listrik, Teras",Keamanan,1,36,91,-7.3537484,112.7481101,1.3521137300857986,1.2364723243993054,1.634144943587917,2.244127556945306,1.3067880288104394,3.6242312310616533,1.6714001761841637,2.8303586909810536,2.7831497560158702,4.259458023694189,4.332630393334258,2.764290605434227,1.6951714611354531
235000000,Sidoarjo,2,1,1,"Garasi, Tanpa perabotan",Tidak Ada,1,36,91,-7.43052082,112.6765075,1.3126907858884658,2.2208086794695787,1.1103617747838892,4.9917435811304856,2.0808146337612965,4.028590095190176,4.27116654350682,22.897338339459047,8.094575107446708,7.889554523164048,14.111470184052145,8.247149529235259,24.578845781979304
1020000000,Candi,3,2,2,Tanpa perabotan,Tidak Ada,2,36,91,-7.4615323,112.6885253,2.939287992911314,2.503194583259625,2.4537641245910016,3.8973325975580715,0.2606375930587376,3.3257847841750556,0.4501234553151389,0.7252288394731637,4.0878732923011984,3.647316827280037,16.522241592433463,4.4426567217954,15.992467812304103
391000000,Sedati,2,1,1,"Garasi, AC, Halaman, Listrik, Teras, Wifi, Internet, Kabel video, Air, Tanpa perabotan, Fully fenced","Keamanan, Area anak-anak, Panggang, Lapangan tenis, Cctv, Taman, Rumah jaga, Keamanan 24 jam",1,39,91,-7.40573552,112.7613933,2.5065411140907705,5.029552198919072,1.2356790443970957,4.461970855121569,2.912570849346763,7.408849670742178,4.701728814821947,2.9293841300495416,5.511152092956382,4.563461083065851,3.7937857227930625,5.511152092956382,12.058738844974425
543000000,Tanggulangin,2,1,1,"Garasi, Dapur terpadu, Air, Tanpa perabotan, AC, Pemandangan panorama, Listrik","Keamanan, Gym, Taman, Keamanan 24 jam, Cctv, Area anak-anak, Rumah jaga",1,39,91,-7.50246405,112.7091935,1.7573066699660456,2.6970354287052523,4.610180184293684,1.697485361240256,4.496927141978718,6.492677739123481,4.744941668808071,1.6546414878883162,0.5192105980143841,4.619599186680876,18.36923022167017,0.4326979768121473,15.790509940022856
830000000,Candi,3,2,2,Garasi,"Cctv, Keamanan 24 jam, Taman",2,40,91,-7.4588931,112.6995701,2.527793492151256,2.7182052681166424,0.9349548918915018,2.015446076919883,1.8062970438021568,3.1659561133115135,1.687197023471532,1.4429531440284655,2.205986771663012,2.8711066646809624,14.640355071795268,2.560770201157212,2.2971299898550113
483000000,Buduran,2,1,1,"Garasi, AC, Dapur lengkap, Dapur terpadu, Pemandangan panorama, Lemari pakaian bawaan, Perapian, Listrik, Tanpa perabotan, Fully fenced, Internet, Balkon, Pemanasan, Jacuzzi, Alarm, Gas alam, Ruang kantor, Rubanah, Deck","Keamanan, Gym, Angkat, Pustaka, Pramutamu, Panggang, Akses bagi penyandang disabilitas, Cctv, Area anak-anak, Sauna, Taman, Taman atap, Rumah jaga",1,40,91,-7.425129,112.7230909,1.9103003698000902,1.3979537096236054,1.1061051005356428,1.0526762945523878,2.292918065434631,2.740648466165926,2.107458689324181,1.941617938784703,5.114345547745976,5.4945153920255425,8.711963206887251,4.531137011819095,22.156650809373637
459850000,Tulangan,2,1,1,"Pemandangan panorama, Halaman, Tangki air, Air, Wifi, Kabel video, Ruang layanan, Ruang kantor, Teras","Keamanan, Sauna, Lapangan tenis, Spa, Kolam renang, Taman atap, Keamanan 24 jam",1,40,91,-7.4812926,112.6468606,6.327984245615995,6.601769438025699,5.761219832828524,8.92402312188789,6.15910018676534,9.029788106805638,6.0785392123148805,3.862833136281295,1.9903369536853601,9.169755688912613,21.57939230812446,1.9903369536853601,16.16631737855306
406000000,Tulangan,2,1,1,"Garasi, AC, Air, Tanpa perabotan, Fully fenced, Internet, Halaman, Listrik, Teras, Wifi","Keamanan, Taman, Rumah jaga, Keamanan 24 jam, Area anak-anak, Panggang, Lapangan tenis",1,40,91,-7.4726134,112.6675398,3.7884851569477536,4.410160491784239,3.569610886587065,7.488079049718875,3.9674912405238794,6.838179160564179,3.8869302660734184,1.671224190039835,3.4142532438342563,6.978146742671149,19.387783361882995,3.441593893191538,14.731384268983101
382550000,Waru,2,1,1,"Garasi, Kabel video, Ruang kantor, Listrik, Teras, Wifi, Internet, Halaman, Air, Tanpa perabotan, Fully fenced","Keamanan, Kolam renang, Taman, Rumah jaga, Cctv, Area anak-anak, Taman atap, Keamanan 24 jam",1,44,91,-7.34997987,112.7666361,1.2356868793976536,1.2543503097837754,1.4278697836769056,4.104284204999149,0.5045311219477017,5.839518796761272,4.369500634739396,0.9685715762931216,4.360581493249357,5.254998611546992,4.024839114429709,4.341722342667714,5.135220168053899
687000000,Waru,2,1,1,"Garasi, Pemandangan panorama, Air, Tanpa perabotan, AC, Halaman, Listrik","Keamanan, Area anak-anak, Rumah jaga, Cctv, Taman, Keamanan 24 jam",1,45,91,-7.3503078,112.7674661,1.1043800195281273,1.2290062172207443,1.4454635210614053,3.972977345129623,0.373224262078175,5.970825656630798,4.2381937748698695,0.837264716423595,4.491888353118883,5.123691751677464,3.8935322545601827,4.47302920253724,5.266527027923425
300000000,Krian,2,1,1,"Dapur lengkap, Listrik, Teras, Air, Tanpa perabotan, Fully fenced","Kolam renang, Taman, Area anak-anak, Keamanan 24 jam",1,45,91,-7.3890992,112.6057228,3.137630811534046,4.46303106143132,4.334439096612748,10.866599923726328,4.487523665383597,15.091947048491935,12.418201067847605,0.548371538478719,3.187991627193941,3.714194804938617,19.58334696933345,3.0574320026057453,24.89771575849989
799000000,Candi,3,2,0,"Garasi, Pemandangan panorama, Tanpa perabotan, Deck, Balkon, Listrik, Teras","Rumah jaga, Keamanan 24 jam",110,50,91,-7.48059252,112.7076925,1.5102668279149671,2.210475479511741,2.560613360789566,2.790173884642522,2.4473603184746,4.443110915619364,4.5020353278488825,1.553516698859696,3.7925817217699316,2.5700323631767588,16.319663398166057,4.5751448360941565,12.196228215750136
660000000,Sidoarjo,2,1,1,"Garasi, AC, Air, Tanpa perabotan, Fully fenced, Internet, Halaman, Listrik, Teras","Taman, Keamanan 24 jam, Rumah jaga",1,50,91,-7.4514112,112.6871692,1.270364248216997,0.9698529298016291,0.7848403798966858,3.3533179411005833,1.4340395183999552,2.390164455160275,1.8676852642238388,1.865145923478696,4.155329173355922,4.770289525743679,15.669470752046706,4.0551064937069805,17.371603596937167
410000000,Taman,2,1,1,Tanpa perabotan,Tidak Ada,1,50,91,-7.3683438,112.6824377,3.9403852286949537,3.464266893303672,3.0481512480639594,3.432360372737601,2.5748559697360305,6.009855957759396,3.2497486148517143,2.2509989113663464,3.715313514196297,5.1729988916059515,10.53363362168988,3.545405810597684,23.36911856909176
990000000,Waru,2,1,1,Tanpa perabotan,Tidak Ada,1,50,91,-7.3434451,112.7685874,1.3773391833947835,1.996591986447833,2.1701114603409626,3.593820910175113,1.4414149160324587,6.581760473425328,0.3849449750522403,1.6279901425770593,5.102823169913415,5.914417177830931,5.79397830578939,5.083964019331772,5.1011870397206005
900000000,Balongbendo,2,1,0,Tanpa perabotan,Tidak Ada,1,53,91,-7.4217,112.5322,13.817733754985147,5.633311883721431,6.851203125442745,20.825657647822325,7.105650917280584,21.494939892249818,19.873578324884207,1.7874400151432508,3.8789929303946247,6.643186608307286,29.542404693429454,3.8741381917402107,34.85677348259587
1650000000,Sidoarjo,4,3,0,"Air, Tanpa perabotan, Listrik, Teras",Keamanan 24 jam,2,70,91,-7.44726655,112.6959508,1.4352077098292284,0.824445534555247,1.782333433154027,2.0486381941266556,1.3849037536883855,1.085484708186347,1.6917013532281613,2.6769351737169758,4.218868394293735,5.217578258901046,14.364791005072773,3.176001425147047,18.06259924724867
1400000000,Waru,3,3,1,"Garasi, Air, Dapur terpadu, Sebagian perabotan","Keamanan, Rumah jaga",2,70,91,-7.350897,112.7384808,2.508679388733784,1.922518786422947,2.756028899301947,0.6890140912356743,3.410048316012851,2.601558912424345,0.1060569482398681,1.7298856512162373,1.2178065280715746,2.6941147957498957,5.183194247507433,1.198947377489931,
1960000000,Candi,4,3,3,"Internet, Balkon, Lemari pakaian bawaan, Berperabot lengkap, AC, Tangki air, Air","Taman atap, Keamanan 24 jam",3,70,91,-7.4615323,112.6885253,2.939287992911314,2.503194583259625,2.4537641245910016,3.8973325975580715,0.2606375930587376,3.3257847841750556,0.4501234553151389,0.7252288394731637,4.0878732923011984,3.647316827280037,16.522241592433463,4.4426567217954,15.992467812304103
568000000,Taman,2,1,1,"AC, Halaman, Tanpa perabotan, Dapur terpadu, Tangki air",Tidak Ada,1,70,91,-7.3778578,112.6411193,2.631206093507608,6.69648414414983,6.847380940591483,6.911361040957535,5.760949142718859,10.141742947148908,8.519256636685766,1.43156985803806,4.035794456023822,8.929282168243349,15.628108086564655,4.035794456023822,
325000000,Sukodono,2,1,0,Tanpa perabotan,Tidak Ada,1,70,91,-7.408064,112.6943559,1.389154200833594,2.53824308857895,3.0085170484463943,5.130514347478199,3.2397140275240415,5.936832631776462,1.4280240169929141,1.4975121703584269,6.007195848578388,9.492027830343732,10.63692050166826,6.007195848578388,22.549438473106225
594000000,Sidoarjo,2,1,1,"Garasi, Listrik, Air, Tanpa perabotan","Keamanan, Keamanan 24 jam",1,80,91,-7.4490842,112.6824377,1.3473270594145361,0.6310078657719297,0.7861428303968265,3.7714772200257545,1.3473270594145361,2.808323734085446,2.63163461271029,2.629095271965148,4.913653215338915,5.528613567726669,15.608630735870682,4.813430535689973,17.98022327916714
300000000,Taman,2,1,0,Tanpa perabotan,Tidak Ada,1,80,91,-7.3589157,112.6810879,3.9588870313689504,1.8922879611273187,1.7269925455652768,1.860381440561247,1.6307702969247724,5.065770284948138,3.45646025588053,1.2344084776832336,2.750366669974466,4.228913218794694,10.552135424363875,2.580458966375853,
450000000,Buduran,2,1,1,"Garasi, Pemandangan panorama, Air, Tanpa perabotan, Internet, Halaman, Listrik, Wifi","Keamanan, Area anak-anak, Rumah jaga, Cctv, Taman, Keamanan 24 jam",1,85,91,-7.425129,112.7230909,1.9103003698000902,1.3979537096236054,1.1061051005356428,1.0526762945523878,2.292918065434631,2.740648466165926,2.107458689324181,1.941617938784703,5.114345547745976,5.4945153920255425,8.711963206887251,4.531137011819095,22.156650809373637
790000000,Candi,3,2,2,"Balkon, Tangki air, Listrik, Teras, Halaman, Air, Tanpa perabotan, Deck","Keamanan, Keamanan 24 jam, Taman",2,91,91,-7.4869501,112.6973995,0.5143031565610723,3.7005441539138775,5.63275498167558,2.782798503710564,5.056800766961543,6.594604673465229,4.96529727125796,1.9456913651881889,4.324607315006433,4.721526121022625,18.47115715601192,4.238094693804197,14.294695369789903
480000000,Sedati,3,1,0,"Garasi, Tanpa perabotan, Air",Tidak Ada,1,91,91,-7.40345,112.76539,2.4788822798544543,5.001893364682755,1.1806350347142787,3.767396736032899,2.857526839663946,7.353805661059361,4.674069980585631,3.146445005252425,5.456108083273565,3.8782585688037603,3.8782585688037603,5.456108083273565,9.220021745744484
1700000000,Waru,3,1,0,Tanpa perabotan,Tidak Ada,1,91,91,-7.3433654,112.768599,1.3649679675151563,2.0578206047728376,2.2313400786659674,3.581449694295486,1.5218874558639834,6.642989091750334,0.37257375917261315,1.7084626824085842,5.164051788238419,5.994889717662456,5.7816070899097625,5.145192637656776,5.092216824331305
1000000000,Waru,6,3,0,Tanpa perabotan,Tidak Ada,3,91,91,-7.3608225,112.7293455,1.7585539533579413,1.1759079122890252,1.4738431706621862,2.23091835601544,2.079837782729738,1.5216889797505075,1.5745739099184408,1.9957475073265547,0.9276705337409571,1.7418308548083765,5.19051323836661,2.5877762429379336,
1700000000,Waru,4,2,0,Tanpa perabotan,Tidak Ada,1,91,91,-7.3433654,112.768599,1.3649679675151563,2.0578206047728376,2.2313400786659674,3.581449694295486,1.5218874558639834,6.642989091750334,0.37257375917261315,1.7084626824085842,5.164051788238419,5.994889717662456,5.7816070899097625,5.145192637656776,5.092216824331305
750000000,Gedangan,2,2,0,Tanpa perabotan,Tidak Ada,2,91,91,-7.3917721,112.7306701,0.8115989833403509,1.2296907751802062,1.3762109137637843,4.585753044521643,1.4034353009796,3.817373400265077,0.5705500717107087,1.3373332734012966,1.0506060988884838,6.1397680608111616,4.81885224449152,1.0506060988884838,
3250000000,Taman,5,3,0,Tanpa perabotan,Tidak Ada,1,91,91,-7.3742771,112.6395931,1.190093852345368,5.96179749920647,6.710333353801794,6.774313454167846,5.944511024317173,10.004695360359218,8.39538533129161,1.006884371467139,2.9734157035168227,7.866903415736353,15.491060499774964,2.9734157035168227,
2200000000,Waru,3,2,0,Tanpa perabotan,Tidak Ada,2,91,91,-7.3432711,112.7683327,1.3773391833947835,1.996591986447833,2.1701114603409626,3.593820910175113,1.4414149160324587,6.581760473425328,0.3849449750522403,1.6279901425770593,5.102823169913415,5.914417177830931,5.79397830578939,5.083964019331772,5.1011870397206005
14000000000,Waru,10,8,0,Tanpa perabotan,Tidak Ada,3,91,91,-7.3646948,112.7351961,2.05259134521871,1.1521206930791128,1.2474211776530832,2.6353292084885376,1.901440594363987,1.343291791384757,1.3961767215526903,0.28745860211822344,2.851526130863422,3.665686451930842,4.10841630472211,3.1641216453244363,
6250000000,Gedangan,2,1,0,Tanpa perabotan,Tidak Ada,1,91,91,-7.3917721,112.7306701,0.8115989833403509,1.2296907751802062,1.3762109137637843,4.585753044521643,1.4034353009796,3.817373400265077,0.5705500717107087,1.3373332734012966,1.0506060988884838,6.1397680608111616,4.81885224449152,1.0506060988884838,
800000000,Sidoarjo,3,1,0,Tanpa perabotan,Tidak Ada,1,91,91,-7.4514112,112.6871692,1.270364248216997,0.9698529298016291,0.7848403798966858,3.3533179411005833,1.4340395183999552,2.390164455160275,1.8676852642238388,1.865145923478696,4.155329173355922,4.770289525743679,15.669470752046706,4.0551064937069805,17.371603596937167
1500000000,Gedangan,2,1,0,Tanpa perabotan,Tidak Ada,1,91,91,-7.3917721,112.7306701,0.8115989833403509,1.2296907751802062,1.3762109137637843,4.585753044521643,1.4034353009796,3.817373400265077,0.5705500717107087,1.3373332734012966,1.0506060988884838,6.1397680608111616,4.81885224449152,1.0506060988884838,
1600000000,Waru,3,2,0,Tanpa perabotan,Tidak Ada,1,91,91,-7.3433654,112.768599,1.3649679675151563,2.0578206047728376,2.2313400786659674,3.581449694295486,1.5218874558639834,6.642989091750334,0.37257375917261315,1.7084626824085842,5.164051788238419,5.994889717662456,5.7816070899097625,5.145192637656776,5.092216824331305
800000000,Gedangan,2,1,0,Tanpa perabotan,Tidak Ada,1,91,91,-7.3917721,112.7306701,0.8115989833403509,1.2296907751802062,1.3762109137637843,4.585753044521643,1.4034353009796,3.817373400265077,0.5705500717107087,1.3373332734012966,1.0506060988884838,6.1397680608111616,4.81885224449152,1.0506060988884838,
895000000,Waru,4,3,0,Tanpa perabotan,Tidak Ada,1,91,91,-7.365102,112.7196817,0.5491252006724288,0.365902993481487,2.4763140130598025,3.97119082459861,2.4413989124259285,1.7430590424907904,1.5556203397180142,0.952478236308617,2.5880627916185985,2.03389041693323,5.606885942339516,4.3280487115211015,24.43595055382732
675000000,Gedangan,3,1,0,Tanpa perabotan,Tidak Ada,1,91,91,-7.3917721,112.7306701,0.8115989833403509,1.2296907751802062,1.3762109137637843,4.585753044521643,1.4034353009796,3.817373400265077,0.5705500717107087,1.3373332734012966,1.0506060988884838,6.1397680608111616,4.81885224449152,1.0506060988884838,
820000000,Gedangan,2,1,0,Tanpa perabotan,Tidak Ada,1,91,91,-7.3917721,112.7306701,0.8115989833403509,1.2296907751802062,1.3762109137637843,4.585753044521643,1.4034353009796,3.817373400265077,0.5705500717107087,1.3373332734012966,1.0506060988884838,6.1397680608111616,4.81885224449152,1.0506060988884838,
1250000000,Gedangan,3,2,0,Tanpa perabotan,Tidak Ada,1,91,91,-7.3917721,112.7306701,0.8115989833403509,1.2296907751802062,1.3762109137637843,4.585753044521643,1.4034353009796,3.817373400265077,0.5705500717107087,1.3373332734012966,1.0506060988884838,6.1397680608111616,4.81885224449152,1.0506060988884838,
1050000000,Gedangan,3,2,0,Tanpa perabotan,Tidak Ada,1,95,91,-7.3917721,112.7306701,0.8115989833403509,1.2296907751802062,1.3762109137637843,4.585753044521643,1.4034353009796,3.817373400265077,0.5705500717107087,1.3373332734012966,1.0506060988884838,6.1397680608111616,4.81885224449152,1.0506060988884838,
575000000,Gedangan,2,1,0,Tanpa perabotan,Tidak Ada,1,95,91,-7.3917721,112.7306701,0.8115989833403509,1.2296907751802062,1.3762109137637843,4.585753044521643,1.4034353009796,3.817373400265077,0.5705500717107087,1.3373332734012966,1.0506060988884838,6.1397680608111616,4.81885224449152,1.0506060988884838,
400000000,Sukodono,3,1,0,Tanpa perabotan,Tidak Ada,1,130,91,-7.394061,112.6738809,0.841154992744694,2.8766357093749213,3.90864948765988,5.892745571598778,0.28135023959614064,8.302342462761755,3.9226349198224835,1.3540240655938636,6.782730801011997,8.261277349832222,11.88669519974322,6.612823097413383,19.898868344567852
500000000,Buduran,2,1,0,Tanpa perabotan,Tidak Ada,1,160,91,-7.425129,112.7230909,1.9103003698000902,1.3979537096236054,1.1061051005356428,1.0526762945523878,2.292918065434631,2.740648466165926,2.107458689324181,1.941617938784703,5.114345547745976,5.4945153920255425,8.711963206887251,4.531137011819095,22.156650809373637
665000000,Krian,2,2,2,"Halaman, Listrik, Teras, Air, Tanpa perabotan","Keamanan, Taman, Kolam renang, Keamanan 24 jam",2,55,92,-7.4170186,112.5975167,6.156193880649969,2.903923464082248,1.546484403829594,15.046761853806135,1.8805635927371143,14.083608367865825,12.995006814304613,2.4757023490830083,2.556842363507485,2.1296302352409704,22.862611041907304,2.8706794521851777,28.607661388957872
500000000,Sidoarjo,2,1,0,Tanpa perabotan,Tidak Ada,1,93,93,-7.4514112,112.6871692,1.270364248216997,0.9698529298016291,0.7848403798966858,3.3533179411005833,1.4340395183999552,2.390164455160275,1.8676852642238388,1.865145923478696,4.155329173355922,4.770289525743679,15.669470752046706,4.0551064937069805,17.371603596937167
725000000,Sukodono,3,2,2,"Garasi, Halaman, Listrik, Teras, Balkon, Air, Tanpa perabotan, Wifi",Keamanan 24 jam,2,70,94,-7.394061,112.6738809,0.841154992744694,2.8766357093749213,3.90864948765988,5.892745571598778,0.28135023959614064,8.302342462761755,3.9226349198224835,1.3540240655938636,6.782730801011997,8.261277349832222,11.88669519974322,6.612823097413383,19.898868344567852
450000000,Sidoarjo,5,5,0,Tanpa perabotan,Tidak Ada,1,90,94,-7.4582209,112.712551,2.1163444994893865,1.0189079270798238,2.2489873013198025,3.0833290043496575,3.3062097140939803,1.0929832914670508,1.8984065210837657,2.7916222402854105,3.0350623339714944,3.4152321782510624,12.96953577401374,3.107904354180671,2.5409273680417934
575000000,Gedangan,2,1,0,Tanpa perabotan,Tidak Ada,1,94,94,-7.3917721,112.7306701,0.8115989833403509,1.2296907751802062,1.3762109137637843,4.585753044521643,1.4034353009796,3.817373400265077,0.5705500717107087,1.3373332734012966,1.0506060988884838,6.1397680608111616,4.81885224449152,1.0506060988884838,
1970000000,Waru,6,4,0,Tanpa perabotan,Tidak Ada,2,154,94,-7.3648088,112.7702037,2.154014974673377,2.5011484669775728,2.419929743622099,5.048522741810199,2.111954171631251,5.491002839745846,1.4281850915870702,1.6988384561597907,6.057158240261229,3.971785436818187,3.971785436818187,6.057158240261229,5.781722698656666
1300000000,Waru,6,2,2,Tanpa perabotan,Tidak Ada,2,120,95,-7.3431179,112.7736872,0.6109292480651447,3.4262563102253747,3.599775784118505,2.9087727759850135,1.118610109560059,8.011424797202872,3.173989205725259,2.0508607167169726,6.532487493690959,6.52312186409166,5.1089301715992885,6.513628343109316,3.6419727328314786
375000000,Krembung,2,1,1,"Garasi, Pemandangan panorama, Ruang layanan, Air, Tanpa perabotan, Dapur terpadu, Halaman, Ruang kantor, Listrik, Teras","Keamanan, Taman, Keamanan 24 jam, Area anak-anak, Rumah jaga",1,150,95,-7.50875445,112.6226665,4.047952020812177,10.390887302083632,11.026313884483448,10.243300529016283,8.071318606008576,14.294882158460563,9.489830731736859,9.12792718793622,7.255431005340285,14.434849740567536,26.84448635977937,7.255431005340285,21.431411430207987
1600000000,Sidoarjo,3,2,0,Tanpa perabotan,Tidak Ada,1,36,96,-7.4497718,112.7015495,1.418867546113402,1.3473282165336105,1.6196508465489468,1.1611435311078238,1.125437344093236,1.7112317906415684,0.8042066902093296,2.8773550012846476,2.9627882173951483,3.9766351559257362,13.48333016014807,2.288506762128217,0.5015150382374634
599900000,Gedangan,2,2,0,Tanpa perabotan,Tidak Ada,1,38,96,-7.4085499,112.709222,1.7282694591855436,1.5554198759491353,3.798551011748304,3.9361044970409065,2.492492674044156,5.311535949395228,1.3998599203040918,1.4949598584742765,3.970142954240827,8.500301765434726,8.599867607330697,3.970142954240827,21.557712408197222
564400000,Sedati,2,1,1,"Garasi, AC, Kabel video, Tangki air, Listrik, Teras, Internet, Pemandangan panorama, Halaman, Air, Tanpa perabotan, Wifi","Keamanan, Gym, Taman, Rumah jaga, Keamanan 24 jam, Cctv, Area anak-anak, Panggang, Akses bagi penyandang disabilitas",1,44,96,-7.3717382,112.7637336,1.055519877025291,2.530923798102005,2.379729331388422,5.851397800947302,0.9257784557090415,4.842332909048748,1.4579604227115026,0.3438129111791732,5.271921530692562,2.61675989183757,1.7440892700706567,5.39617650965365,7.514619112655263
588000000,Sukodono,2,1,1,"Garasi, AC, Dapur lengkap, Dapur terpadu, Pemandangan panorama, Halaman, Tangki air, Lemari pakaian bawaan, Perapian, Air, Rubanah, Deck, Wifi, Internet, Balkon, Pemanasan, Jacuzzi, Kabel video, Ruang layanan, Alarm, Gas alam, Ruang kantor, Listrik, Teras, Fully fenced","Keamanan, Gym, Area anak-anak, Sauna, Taman, Taman atap, Rumah jaga, Lapangan tenis, Spa, Cctv, Kolam renang, Angkat, Pustaka, Pramutamu, Panggang, Akses bagi penyandang disabilitas, Keamanan 24 jam",1,60,96,-7.39308949,112.6759274,1.0082690386966058,3.0437497553268322,4.0757635336117914,5.8560780586614465,0.44846428554805245,8.469456508713668,3.8859674068851517,1.5211381115457752,6.746063288074664,8.224609836894892,12.053809245695131,6.576155584476051,19.862200831630517
285000000,Sidoarjo,2,1,1,"Air, Tanpa perabotan",Keamanan 24 jam,1,65,96,-7.412324,112.5378369,14.107773876552127,4.521358591772457,5.73924983349377,19.679890962921075,5.993697625331609,20.980962778580064,19.675099372211758,0.17646865657484465,4.247567860248099,5.531233316358311,28.396638008528203,4.535996651429462,33.71100679769462
756000000,Waru,2,1,1,"Garasi, AC, Pemanasan, Jacuzzi, Kabel video, Ruang layanan, Lemari pakaian bawaan, Ruang kantor, Listrik, Teras, Wifi, Internet, Dapur lengkap, Dapur terpadu, Pemandangan panorama, Halaman, Tangki air, Gas alam, Air, Tanpa perabotan, Deck","Keamanan, Gym, Area anak-anak, Sauna, Taman, Taman atap, Rumah jaga, Lapangan tenis, Spa, Cctv, Kolam renang, Angkat, Pustaka, Pramutamu, Panggang, Akses bagi penyandang disabilitas, Keamanan 24 jam",1,65,96,-7.3468093,112.7792692,2.6085820284585606,3.0051649440104358,3.221622247851097,2.465693997073632,0.2242443759264464,7.7705492205013265,0.4348390176600695,1.278722228356031,6.291611916989413,5.432035044878791,4.665851392687907,6.27275276640777,3.1988939539200976
1600000000,Sidoarjo,4,4,0,"Internet, Air, Tanpa perabotan, Halaman, Listrik, Fully fenced","Keamanan, Keamanan 24 jam",2,65,96,-7.4479358,112.6956393,1.3976074895534139,0.7868453142794325,1.7447332128782125,2.011037973850841,1.347303533412571,1.0478844879105325,1.6541011329523467,2.6393349534411614,4.18126817401792,5.17997803862523,14.32719078479696,3.1384012048712324,18.024999026972857
320000000,Wonoayu,2,1,1,"Dapur terpadu, Tanpa perabotan, Air","Keamanan, Keamanan 24 jam, Rumah jaga",1,65,96,-7.446138,112.6514882,3.7854739776183073,3.5780614086982103,2.194564527519025,7.529161139900217,4.6782349211854495,6.566007653959908,4.944646086594313,3.4666806119499323,2.316424651329201,7.973837334255214,18.280959853957583,2.316424651329201,19.319269395448217
500000000,Prambon,2,1,0,"Air, Tanpa perabotan, Listrik",Tidak Ada,1,65,96,-7.449034,112.569756,7.138616351746411,4.7868697704132535,4.540622793802183,17.86388383199561,4.4604315955088305,16.90073034605531,15.195540316095775,5.020796996470911,3.0567349257699266,4.925915876815228,27.881583967918903,2.718587471276285,25.14395450908533
600000000,Buduran,6,3,3,"Garasi, Air, Tanpa perabotan, Balkon, Listrik, Deck","Rumah jaga, Keamanan 24 jam",2,75,96,-7.443083,112.7029373,1.1857070256225555,0.4021579183646985,0.7834004263724801,1.3311450920068886,0.9505367334347296,2.1471526452772247,0.9742082511083943,2.449890868290636,3.501375292173968,4.501648892518625,12.53815986197916,2.458508323027281,0.9374358928731202
634000000,Tulangan,3,3,3,"Garasi, Listrik, Teras, Air, Tanpa perabotan, Fully fenced","Keamanan, Area anak-anak, Kolam renang, Taman",1,80,96,-7.4446995,112.6306427,5.852080132025654,5.54938479637293,5.124040426964535,10.458637039345724,8.16393607114792,9.495483553405412,7.8741219860398255,5.290523593766331,4.059895288836778,7.680167443975127,21.016402858661344,4.059895288836778,30.118800575309493
925000000,Buduran,2,1,1,"Garasi, Halaman, Tanpa perabotan, Wifi, Internet, Air, Fully fenced","Keamanan, Area anak-anak, Gym, Taman",1,96,96,-7.425493,112.7081808,2.7842189040571657,1.2964434123684938,2.041098767101119,2.72459294510214,2.336522072994458,2.6416215492936814,1.9461958288061643,1.9461958288061643,5.808335358830223,6.306366575305163,10.819065773085958,4.502239667761796,23.699017440789458
1600000000,Taman,1,2,0,"Garasi, Air, Tanpa perabotan, Halaman, Listrik, Fully fenced","Keamanan, Rumah jaga, Taman, Keamanan 24 jam",1,96,96,-7.374592,112.6395609,1.190093852345368,5.96179749920647,6.710333353801794,6.774313454167846,5.944511024317173,10.004695360359218,8.39538533129161,1.006884371467139,2.9734157035168227,7.866903415736353,15.491060499774964,2.9734157035168227,
410000000,Taman,3,1,0,Tanpa perabotan,Tidak Ada,1,96,96,-7.3589157,112.6810879,3.9588870313689504,1.8922879611273187,1.7269925455652768,1.860381440561247,1.6307702969247724,5.065770284948138,3.45646025588053,1.2344084776832336,2.750366669974466,4.228913218794694,10.552135424363875,2.580458966375853,
400000000,Sukodono,2,1,0,Tanpa perabotan,Tidak Ada,1,96,96,-7.394061,112.6738809,0.841154992744694,2.8766357093749213,3.90864948765988,5.892745571598778,0.28135023959614064,8.302342462761755,3.9226349198224835,1.3540240655938636,6.782730801011997,8.261277349832222,11.88669519974322,6.612823097413383,19.898868344567852
1250000000,Sidoarjo,1,2,2,"Garasi, Dapur lengkap, Listrik, Fully fenced, Balkon, Pemandangan panorama, Tanpa perabotan","Keamanan, Keamanan 24 jam, Area anak-anak",2,110,96,-7.46476925,112.7340657,1.0122599645332673,2.0087135749297107,1.7567074304461876,3.0142077672269822,1.8108487253699976,3.509905681647279,0.5565426795518553,1.4005993533520855,3.235175099439432,3.3505198316877114,12.916023786124262,3.3080171196486083,5.338886263515373
400000000,Sukodono,3,1,0,Berperabot lengkap,Tidak Ada,1,110,96,-7.394061,112.6738809,0.841154992744694,2.8766357093749213,3.90864948765988,5.892745571598778,0.28135023959614064,8.302342462761755,3.9226349198224835,1.3540240655938636,6.782730801011997,8.261277349832222,11.88669519974322,6.612823097413383,19.898868344567852
2000000000,Sidoarjo,3,2,0,"Air, Berperabot lengkap, Listrik",Tidak Ada,2,120,96,-7.4540491,112.7066448,1.3292657922657505,1.1993384434907732,1.227777695338982,0.8169183770343772,1.1172655419028477,1.3717029896692536,1.0006573493931836,2.333336452362566,2.1858365624733036,3.3947688651676606,13.339775146516528,0.9595269324947259,1.6324991518544347
350000000,Sedati,2,1,1,"Garasi, Air, Sebagian perabotan, Dapur terpadu, Listrik",Keamanan,1,150,96,-7.3814495,112.7911863,1.9111131332564986,7.369526502330358,5.043205558525732,5.052868202755895,4.270520473500744,8.234742465332078,6.296563126939857,4.512786043268531,7.569739133659703,4.359549199468407,5.482366059466523,7.693994112620788,9.32213422428066
780000000,Gedangan,2,1,0,Tanpa perabotan,Tidak Ada,1,156,96,-7.3979436,112.74536,1.0752065690320323,2.4471577485927836,1.9174522460847998,5.572176960627123,2.914814053971773,5.768567417405743,2.494038204066724,1.7633674297932203,3.001800116029152,5.077192383893764,4.020525534443028,3.001800116029152,9.410037037374568
790000000,Waru,2,1,0,"Garasi, AC, Dapur lengkap, Dapur terpadu, Lemari pakaian bawaan, Listrik, Tanpa perabotan, Internet, Balkon, Pemanasan, Alarm, Perapian, Rubanah",Tidak Ada,1,160,96,-7.3549225,112.8122669,4.858228539857773,8.123362408623096,8.339819712463758,2.8280267807944943,5.258131603010219,12.888746685113974,7.011959208096881,5.2209537692389825,11.409809381602072,7.694801342535252,1.1096697663558213,11.390950231020426,5.254627006104197
725000000,Waru,3,2,0,Tanpa perabotan,Tidak Ada,1,192,96,-7.35128,112.8135304,7.119939325076293,7.687928901850386,7.904386205691049,2.3925932740217855,4.8226980962375094,12.453313178341267,6.5765257013241705,4.785520262466273,10.974375874829365,8.053375418977598,1.468243842798166,10.955516724247719,4.819193499331488
990000000,Waru,2,1,0,Tanpa perabotan,"Keamanan, Keamanan 24 jam",1,150,97,-7.3435939,112.7688649,1.2525569441519322,2.021316273840051,2.194835747733181,3.4690386709322625,1.2266158589877272,6.606484760817547,0.44485018571525164,1.6043713042864418,5.127547457305632,5.93914146522315,5.669196066546538,5.108688306723989,4.202238627778727
1200000000,Waru,3,2,0,"Garasi, Halaman, Air, Tanpa perabotan, Fully fenced, Balkon, Ruang layanan, Listrik, Teras","Keamanan, Keamanan 24 jam",2,50,98,-7.3434451,112.7685874,1.3773391833947835,1.996591986447833,2.1701114603409626,3.593820910175113,1.4414149160324587,6.581760473425328,0.3849449750522403,1.6279901425770593,5.102823169913415,5.914417177830931,5.79397830578939,5.083964019331772,5.1011870397206005
1100000000,Taman,2,1,1,"AC, Air, Tanpa perabotan, Tangki air, Listrik","Keamanan, Rumah jaga, Cctv, Keamanan 24 jam",1,50,98,-7.3692421,112.693256,2.149002374760718,3.3843911014835393,2.9620450818568487,3.263746932818002,2.9049012607246834,4.673506968032563,0.8044998451535141,2.0023147354562814,3.603116223314597,4.401916473150239,8.742250767755646,3.4332085197159836,23.486589491333557
1500000000,Gedangan,3,1,1,"Garasi, Air, Tanpa perabotan, Ruang layanan, Listrik, Teras","Taman, Keamanan 24 jam",1,69,98,-7.3941638,112.7472474,1.957249921763623,3.046202176404136,2.516496673896151,6.453146685693099,4.289943210219094,6.367611845217095,3.2390733507058806,2.6454107825248108,3.600844543840503,5.959235736625352,4.902568887174617,3.600844543840503,10.292080390106163
632000000,Tulangan,3,3,3,"Garasi, Air, Tanpa perabotan, Internet, Listrik, Fully fenced","Keamanan, Area anak-anak, Keamanan 24 jam, Kolam renang, Taman",1,80,98,-7.44399425,112.6308613,5.77425430353976,5.471558967887036,5.04621459847864,10.38081121085983,8.086110242662023,9.41765772491952,7.796296157553932,5.353134604310969,4.122506299381415,7.602341615489232,20.93857703017545,4.122506299381415,30.040974746823593
1300000000,Sedati,2,2,0,"Garasi, Halaman, Air, Tanpa perabotan, AC, Tangki air, Listrik, Fully fenced","Keamanan, Area anak-anak, Rumah jaga, Cctv, Taman, Keamanan 24 jam",2,98,98,-7.3756404,112.758414,0.4321302284408366,3.613384328238139,3.8758942243383623,5.859143270468264,0.6757536484049462,4.912829436951772,2.540420952847638,1.0984799540328907,4.253114003773202,2.4826742288922437,0.7252817431513,4.377368982734291,8.5970796427914
353000000,Candi,2,1,1,"Garasi, Air, Tanpa perabotan, Halaman, Listrik","Keamanan, Rumah jaga, Taman, Keamanan 24 jam",1,98,98,-7.46736755,112.702364,1.7425592989850236,2.27640515664852,1.2997852956469353,2.3429848666780484,1.9202836284896596,2.9882088247422347,2.2244938499808904,1.4083635128359724,2.337679630892802,1.5719485552880643,14.864761307288925,2.9256006049126455,2.6619603936104443
352000000,Candi,2,1,1,"Garasi, Air, Tanpa perabotan, Halaman, Listrik","Keamanan, Rumah jaga, Taman, Keamanan 24 jam",1,98,98,-7.49567427,112.7315994,1.9129149386286435,4.392815509505079,4.646138879543321,3.5439258963869165,3.7298083185987134,7.044781507260949,4.373732102909351,2.7502551073147807,3.493394559869281,5.171702954818344,16.733213209481757,3.4068819386670444,16.467518560640112
975000000,Gedangan,2,1,1,"Garasi, Air, Sebagian perabotan, Fully fenced, AC, Listrik, Teras",Tidak Ada,1,105,98,-7.3896762,112.7279598,0.15876730662380215,1.7772577553113862,1.211822739958879,4.456698371394396,0.27487645045464526,2.688814549740123,0.9275869930203207,0.20877442287634204,0.08462472979404548,5.011209210286206,4.714349382883914,0.08462472979404548,
450000000,Buduran,2,1,1,"Garasi, Halaman, Listrik, Wifi, Internet, Air, Tanpa perabotan","Keamanan, Area anak-anak, Keamanan 24 jam, Cctv, Taman",1,110,98,-7.425129,112.7230909,1.9103003698000902,1.3979537096236054,1.1061051005356428,1.0526762945523878,2.292918065434631,2.740648466165926,2.107458689324181,1.941617938784703,5.114345547745976,5.4945153920255425,8.711963206887251,4.531137011819095,22.156650809373637
475000000,Candi,3,2,2,"Garasi, Kabel video, Tanpa perabotan, Internet, Air, Wifi",Tidak Ada,2,110,98,-7.4582505,112.6780867,2.520991612196553,1.8046724185539462,1.9609444470714166,4.941582566170544,1.2366833804618418,4.232691087333884,1.6623755482316087,1.5374440595278198,4.759203597488302,4.691566795892511,16.7822952886527,4.911778019276853,16.951927614687264
3300000000,Waru,7,4,0,"Garasi, Halaman, Air, Tanpa perabotan, Wifi, AC, Tangki air, Listrik, Fully fenced","Area anak-anak, Keamanan 24 jam, Taman",2,112,98,-7.36463451,112.7344449,1.9006857890982363,1.1142842497638707,1.095515621532609,2.7583198956061827,1.7495350382435129,1.191386235264283,1.2442711654322163,0.13555304599774917,2.6996205747429483,3.513780895810368,4.231406991839756,3.287112332442082,
850000000,Waru,2,1,0,"Internet, Listrik, Air, Tanpa perabotan",Tidak Ada,1,150,98,-7.3565425,112.7518785,2.141451528583559,2.045101243104236,2.4234827420856773,3.019151632368915,2.0961258273082,3.9928835391478925,2.9911387943310537,3.6389876096859854,3.5479440692048136,5.0242523368831336,4.655061836888793,3.5479440692048136,2.525221276467307
750000000,Candi,2,1,0,Tanpa perabotan,Tidak Ada,1,185,98,-7.4727733,112.7236749,0.44125032564139155,0.5159008823593376,1.0495645276225576,1.806107758377671,0.27555237656859,3.518087084711191,2.552954170032884,0.25355243608584843,2.9153317309706597,1.8631681782997631,14.911493563085916,2.988173751179836,5.296416231005735
635000000,Tulangan,3,3,3,"Garasi, Air, Tanpa perabotan, Fully fenced, Halaman, Listrik, Teras","Keamanan, Area anak-anak, Keamanan 24 jam, Kolam renang, Taman",1,80,99,-7.4446995,112.6306427,5.852080132025654,5.54938479637293,5.124040426964535,10.458637039345724,8.16393607114792,9.495483553405412,7.8741219860398255,5.290523593766331,4.059895288836778,7.680167443975127,21.016402858661344,4.059895288836778,30.118800575309493
1100000000,Sedati,3,2,0,"AC, Dapur lengkap, Air, Balkon, Jacuzzi, Berperabot lengkap","Cctv, Keamanan 24 jam, Area anak-anak",2,99,99,-7.3756205,112.7575683,0.7183462088735841,3.136248352259729,4.162110204771111,5.479471908635552,1.0814428934232683,4.863989079837205,2.1779704825176394,0.5109579030682742,4.356460532427092,2.768890209324991,0.8286282718051904,4.480715511388182,8.159314559165582
351000000,Candi,2,1,1,"Garasi, Halaman, Listrik, Internet, Air, Tanpa perabotan","Keamanan, Rumah jaga, Taman",1,99,99,-7.46736755,112.702364,1.7425592989850236,2.27640515664852,1.2997852956469353,2.3429848666780484,1.9202836284896596,2.9882088247422347,2.2244938499808904,1.4083635128359724,2.337679630892802,1.5719485552880643,14.864761307288925,2.9256006049126455,2.6619603936104443
990000000,Gedangan,3,2,0,"Garasi, AC, Halaman, Air, Internet, Dapur terpadu, Tangki air, Listrik","Keamanan, Taman, Kolam renang",2,120,99,-7.3862316,112.7174724,0.9434997452934826,3.5071141777977517,2.52340280157424,6.814882660104398,0.31410017214083485,4.003400498351253,2.657443415506686,0.424855559172655,1.814481152280411,5.9206227030363845,6.444205805370279,2.4241558889425585,21.100989332195493
476520000,Jabon,2,1,1,"Garasi, AC, Dapur lengkap, Dapur terpadu, Alarm, Gas alam, Listrik, Tanpa perabotan, Fully fenced, Internet, Balkon, Pemanasan, Jacuzzi, Lemari pakaian bawaan, Perapian, Rubanah, Deck","Cctv, Area anak-anak, Pustaka, Pramutamu, Rumah jaga, Gym, Angkat, Taman, Panggang, Akses bagi penyandang disabilitas",1,40,100,-7.5480009,112.7312447,10.482708429352666,9.169476026636039,13.917906928238672,5.044478331054264,4.971086828859826,15.21807949851011,5.484787631629614,4.968070679648944,5.024964837735347,13.345000946067502,26.004981258177104,5.024964837735347,
465000000,Sedati,2,1,1,"Garasi, Wifi, Tanpa perabotan","Cctv, Taman, Kolam renang, Lapangan tenis",1,40,100,-7.3717382,112.7637336,1.055519877025291,2.530923798102005,2.379729331388422,5.851397800947302,0.9257784557090415,4.842332909048748,1.4579604227115026,0.3438129111791732,5.271921530692562,2.61675989183757,1.7440892700706567,5.39617650965365,7.514619112655263
401000000,Taman,2,1,1,"Garasi, AC, Dapur lengkap, Dapur terpadu, Kabel video, Tangki air, Lemari pakaian bawaan, Ruang kantor, Listrik, Tanpa perabotan, Deck, Wifi, Internet, Balkon, Pemanasan, Pemandangan panorama, Ruang layanan, Alarm, Perapian, Air, Rubanah, Teras, Fully fenced","Keamanan, Gym, Area anak-anak, Taman, Taman atap, Rumah jaga, Lapangan tenis, Spa, Cctv, Kolam renang, Sauna, Pramutamu, Panggang, Akses bagi penyandang disabilitas, Keamanan 24 jam",1,40,100,-7.37355866,112.7055638,2.0639306720124257,2.9438578577443484,4.532569866835465,5.6003631614829334,0.800266632694268,3.7993148962664534,2.1999548855292113,0.8349749777910108,5.297516707128051,4.082475388120654,7.6631417961151795,4.248077226937678,22.221103692528672
850000000,Sidoarjo,3,3,0,"Garasi, Ruang layanan, Listrik, Halaman, Air, Tanpa perabotan","Keamanan, Keamanan 24 jam",2,45,100,-7.4514112,112.6871692,1.270364248216997,0.9698529298016291,0.7848403798966858,3.3533179411005833,1.4340395183999552,2.390164455160275,1.8676852642238388,1.865145923478696,4.155329173355922,4.770289525743679,15.669470752046706,4.0551064937069805,17.371603596937167
396000000,Sukodono,3,2,2,Tanpa perabotan,Tidak Ada,2,50,100,-7.4156799,112.6815785,1.2598011583028397,0.2376461288789162,1.25773928446801,6.428804522015564,1.091599422947112,5.465651036075256,3.0478100939719726,9.269212462545964,8.599034722182642,9.512396687543763,12.256706578647314,7.556167753035956,22.532233013743955
450000000,Tulangan,2,1,1,Tanpa perabotan,Rumah jaga,1,65,100,-7.4812926,112.6468606,6.327984245615995,6.601769438025699,5.761219832828524,8.92402312188789,6.15910018676534,9.029788106805638,6.0785392123148805,3.862833136281295,1.9903369536853601,9.169755688912613,21.57939230812446,1.9903369536853601,16.16631737855306
775000000,Waru,3,1,1,"Garasi, Halaman, Air, Tanpa perabotan, AC, Tangki air, Listrik, Wifi",Taman,1,75,100,-7.34506052,112.7493553,1.9731217512507502,1.1040494518066728,2.24985345389341,2.348836580735192,1.927796049975391,4.271611164158526,1.77610919997405,2.8619774938539813,2.887858779805756,4.3641670474840755,5.566344343082287,2.868999629224113,
1650000000,Sidoarjo,4,2,2,"Garasi, Air, AC, Listrik","Taman, Rumah jaga",1,75,100,-7.4488941,112.7016046,1.3129123646437466,1.235339216969827,1.4964888769497726,1.0551883496381687,0.3914539091998983,1.5880698210423942,0.6982515087396741,3.001491019695605,3.0869242358061055,4.1007711743366935,13.371341160584285,2.182551580658562,0.3783530686382892
500000000,Sedati,2,1,1,Tanpa perabotan,Tidak Ada,1,82,100,-7.36823624,112.8076266,2.5833118089928924,8.663947023818997,8.880404327659656,3.3686113959903956,5.7987162182061205,12.371640806495687,5.942727288425979,5.573121455470496,11.950393996797972,5.419884611670372,1.650254381551723,11.950393996797972,5.795211621300099
1890000000,Waru,5,4,0,Sebagian perabotan,Keamanan 24 jam,2,100,100,-7.3399267,112.7562893,2.597476493043447,2.509802729772295,2.680404846698809,4.61074619100732,2.5521507917680872,6.533520774430655,1.9777849071346605,0.6872176685980418,5.149768390077884,6.626076657756205,6.35768863135578,5.130909239496241,4.3100229461736
633500000,Wonoayu,3,3,3,"Garasi, Air, Tanpa perabotan, Halaman, Listrik, Fully fenced","Keamanan, Area anak-anak, Rumah jaga, Kolam renang, Taman, Keamanan 24 jam",1,100,100,-7.446138,112.6514882,3.7854739776183073,3.5780614086982103,2.194564527519025,7.529161139900217,4.6782349211854495,6.566007653959908,4.944646086594313,3.4666806119499323,2.316424651329201,7.973837334255214,18.280959853957583,2.316424651329201,19.319269395448217
900000000,Sidoarjo,3,2,0,"Halaman, Listrik, Air, Sebagian perabotan","Keamanan, Keamanan 24 jam",1,100,100,-7.461408,112.7315635,1.3454708624739478,1.8278610081513669,1.512412352427697,2.657962837385269,1.5665536473515072,3.087789783115291,0.7988363918263499,1.4873880525182333,2.813059200907445,2.989866011286675,13.157375784879385,2.8859012211166215,4.916770364983386
1900000000,Tulangan,3,3,0,"Garasi, Tanpa perabotan, Halaman, Teras",Tidak Ada,2,100,100,-7.4726134,112.6675398,3.7884851569477536,4.410160491784239,3.569610886587065,7.488079049718875,3.9674912405238794,6.838179160564179,3.8869302660734184,1.671224190039835,3.4142532438342563,6.978146742671149,19.387783361882995,3.441593893191538,14.731384268983101
400000000,Sukodono,2,1,0,Sebagian perabotan,Tidak Ada,1,100,100,-7.394061,112.6738809,0.841154992744694,2.8766357093749213,3.90864948765988,5.892745571598778,0.28135023959614064,8.302342462761755,3.9226349198224835,1.3540240655938636,6.782730801011997,8.261277349832222,11.88669519974322,6.612823097413383,19.898868344567852
1350000000,Waru,3,2,2,Tanpa perabotan,Tidak Ada,1,100,100,-7.3434451,112.7685874,1.3773391833947835,1.996591986447833,2.1701114603409626,3.593820910175113,1.4414149160324587,6.581760473425328,0.3849449750522403,1.6279901425770593,5.102823169913415,5.914417177830931,5.79397830578939,5.083964019331772,5.1011870397206005
2500000000,Gedangan,5,3,0,Tanpa perabotan,Tidak Ada,1,100,100,-7.38388144,112.7502001,3.006201340599149,3.8229430169296577,3.2403994210101166,6.51956885602604,2.9921822413013817,3.8985963390681007,3.839938871291738,3.036020358832783,3.1972157032483377,4.570387737711414,2.3519313207480406,3.3214706822094278,7.702243768587004
750000000,Tulangan,3,2,0,Tanpa perabotan,Tidak Ada,1,100,100,-7.4726134,112.6675398,3.7884851569477536,4.410160491784239,3.569610886587065,7.488079049718875,3.9674912405238794,6.838179160564179,3.8869302660734184,1.671224190039835,3.4142532438342563,6.978146742671149,19.387783361882995,3.441593893191538,14.731384268983101
750000000,Tulangan,2,2,0,Tanpa perabotan,Tidak Ada,1,104,100,-7.4726134,112.6675398,3.7884851569477536,4.410160491784239,3.569610886587065,7.488079049718875,3.9674912405238794,6.838179160564179,3.8869302660734184,1.671224190039835,3.4142532438342563,6.978146742671149,19.387783361882995,3.441593893191538,14.731384268983101
650000000,Sukodono,4,2,0,Tanpa perabotan,Tidak Ada,2,115,100,-7.394061,112.6738809,0.841154992744694,2.8766357093749213,3.90864948765988,5.892745571598778,0.28135023959614064,8.302342462761755,3.9226349198224835,1.3540240655938636,6.782730801011997,8.261277349832222,11.88669519974322,6.612823097413383,19.898868344567852
530000000,Sedati,2,1,0,"Garasi, Listrik, Teras, Air, Tanpa perabotan",Taman,1,120,100,-7.36823624,112.8076266,2.5833118089928924,8.663947023818997,8.880404327659656,3.3686113959903956,5.7987162182061205,12.371640806495687,5.942727288425979,5.573121455470496,11.950393996797972,5.419884611670372,1.650254381551723,11.950393996797972,5.795211621300099
1800000000,Waru,4,4,0,Tanpa perabotan,Tidak Ada,1,45,102,-7.3503078,112.7674661,1.1043800195281273,1.2290062172207443,1.4454635210614053,3.972977345129623,0.373224262078175,5.970825656630798,4.2381937748698695,0.837264716423595,4.491888353118883,5.123691751677464,3.8935322545601827,4.47302920253724,5.266527027923425
1700000000,Waru,4,2,0,Tanpa perabotan,Tidak Ada,2,45,102,-7.3503078,112.7674661,1.1043800195281273,1.2290062172207443,1.4454635210614053,3.972977345129623,0.373224262078175,5.970825656630798,4.2381937748698695,0.837264716423595,4.491888353118883,5.123691751677464,3.8935322545601827,4.47302920253724,5.266527027923425
620000000,Waru,2,1,1,"Air, Tanpa perabotan, Listrik",Tidak Ada,1,55,102,-7.3541506,112.8078629,6.607422331862689,7.175411908636783,7.391869212477445,1.880076280808181,4.310181103023904,11.940796185127667,6.064008708110568,4.2730032692526665,10.461858881615763,7.540858425763991,0.9557268495845614,10.442999731034117,4.306676506117884
875000000,Buduran,2,1,0,"Air, Listrik",Tidak Ada,1,90,102,-7.4300171,112.6957181,5.809974319668365,5.4602807741332136,1.5659394055675278,3.3591544067444787,1.3843471865590542,4.261883118635083,4.18915366945822,24.328343999137925,5.5293846069115595,6.427788205573612,13.76230711787697,4.486517637764871,25.94197528144151
9000000000,Sidoarjo,5,3,0,Tanpa perabotan,Tidak Ada,1,90,102,-7.4501427,112.6950608,1.648815187999329,1.0380530127253471,1.9959409113241275,2.2622456722967557,1.598511231858486,1.2990921863564475,1.9053088313982616,2.8905426518870767,4.432475872463835,5.431185737071145,14.578398483242877,3.3896089033171477,18.27620672541877
250000000,Sukodono,2,1,1,"Air, Tanpa perabotan, Listrik",Tidak Ada,1,102,102,-7.4081898,112.680203,0.6325258992193169,1.0351351012317194,2.257013224890927,6.72778922760148,1.7179877577720866,6.632485756618757,3.025298897116194,1.1070687084828306,7.604470728701669,10.511670627966675,12.234195381791539,7.604470728701669,21.868754445026397
460000000,Sukodono,3,1,1,"Dapur terpadu, Ruang layanan, Tanpa perabotan, Pemandangan panorama, Ruang kantor, Teras","Area anak-anak, Akses bagi penyandang disabilitas, Pramutamu",1,150,102,-7.408064,112.6943559,1.389154200833594,2.53824308857895,3.0085170484463943,5.130514347478199,3.2397140275240415,5.936832631776462,1.4280240169929141,1.4975121703584269,6.007195848578388,9.492027830343732,10.63692050166826,6.007195848578388,22.549438473106225
1350000000,Krembung,4,3,0,Tanpa perabotan,Tidak Ada,1,204,102,-7.5268,112.6637,7.897964304890424,5.746944313646923,11.595983823228744,5.080471131588505,2.9084892085807916,13.86411005897739,4.327001334309074,3.2497048287726704,5.271918746566726,11.809318618554444,25.558949653543745,5.224403820950287,21.663263641896513
1290000000,Waru,3,3,0,Sebagian perabotan,Keamanan 24 jam,2,104,104,-7.363398,112.7426543,3.166799048110688,1.8213592485288026,2.2802258694713102,2.709358968839848,2.962648371170783,2.404499568191553,2.126401825844041,1.385387522189194,3.238151405675747,4.7144596733540665,4.326955294507604,3.238151405675747,
650000000,Taman,4,2,0,Tanpa perabotan,Tidak Ada,2,104,104,-7.3589157,112.6810879,3.9588870313689504,1.8922879611273187,1.7269925455652768,1.860381440561247,1.6307702969247724,5.065770284948138,3.45646025588053,1.2344084776832336,2.750366669974466,4.228913218794694,10.552135424363875,2.580458966375853,
1350000000,Tulangan,3,1,0,Tanpa perabotan,Tidak Ada,1,104,104,-7.4726134,112.6675398,3.7884851569477536,4.410160491784239,3.569610886587065,7.488079049718875,3.9674912405238794,6.838179160564179,3.8869302660734184,1.671224190039835,3.4142532438342563,6.978146742671149,19.387783361882995,3.441593893191538,14.731384268983101
860000000,Waru,4,2,2,"AC, Halaman, Wifi, Kabel video, Sebagian perabotan",Tidak Ada,1,120,104,-7.3668153,112.7658126,1.9054753281354657,2.2526088204396615,2.1196363450844555,5.228072404887686,1.7693261199161552,4.979524958972343,1.1796454450491587,1.187360575386287,5.756864841723587,3.460307556044683,2.230148058927403,5.756864841723587,7.236304134992916
800000000,Sukodono,5,3,0,"Garasi, Kabel video, Tangki air, Wifi, AC, Halaman, Air",Cctv,2,130,104,-7.394061,112.6738809,0.841154992744694,2.8766357093749213,3.90864948765988,5.892745571598778,0.28135023959614064,8.302342462761755,3.9226349198224835,1.3540240655938636,6.782730801011997,8.261277349832222,11.88669519974322,6.612823097413383,19.898868344567852
225000000,Waru,2,1,1,"Garasi, Pemandangan panorama, Teras, Dapur lengkap, Tanpa perabotan, Fully fenced","Keamanan, Area anak-anak, Keamanan 24 jam, Gym, Taman",1,39,105,-7.3503078,112.7674661,1.1043800195281273,1.2290062172207443,1.4454635210614053,3.972977345129623,0.373224262078175,5.970825656630798,4.2381937748698695,0.837264716423595,4.491888353118883,5.123691751677464,3.8935322545601827,4.47302920253724,5.266527027923425
390000000,Waru,2,1,1,"Garasi, AC, Halaman, Listrik, Teras, Wifi, Internet, Kabel video, Air, Tanpa perabotan, Fully fenced","Keamanan, Area anak-anak, Panggang, Lapangan tenis, Cctv, Taman, Rumah jaga, Keamanan 24 jam",1,39,105,-7.344766,112.7703313,1.4918863817907713,2.1678640583748483,2.3413835322679786,3.708368108571101,0.9872864213488882,6.753032545352345,3.9735845383113473,1.3650418666476025,5.274095241840431,6.085689249757946,5.908525504185377,5.255236091258788,4.441568065417567
407000000,Sidoarjo,2,1,1,"Garasi, Dapur terpadu, Air, Tanpa perabotan, AC, Halaman, Listrik","Keamanan, Gym, Taman, Keamanan 24 jam, Cctv, Area anak-anak, Rumah jaga",1,39,105,-7.4509979,112.715437,1.1227997663316844,0.5566286353861474,0.9916745402667906,1.122880628976736,1.0823947322256346,0.1487967454868605,1.3066196013355422,0.9544556031456848,2.0415176008137914,2.421687445093361,11.945665230493503,0.964442130598103,1.9491404482935692
400000000,Krian,2,1,1,"Garasi, Dapur terpadu, Halaman, Listrik, AC, Pemandangan panorama, Air, Tanpa perabotan","Keamanan, Gym, Taman, Keamanan 24 jam, Cctv, Area anak-anak, Rumah jaga, Spa",1,39,105,-7.40299,112.5873906,5.68090260756706,1.9083638113319348,1.678408623446373,13.409871719759343,1.9328564152842116,14.677130142466066,13.78695268856986,0.7341682060815213,1.1115735911385332,1.1595275548392323,22.126618765366466,1.0661518686873248,27.440987554532907
10500000000,Sidoarjo,5,5,5,"Garasi, Halaman, Listrik, Fully fenced, Balkon, Air, Deck","Keamanan, Taman, Keamanan 24 jam, Kolam renang, Rumah jaga",2,39,105,-7.4460892,112.6983971,1.6690225274175943,1.6891422965592462,1.8525990397236207,1.411298512412016,0.7475640719737462,0.0,1.054361671513522,3.5416319357209756,3.5815287125790958,4.5818023129237515,13.727451323358135,2.538661743432409,18.436353294930672
395500000,Buduran,2,1,1,"Garasi, AC, Air, Tanpa perabotan, Fully fenced, Internet, Halaman, Listrik, Teras, Wifi","Keamanan, Taman, Rumah jaga, Keamanan 24 jam, Area anak-anak, Panggang, Lapangan tenis",1,39,105,-7.425129,112.7230909,1.9103003698000902,1.3979537096236054,1.1061051005356428,1.0526762945523878,2.292918065434631,2.740648466165926,2.107458689324181,1.941617938784703,5.114345547745976,5.4945153920255425,8.711963206887251,4.531137011819095,22.156650809373637
300060000,Sidoarjo,2,1,1,"Air, Listrik","Rumah jaga, Keamanan 24 jam",1,39,105,-7.4572774,112.7162018,0.06300076000123653,1.9342164450185513,1.1963880008424859,1.3665593254685942,0.9363014973650173,0.9353096860555103,2.1217694209655784,1.0748525614043478,1.2111548333843922,1.6984624993699993,12.8118621686022,1.2839968535935689,2.764290267923605
1800000000,Gedangan,3,2,0,"Garasi, Halaman, Berperabot lengkap, Dapur lengkap, Tangki air, Teras",Tidak Ada,1,39,105,-7.3838815,112.7502002,3.006201340599149,3.8229430169296577,3.2403994210101166,6.51956885602604,2.9921822413013817,3.8985963390681007,3.839938871291738,3.036020358832783,3.1972157032483377,4.570387737711414,2.3519313207480406,3.3214706822094278,7.702243768587004
600000000,Sukodono,2,2,1,"Garasi, Listrik, Air, Sebagian perabotan",Keamanan 24 jam,1,54,105,-7.394061,112.6738809,0.841154992744694,2.8766357093749213,3.90864948765988,5.892745571598778,0.28135023959614064,8.302342462761755,3.9226349198224835,1.3540240655938636,6.782730801011997,8.261277349832222,11.88669519974322,6.612823097413383,19.898868344567852
320000000,Krian,2,1,1,"Garasi, Air, Halaman, Tanpa perabotan","Keamanan, Taman, Area anak-anak, Keamanan 24 jam",1,60,105,-7.40299,112.5873906,5.68090260756706,1.9083638113319348,1.678408623446373,13.409871719759343,1.9328564152842116,14.677130142466066,13.78695268856986,0.7341682060815213,1.1115735911385332,1.1595275548392323,22.126618765366466,1.0661518686873248,27.440987554532907
799000000,Candi,3,2,0,"Internet, Listrik, Wifi, Balkon, Tanpa perabotan","Cctv, Kolam renang, Taman, Lapangan tenis, Gym, Area anak-anak, Rumah jaga, Keamanan 24 jam",2,70,105,-7.4869445,112.6970147,0.4819447844595644,3.6681857818123698,5.600396609574073,2.7504401316090568,5.013499873606911,6.562246301363722,4.932938899156452,1.9133329930866814,4.2922489429049255,4.6891677489211165,18.43879878391041,4.205736321702688,14.262336997688395
592000000,Sukodono,2,1,1,"Garasi, AC, Pemanasan, Jacuzzi, Kabel video, Ruang layanan, Alarm, Ruang kantor, Listrik, Sebagian perabotan, Deck, Wifi, Internet, Dapur lengkap, Dapur terpadu, Pemandangan panorama, Halaman, Tangki air, Lemari pakaian bawaan, Air, Rubanah, Teras, Fully fenced","Keamanan, Gym, Area anak-anak, Sauna, Taman, Rumah jaga, Lapangan tenis, Spa, Cctv, Kolam renang, Angkat, Pustaka, Panggang, Akses bagi penyandang disabilitas, Keamanan 24 jam",1,70,105,-7.4028402,112.7004847,1.8745709011792173,0.3494644033211801,4.325842226402056,5.120483232072749,3.071468285464656,5.933226486330672,0.19390444767613652,0.5542102456196849,3.81841716332062,7.303249145085962,8.448141816410491,3.81841716332062,20.36065978784846
1100000000,Sedati,3,2,0,"AC, Listrik, Halaman","Keamanan, Keamanan 24 jam",2,70,105,-7.3715178,112.7776958,3.6833581346437616,4.516024616665125,4.5969966146465016,7.587368857098465,3.553616713327513,7.087170512989951,3.7027980266527063,2.971651168797645,8.231445778624195,4.35273094798873,4.35273094798873,8.231445778624195,4.244875297973524
875000000,Sidoarjo,2,1,2,"Garasi, Ruang layanan, Ruang kantor, Listrik, Teras, Halaman, Tangki air, Air, Tanpa perabotan, Fully fenced","Keamanan, Panggang, Taman, Keamanan 24 jam",2,70,105,-7.4527332,112.7376059,2.674697792449618,0.16070262627447163,2.659147978339433,2.836140965500982,3.075362640864639,3.6043952482490855,1.095319450870661,1.3598338545282922,4.32010695139661,4.435451683644891,11.453213164520426,4.377132588010145,5.400962062350515
292500000,Wonoayu,2,1,0,"Air, Tanpa perabotan","Taman, Keamanan 24 jam",1,70,105,-7.446138,112.6514882,3.7854739776183073,3.5780614086982103,2.194564527519025,7.529161139900217,4.6782349211854495,6.566007653959908,4.944646086594313,3.4666806119499323,2.316424651329201,7.973837334255214,18.280959853957583,2.316424651329201,19.319269395448217
975000000,Waru,4,2,2,"Garasi, Air, Tanpa perabotan, Wifi, Balkon, Listrik, Deck","Rumah jaga, Keamanan 24 jam",2,75,105,-7.36466144,112.7342705,1.909111017257603,1.1227094779232376,1.103940849691976,2.7667451237655496,1.7579602664028795,1.1998114634236496,1.2526963935915831,0.14397827415711595,2.7080458029023147,3.5222061239697346,4.239832219999123,3.2955375606014488,
715000000,Sukodono,3,2,0,"Garasi, Balkon, Kabel video, Air, Tanpa perabotan, Internet, Dapur lengkap, Halaman, Listrik, Fully fenced","Keamanan, Area anak-anak, Rumah jaga, Lapangan tenis, Cctv, Taman, Akses bagi penyandang disabilitas, Keamanan 24 jam",2,78,105,-7.4197177,112.6846081,1.2480876838359931,0.958141570839087,0.6569756050541572,5.84624591587828,1.8120948649072828,4.883092429937971,2.935031766358194,8.554675158164565,8.016476116045357,8.911633008129908,12.24499310418047,6.9736091468986725,23.252728455704133
593000000,Sidoarjo,2,1,1,"Garasi, Listrik, Air, Tanpa perabotan","Keamanan, Keamanan 24 jam",1,80,105,-7.4490842,112.6824377,1.3473270594145361,0.6310078657719297,0.7861428303968265,3.7714772200257545,1.3473270594145361,2.808323734085446,2.63163461271029,2.629095271965148,4.913653215338915,5.528613567726669,15.608630735870682,4.813430535689973,17.98022327916714
550000000,Sukodono,2,1,1,Tanpa perabotan,Tidak Ada,1,85,105,-7.41997638,112.6839275,1.2296857715099103,0.9397396585130042,0.5556457548339221,5.866600209466668,1.7936929525812,4.90344672352636,2.955386059946584,8.575029451752954,8.036830409633748,8.810303157909674,12.226591191854387,6.993963440487061,23.234326543378046
800000000,Tulangan,3,2,0,Tanpa perabotan,Tidak Ada,1,90,105,-7.454684,112.649794,4.885899208999955,5.228272413118328,2.9227733757793177,8.629586371281858,5.307017529792869,7.6664328853415515,5.732709697562635,3.0617373616934667,1.911481401072735,8.76190094522354,19.381385085339225,1.911481401072735,18.914326145191758
780000000,Gedangan,2,1,0,Tanpa perabotan,Tidak Ada,1,94,105,-7.3917721,112.7306701,0.8115989833403509,1.2296907751802062,1.3762109137637843,4.585753044521643,1.4034353009796,3.817373400265077,0.5705500717107087,1.3373332734012966,1.0506060988884838,6.1397680608111616,4.81885224449152,1.0506060988884838,
950000000,Gedangan,3,2,0,Tanpa perabotan,Tidak Ada,1,95,105,-7.3917721,112.7306701,0.8115989833403509,1.2296907751802062,1.3762109137637843,4.585753044521643,1.4034353009796,3.817373400265077,0.5705500717107087,1.3373332734012966,1.0506060988884838,6.1397680608111616,4.81885224449152,1.0506060988884838,
1950000000,Waru,3,2,0,Tanpa perabotan,Tidak Ada,2,95,105,-7.3433654,112.768599,1.3649679675151563,2.0578206047728376,2.2313400786659674,3.581449694295486,1.5218874558639834,6.642989091750334,0.37257375917261315,1.7084626824085842,5.164051788238419,5.994889717662456,5.7816070899097625,5.145192637656776,5.092216824331305
1850000000,Waru,3,2,1,"Air, Tanpa perabotan","Keamanan, Keamanan 24 jam",2,100,105,-7.3541007,112.7842655,4.224370406685207,4.722638792903879,4.901718954341676,2.7139960222110022,1.9066163256668573,9.531610915177556,2.0506273958867167,0.9025000793163385,8.058294104258714,6.099446471357384,4.914153417825276,8.03943495367707,1.7145026198077031
900000000,Sidoarjo,2,1,0,Sebagian perabotan,Tidak Ada,1,100,105,-7.4497718,112.7015495,1.418867546113402,1.3473282165336105,1.6196508465489468,1.1611435311078238,1.125437344093236,1.7112317906415684,0.8042066902093296,2.8773550012846476,2.9627882173951483,3.9766351559257362,13.48333016014807,2.288506762128217,0.5015150382374634
400000000,Gedangan,3,1,0,Tanpa perabotan,Tidak Ada,1,100,105,-7.3896762,112.7279598,0.15876730662380215,1.7772577553113862,1.211822739958879,4.456698371394396,0.27487645045464526,2.688814549740123,0.9275869930203207,0.20877442287634204,0.08462472979404548,5.011209210286206,4.714349382883914,0.08462472979404548,
3890000000,Waru,4,3,0,"Internet, Tanpa perabotan",Keamanan 24 jam,2,105,105,-7.3652174,112.7343734,1.872193190968828,1.0857916516344621,1.0670230234032005,2.7665589331243776,1.7210424401141045,1.1628936371348748,1.215778567302808,0.10706044786834078,2.6711279766135396,3.485288297680959,4.149243803816425,3.2953513699602768,
775000000,Waru,3,1,1,"Garasi, Listrik, Teras, Air, Tanpa perabotan","Keamanan, Keamanan 24 jam",1,105,105,-7.3503078,112.7674661,1.1043800195281273,1.2290062172207443,1.4454635210614053,3.972977345129623,0.373224262078175,5.970825656630798,4.2381937748698695,0.837264716423595,4.491888353118883,5.123691751677464,3.8935322545601827,4.47302920253724,5.266527027923425
1090000000,Waru,3,2,0,"Garasi, AC, Dapur terpadu, Halaman, Air, Tanpa perabotan, Wifi, Internet, Dapur lengkap, Kabel video, Lemari pakaian bawaan, Listrik, Fully fenced","Keamanan, Taman, Cctv, Keamanan 24 jam",1,105,105,-7.3616718,112.7441901,2.1708455173927304,2.3934776319442985,2.498196897660803,3.0425052162913864,2.21617121866809,2.976617951607049,2.4595480732955792,1.9575059056046897,3.571297653127285,5.047605920805605,3.511371092193213,3.571297653127285,
978000000,Gedangan,2,1,0,"Garasi, AC, Dapur terpadu, Halaman, Alarm, Air, Sebagian perabotan, Wifi, Internet, Dapur lengkap, Kabel video, Ruang layanan, Lemari pakaian bawaan, Listrik, Fully fenced","Keamanan, Taman, Cctv, Keamanan 24 jam",1,105,105,-7.3970813,112.7469881,1.393572052425113,2.765523231985865,2.2358177294778807,5.890542444020207,3.233179537364854,6.086932900798825,2.812403687459805,2.081732913186301,3.3201655994222325,5.395557867286845,4.338891017836107,3.3201655994222325,9.72840252076765
1490000000,Waru,6,4,0,"Garasi, AC, Dapur lengkap, Kabel video, Ruang layanan, Lemari pakaian bawaan, Listrik, Teras, Wifi, Internet, Balkon, Dapur terpadu, Halaman, Tangki air, Air, Sebagian perabotan, Fully fenced","Keamanan, Taman, Keamanan 24 jam, Cctv, Lapangan tenis",2,105,105,-7.3599547,112.7417036,2.1935923837342792,1.8802608674402932,2.3391274883828004,2.7682605877513384,3.0215499900822738,2.4634011871030435,2.1853034447555313,1.4442891411006848,3.297053024587237,4.773361292265556,3.812579898849282,3.297053024587237,
1400000000,Taman,3,2,0,"Garasi, Halaman, Air, Wifi, AC, Tangki air, Tanpa perabotan","Kolam renang, Keamanan 24 jam, Taman",1,105,105,-7.3758656,112.6435652,2.1771851100750985,6.242463160717321,6.393359957158973,6.457340057525024,5.306928159286351,9.687721963716397,8.065235653253259,2.2533440094434014,4.219875341493085,9.113363053712613,15.174087103132141,4.219875341493085,
1240000000,Waru,3,2,2,"Garasi, Listrik, Air, Tanpa perabotan",Taman,1,105,105,-7.3478182,112.7369717,2.86097243782198,2.2022221565396793,3.047714080773649,0.32697115235462626,3.653708692841201,2.691657089836362,0.440151215550868,1.8199838286282548,1.3079047054835924,2.784212973161913,5.730834958176296,1.2890455549019486,
1500000000,Sedati,4,2,0,"Air, Berperabot lengkap, Listrik, Fully fenced",Tidak Ada,2,105,105,-7.3756404,112.758414,0.4321302284408366,3.613384328238139,3.8758942243383623,5.859143270468264,0.6757536484049462,4.912829436951772,2.540420952847638,1.0984799540328907,4.253114003773202,2.4826742288922437,0.7252817431513,4.377368982734291,8.5970796427914
890000000,Gedangan,3,1,0,"Garasi, Listrik, Air, Tanpa perabotan",Tidak Ada,1,105,105,-7.39429077,112.7323443,1.0685666128976476,0.7460495014680745,0.43259523886269713,4.447239678747786,1.5607799491656782,3.9747180484511553,0.43203670593685173,1.3948789312855157,1.4092894904824498,6.29711270899724,4.945245511395047,1.4092894904824498,
410000000,Sukodono,2,1,0,Sebagian perabotan,Tidak Ada,1,105,105,-7.394061,112.6738809,0.841154992744694,2.8766357093749213,3.90864948765988,5.892745571598778,0.28135023959614064,8.302342462761755,3.9226349198224835,1.3540240655938636,6.782730801011997,8.261277349832222,11.88669519974322,6.612823097413383,19.898868344567852
300000000,Taman,2,1,0,Sebagian perabotan,Tidak Ada,1,105,105,-7.3589157,112.6810879,3.9588870313689504,1.8922879611273187,1.7269925455652768,1.860381440561247,1.6307702969247724,5.065770284948138,3.45646025588053,1.2344084776832336,2.750366669974466,4.228913218794694,10.552135424363875,2.580458966375853,
385000000,Taman,2,1,0,Sebagian perabotan,Tidak Ada,1,105,105,-7.3589157,112.6810879,3.9588870313689504,1.8922879611273187,1.7269925455652768,1.860381440561247,1.6307702969247724,5.065770284948138,3.45646025588053,1.2344084776832336,2.750366669974466,4.228913218794694,10.552135424363875,2.580458966375853,
650000000,Sukodono,3,2,0,Tanpa perabotan,Tidak Ada,2,105,105,-7.394061,112.6738809,0.841154992744694,2.8766357093749213,3.90864948765988,5.892745571598778,0.28135023959614064,8.302342462761755,3.9226349198224835,1.3540240655938636,6.782730801011997,8.261277349832222,11.88669519974322,6.612823097413383,19.898868344567852
1100000000,Sidoarjo,3,2,0,Tanpa perabotan,Tidak Ada,2,105,105,-7.44977187,112.7015496,1.418867546113402,1.3473282165336105,1.6196508465489468,1.1611435311078238,1.125437344093236,1.7112317906415684,0.8042066902093296,2.8773550012846476,2.9627882173951483,3.9766351559257362,13.48333016014807,2.288506762128217,0.5015150382374634
1500000000,Waru,5,3,3,Tanpa perabotan,Tidak Ada,2,105,105,-7.3686011,112.7260764,0.7960692067525694,1.577322561305594,1.1472287224204394,3.3913160408205036,1.1379826820465855,0.5373191734802794,0.16092854702826187,0.4490755866547805,2.0880682185460206,2.90222853961344,4.277800651700152,3.748173927742996,
350000000,Krian,3,1,0,Tanpa perabotan,Tidak Ada,1,105,105,-7.40299,112.5873906,5.68090260756706,1.9083638113319348,1.678408623446373,13.409871719759343,1.9328564152842116,14.677130142466066,13.78695268856986,0.7341682060815213,1.1115735911385332,1.1595275548392323,22.126618765366466,1.0661518686873248,27.440987554532907
1400000000,Waru,1,1,0,Tanpa perabotan,Tidak Ada,1,110,105,-7.3434451,112.7685874,1.3773391833947835,1.996591986447833,2.1701114603409626,3.593820910175113,1.4414149160324587,6.581760473425328,0.3849449750522403,1.6279901425770593,5.102823169913415,5.914417177830931,5.79397830578939,5.083964019331772,5.1011870397206005
750000000,Sidoarjo,2,1,0,Tanpa perabotan,Tidak Ada,1,135,105,-7.4499457,112.6953512,1.8100166844249788,1.1992545091509974,2.1571424077497783,2.4234471687224053,1.7597127282841358,1.4602936827820974,2.0665103278239116,3.0517441483127263,4.593677368889485,5.592387233496796,14.739599979668524,3.5508103997427978,18.437408221844425
490000000,Sidoarjo,2,2,0,"Dapur terpadu, Air, Halaman, Tanpa perabotan",Tidak Ada,1,140,105,-7.4432437,112.7271441,1.2519849319957264,0.9431831254198279,1.1748950293151161,1.4118619976128588,1.4546812597677257,2.388681971558242,1.1772849348277945,1.1477431470143349,3.479394438341168,3.7786803262375597,11.119272164464006,3.110268171473707,4.090853317833434
465000000,Buduran,2,1,1,"Internet, Halaman","Keamanan, Gym, Area anak-anak, Cctv, Kolam renang, Taman",1,160,105,-7.425129,112.7230909,1.9103003698000902,1.3979537096236054,1.1061051005356428,1.0526762945523878,2.292918065434631,2.740648466165926,2.107458689324181,1.941617938784703,5.114345547745976,5.4945153920255425,8.711963206887251,4.531137011819095,22.156650809373637
650000000,Sedati,3,3,3,Tanpa perabotan,Tidak Ada,1,180,105,-7.3756404,112.758414,0.4321302284408366,3.613384328238139,3.8758942243383623,5.859143270468264,0.6757536484049462,4.912829436951772,2.540420952847638,1.0984799540328907,4.253114003773202,2.4826742288922437,0.7252817431513,4.377368982734291,8.5970796427914
1100000000,Waru,4,2,0,"Garasi, Ruang layanan, Air, Tanpa perabotan, AC, Tangki air, Listrik, Teras","Keamanan, Cctv",1,200,105,-7.350897,112.7384808,2.508679388733784,1.922518786422947,2.756028899301947,0.6890140912356743,3.410048316012851,2.601558912424345,0.1060569482398681,1.7298856512162373,1.2178065280715746,2.6941147957498957,5.183194247507433,1.198947377489931,
587000000,Krembung,2,1,0,"Jaringan internet, Tanpa perabotan","Keamanan, Taman bermain anak",1,210,105,-7.5268,112.6637,7.897964304890424,5.746944313646923,11.595983823228744,5.080471131588505,2.9084892085807916,13.86411005897739,4.327001334309074,3.2497048287726704,5.271918746566726,11.809318618554444,25.558949653543745,5.224403820950287,21.663263641896513
592000000,Sidoarjo,2,1,1,"Garasi, Listrik, Air, Tanpa perabotan","Keamanan, Keamanan 24 jam",1,80,107,-7.4490842,112.6824377,1.3473270594145361,0.6310078657719297,0.7861428303968265,3.7714772200257545,1.3473270594145361,2.808323734085446,2.63163461271029,2.629095271965148,4.913653215338915,5.528613567726669,15.608630735870682,4.813430535689973,17.98022327916714
4690000000,Sedati,5,4,4,"Pemandangan panorama, Berperabot lengkap","Keamanan, Kolam renang, Taman, Gym, Area anak-anak, Rumah jaga",2,36,108,-7.36768,112.7751655,2.7850835372681075,3.1125173421448276,3.05368438550689,4.807184986718527,2.7416691596487306,6.2752229593111695,2.142655464380338,2.159703615118863,6.947392344942737,4.4326505957772575,4.4326505957772575,6.947392344942737,3.1448964430054818
650000000,Sidoarjo,3,2,0,Tanpa perabotan,Tidak Ada,1,36,108,-7.4463004,112.7107433,0.3044706001312591,0.3044706001312591,1.7820489747545005,1.0629206456763407,0.5434645874273134,0.7979020351937196,1.2370466306887682,1.2593605749139263,2.960531752901365,3.3407015971809333,12.049384355820612,1.625104053805031,1.7798594325375507
600000000,Sukodono,2,1,0,Sebagian perabotan,"Area anak-anak, Rumah jaga, Taman",1,70,108,-7.40888442,112.6965318,1.6046462655108438,1.8007235935599544,3.2240091131236444,4.727987176794781,3.6189775305019363,5.5343054610930436,1.025496846309496,0.7599926753394316,5.269676353559392,9.169826274267942,9.899401006649265,5.269676353559392,21.811918978087235
602300000,Krian,2,1,1,"Garasi, Dapur terpadu, Halaman, Air, Tanpa perabotan, Wifi, AC, Pemandangan panorama, Tangki air, Listrik, Fully fenced","Keamanan, Area anak-anak, Rumah jaga, Kolam renang, Taman, Keamanan 24 jam",1,70,108,-7.40517063,112.5852645,5.979275417534333,1.8108216895486653,1.5462183449391265,13.708244529726619,1.800666136776965,14.975502952433338,14.08532549853713,0.6019779275742745,0.9793833126312863,1.0273372763319857,22.42499157533375,0.933961590180078,27.73936036450018
1110000000,Sidoarjo,3,2,2,"Garasi, Halaman, Air, Tanpa perabotan, Dapur lengkap, Alarm, Listrik","Kolam renang, Keamanan 24 jam, Taman",2,70,108,-7.4510326,112.6680905,2.911212133599415,2.360824394150651,0.7549900903157828,5.7621383523141825,2.911212133599415,4.798984866373874,2.964129477101134,1.6192095800489101,4.296941260822381,5.993320724762037,17.172515810055565,4.449515682610932,18.01579314814396
1400000000,Gedangan,3,2,1,"Garasi, Listrik, Fully fenced, Air, Sebagian perabotan","Taman, Keamanan 24 jam",2,70,108,-7.39499401,112.7266654,1.0630567359689054,2.7203084466338616,0.8560834786239977,5.3997490627168725,2.706895103211658,3.5931039790852264,1.8706376843427956,2.3534662853904558,1.0276754211165204,6.205107285591541,5.6574000742063895,1.0276754211165204,21.620680868161955
850000000,Buduran,2,1,1,Tanpa perabotan,Tidak Ada,1,80,108,-7.4288422,112.6956863,6.065525639814036,5.715832094278884,6.001768534755716,3.61470572689015,1.639898506704726,4.517434438780755,4.444704989603893,24.5838953192836,5.78493592705723,6.683339525719284,14.017858438022643,4.742068957910542,26.197526601587185
1880000000,Gedangan,5,3,3,"Garasi, AC, Dapur lengkap, Ruang layanan, Air, Berperabot lengkap, Deck, Internet, Balkon, Halaman, Tangki air, Listrik, Teras","Keamanan, Taman, Kolam renang, Keamanan 24 jam",2,90,108,-7.386163,112.7499239,4.235466689212127,5.213631152972092,5.1169292565971265,7.856947896280505,4.0103528505436286,5.262978053486942,5.230627007334171,2.8060600439951697,4.587903839290769,4.3404274228738,2.121971005910427,4.712158818251859,7.608638838292912
1100000000,Gedangan,3,2,0,"Garasi, Halaman, Air, Tanpa perabotan, AC, Tangki air, Listrik, Wifi","Area anak-anak, Keamanan 24 jam",2,106,108,-7.391717,112.7306136,0.8115989833403509,1.2296907751802062,1.3762109137637843,4.585753044521643,1.4034353009796,3.817373400265077,0.5705500717107087,1.3373332734012966,1.0506060988884838,6.1397680608111616,4.81885224449152,1.0506060988884838,
890000000,Waru,3,2,0,Sebagian perabotan,Keamanan 24 jam,1,108,108,-7.3648872,112.7702531,2.154014974673377,2.5011484669775728,2.419929743622099,5.048522741810199,2.111954171631251,5.491002839745846,1.4281850915870702,1.6988384561597907,6.057158240261229,3.971785436818187,3.971785436818187,6.057158240261229,5.781722698656666
900000000,Sedati,2,1,0,Tanpa perabotan,Tidak Ada,1,108,108,-7.3717381,112.7637334,1.055519877025291,2.530923798102005,2.379729331388422,5.851397800947302,0.9257784557090415,4.842332909048748,1.4579604227115026,0.3438129111791732,5.271921530692562,2.61675989183757,1.7440892700706567,5.39617650965365,7.514619112655263
1300000000,Waru,3,1,0,"Garasi, Halaman, Listrik, Wifi, AC, Air, Tanpa perabotan",Keamanan 24 jam,1,138,108,-7.34506052,112.7493553,1.9731217512507502,1.1040494518066728,2.24985345389341,2.348836580735192,1.927796049975391,4.271611164158526,1.77610919997405,2.8619774938539813,2.887858779805756,4.3641670474840755,5.566344343082287,2.868999629224113,
1690000000,Sedati,3,3,0,"Garasi, Listrik, Air",Tidak Ada,2,138,108,-7.367143,112.773136,3.01692681607586,3.344360620952581,3.2855276643146425,5.03902826552628,2.9846060520745237,6.518159851736962,2.374498743188091,2.4026405075446555,7.17923562375049,4.6755874882030515,4.6755874882030515,7.17923562375049,5.772228222372746
1300000000,Waru,3,2,2,"Kabel video, Tangki air, Wifi, Halaman, Tanpa perabotan",Tidak Ada,2,138,108,-7.3503078,112.7674661,1.1043800195281273,1.2290062172207443,1.4454635210614053,3.972977345129623,0.373224262078175,5.970825656630798,4.2381937748698695,0.837264716423595,4.491888353118883,5.123691751677464,3.8935322545601827,4.47302920253724,5.266527027923425
1350000000,Gedangan,3,2,2,"Garasi, Dapur terpadu, Tangki air, Listrik, Dapur lengkap, Halaman, Air, Sebagian perabotan","Keamanan, Taman",1,183,108,-7.38954747,112.7327705,0.48624221854339067,1.1465241747702377,0.38994715980040223,4.938035033463774,1.07807853618264,3.4920166354681177,0.9228320606528406,1.0119765086043366,0.7252493340915236,5.814411296014203,4.36463733041161,0.7252493340915236,
789000000,Taman,3,2,2,"Garasi, AC, Pemanasan, Pemandangan panorama, Halaman, Tangki air, Lemari pakaian bawaan, Air, Tanpa perabotan, Deck, Wifi, Internet, Dapur lengkap, Dapur terpadu, Kabel video, Ruang layanan, Alarm, Ruang kantor, Listrik, Teras, Fully fenced","Keamanan, Gym, Area anak-anak, Taman, Rumah jaga, Keamanan 24 jam, Cctv, Kolam renang, Pustaka, Panggang, Lapangan tenis, Spa",1,50,112,-7.36377,112.70935,1.3426637153862524,1.9679283335712736,3.8292990022778786,4.772823483422528,1.479491821978879,2.9990728212249644,3.265575726388339,1.5549357054054844,4.469977029067647,2.959535108702991,7.316841329009841,4.167983618111494,23.551732965485908
1400000000,Waru,4,2,2,"Garasi, Kabel video, Tangki air, Tanpa perabotan, AC, Halaman, Air, Wifi",Tidak Ada,1,85,112,-7.34506052,112.7493553,1.9731217512507502,1.1040494518066728,2.24985345389341,2.348836580735192,1.927796049975391,4.271611164158526,1.77610919997405,2.8619774938539813,2.887858779805756,4.3641670474840755,5.566344343082287,2.868999629224113,
2680000000,Waru,4,2,0,"Internet, Tanpa perabotan, Dapur lengkap","Keamanan, Taman",1,90,112,-7.34218,112.76802,,,,,,,0.0,,,,,,
2300000000,Waru,4,2,0,"Balkon, Air, Tanpa perabotan, Tangki air, Listrik, Fully fenced",Tidak Ada,3,90,112,-7.3399267,112.7562893,2.597476493043447,2.509802729772295,2.680404846698809,4.61074619100732,2.5521507917680872,6.533520774430655,1.9777849071346605,0.6872176685980418,5.149768390077884,6.626076657756205,6.35768863135578,5.130909239496241,4.3100229461736
70000000,Waru,3,2,2,Tanpa perabotan,Tidak Ada,2,90,112,-7.34869667,112.7659102,1.4260643179236931,1.2840642453766637,1.457583719269794,3.8512732297716816,0.694908560473741,5.869232732354159,1.1641841482281945,1.158949014819161,4.390295428842244,5.445376050073032,4.21521655295575,4.371436278260601,4.945714258944675
1030000000,Tulangan,3,2,0,Tanpa perabotan,Tidak Ada,1,100,112,-7.4726134,112.6675398,3.7884851569477536,4.410160491784239,3.569610886587065,7.488079049718875,3.9674912405238794,6.838179160564179,3.8869302660734184,1.671224190039835,3.4142532438342563,6.978146742671149,19.387783361882995,3.441593893191538,14.731384268983101
1200000000,Sidoarjo,4,2,2,"Garasi, AC, Dapur lengkap, Dapur terpadu, Gas alam, Deck, Wifi, Internet, Balkon, Pemanasan, Ruang layanan, Ruang kantor, Fully fenced","Keamanan, Taman atap, Cctv",2,112,112,-7.4540491,112.7066448,1.3292657922657505,1.1993384434907732,1.227777695338982,0.8169183770343772,1.1172655419028477,1.3717029896692536,1.0006573493931836,2.333336452362566,2.1858365624733036,3.3947688651676606,13.339775146516528,0.9595269324947259,1.6324991518544347
1700000000,Sidoarjo,4,2,0,"Air, Listrik",Tidak Ada,1,126,112,-7.4540491,112.7066448,1.3292657922657505,1.1993384434907732,1.227777695338982,0.8169183770343772,1.1172655419028477,1.3717029896692536,1.0006573493931836,2.333336452362566,2.1858365624733036,3.3947688651676606,13.339775146516528,0.9595269324947259,1.6324991518544347
1300000000,Waru,4,2,0,"Listrik, Teras, Tanpa perabotan","Rumah jaga, Keamanan 24 jam",2,150,112,-7.3503078,112.7674661,1.1043800195281273,1.2290062172207443,1.4454635210614053,3.972977345129623,0.373224262078175,5.970825656630798,4.2381937748698695,0.837264716423595,4.491888353118883,5.123691751677464,3.8935322545601827,4.47302920253724,5.266527027923425
1750000000,Waru,5,3,0,Tanpa perabotan,Tidak Ada,1,90,113,-7.3645565,112.73553,2.05259134521871,1.1521206930791128,1.2474211776530832,2.6353292084885376,1.901440594363987,1.343291791384757,1.3961767215526903,0.28745860211822344,2.851526130863422,3.665686451930842,4.10841630472211,3.1641216453244363,
1500000000,Waru,3,1,0,"Internet, Air, Fully fenced, Halaman, Tanpa perabotan","Keamanan, Keamanan 24 jam",1,113,113,-7.3450604,112.7493551,1.9731217512507502,1.1040494518066728,2.24985345389341,2.348836580735192,1.927796049975391,4.271611164158526,1.77610919997405,2.8619774938539813,2.887858779805756,4.3641670474840755,5.566344343082287,2.868999629224113,
3200000000,Gedangan,14,9,0,Sebagian perabotan,Tidak Ada,2,114,113,-7.3662574,112.7382525,2.4094026107283204,1.623001071393955,1.2369502804870773,2.5984655696895063,2.2582518598735972,1.7001030568943671,1.7529879870623006,0.6442698676278332,3.208337396373032,4.0224977174404515,3.923493909553494,3.127258006525405,
750000000,Waru,4,0,2,Tanpa perabotan,Tidak Ada,2,165,115,-7.348395,112.7494759,1.4578128340820327,0.7527822101035152,1.7345445367246937,1.9498837841559782,1.4124871328066735,3.872658367579314,1.3771564033948362,2.346668576685265,2.488905983226543,3.965214250904865,5.0055881288721835,2.4700468326449005,
2250000000,Buduran,4,4,0,"Garasi, Air, Tanpa perabotan, Fully fenced, Halaman, Listrik, Deck","Keamanan, Keamanan 24 jam, Taman",2,116,116,-7.4316132,112.6961966,5.868322525661168,5.518628980126016,1.6242876115603309,3.4175026127372816,1.4426953925518573,4.320231324627886,4.2475018754510225,24.38669220513073,5.5877328129043615,6.486136411566417,13.820655323869772,4.544865843757674,26.00032348743432
1300000000,Gedangan,3,2,0,"Garasi, Halaman, Air, Wifi, AC, Tangki air, Berperabot lengkap","Taman, Keamanan 24 jam",2,116,116,-7.391717,112.7306136,0.8115989833403509,1.2296907751802062,1.3762109137637843,4.585753044521643,1.4034353009796,3.817373400265077,0.5705500717107087,1.3373332734012966,1.0506060988884838,6.1397680608111616,4.81885224449152,1.0506060988884838,
453000000,Buduran,2,1,1,"Garasi, Halaman, Listrik, Wifi, Internet, Air, Tanpa perabotan","Keamanan, Area anak-anak, Keamanan 24 jam, Cctv, Taman",1,100,117,-7.4218622,112.7532509,2.298749490245486,3.7557915960315182,4.222223788745274,4.335149731233092,4.85235831921068,6.82702908529433,5.49561878901225,2.372902446582056,6.4171928900657615,7.361131508205746,6.591456147932959,6.4171928900657615,9.280978840345103
405000000,Gedangan,3,1,0,Tanpa perabotan,Tidak Ada,1,100,118,-7.3896762,112.7279598,0.15876730662380215,1.7772577553113862,1.211822739958879,4.456698371394396,0.27487645045464526,2.688814549740123,0.9275869930203207,0.20877442287634204,0.08462472979404548,5.011209210286206,4.714349382883914,0.08462472979404548,
10500000000,Waru,9,6,0,"Garasi, Balkon, Halaman, Listrik, AC, Dapur lengkap, Air, Fully fenced","Keamanan, Taman, Cctv, Rumah jaga",2,55,119,-7.3602558,112.7434242,2.066959960011351,2.006893291163222,2.3943113402794234,2.894893011474267,2.1122856612867102,2.5900336108259716,2.3119358684784603,1.5709215648236132,3.423685448310166,4.899993715988486,3.685947475126354,3.423685448310166,
495000000,Buduran,2,1,0,"Garasi, Air",Tidak Ada,2,170,119,-7.425129,112.7230909,1.9103003698000902,1.3979537096236054,1.1061051005356428,1.0526762945523878,2.292918065434631,2.740648466165926,2.107458689324181,1.941617938784703,5.114345547745976,5.4945153920255425,8.711963206887251,4.531137011819095,22.156650809373637
410000000,Taman,2,1,1,"Garasi, Sebagian perabotan, Internet",Taman,1,36,120,-7.340531,112.7077638,5.039305163870843,1.7939685529505667,1.3888149580684748,2.7371271316244945,1.397520667766578,4.059999573499041,6.423217751225949,2.815031920392889,1.531673722084069,3.2231425073455973,9.86728045849571,1.3664720798966488,
1300000000,Waru,3,2,0,Air,Tidak Ada,1,54,120,-7.344766,112.7703313,1.4918863817907713,2.1678640583748483,2.3413835322679786,3.708368108571101,0.9872864213488882,6.753032545352345,3.9735845383113473,1.3650418666476025,5.274095241840431,6.085689249757946,5.908525504185377,5.255236091258788,4.441568065417567
382600000,Krian,2,1,1,"Garasi, Dapur terpadu, Ruang kantor, Listrik, Teras, Wifi, Internet, Halaman, Air, Tanpa perabotan, Fully fenced","Keamanan, Kolam renang, Taman, Keamanan 24 jam, Cctv, Area anak-anak, Rumah jaga",1,58,120,-7.40299,112.5873906,5.68090260756706,1.9083638113319348,1.678408623446373,13.409871719759343,1.9328564152842116,14.677130142466066,13.78695268856986,0.7341682060815213,1.1115735911385332,1.1595275548392323,22.126618765366466,1.0661518686873248,27.440987554532907
382650000,Taman,2,1,1,"Garasi, Ruang kantor, Listrik, Teras, Wifi, Halaman, Air, Tanpa perabotan, Fully fenced","Keamanan, Kolam renang, Taman, Keamanan 24 jam, Cctv, Area anak-anak, Rumah jaga",1,58,120,-7.3589157,112.6810879,3.9588870313689504,1.8922879611273187,1.7269925455652768,1.860381440561247,1.6307702969247724,5.065770284948138,3.45646025588053,1.2344084776832336,2.750366669974466,4.228913218794694,10.552135424363875,2.580458966375853,
1960000000,Candi,4,3,3,"Garasi, AC, Halaman, Air, Berperabot lengkap, Internet, Balkon, Lemari pakaian bawaan, Listrik, Teras","Area anak-anak, Taman atap, Keamanan 24 jam, Taman, Rumah jaga",3,60,120,-7.4622498,112.6958457,3.261169405607827,3.2109827830134794,2.260083247160519,3.3405744321889,1.3754913190556262,4.03357298392891,1.7170503088939115,0.9009199717489937,3.531115126932028,3.090558661910867,15.965483427064285,3.885898556426229,15.935579650258495
285000000,Sidoarjo,2,1,1,"Halaman, Tanpa perabotan",Keamanan 24 jam,1,60,120,-7.412324,112.5378369,14.107773876552127,4.521358591772457,5.73924983349377,19.679890962921075,5.993697625331609,20.980962778580064,19.675099372211758,0.17646865657484465,4.247567860248099,5.531233316358311,28.396638008528203,4.535996651429462,33.71100679769462
480000000,Prambon,2,1,1,"Air, Tanpa perabotan",Tidak Ada,1,65,120,-7.449034,112.569756,7.138616351746411,4.7868697704132535,4.540622793802183,17.86388383199561,4.4604315955088305,16.90073034605531,15.195540316095775,5.020796996470911,3.0567349257699266,4.925915876815228,27.881583967918903,2.718587471276285,25.14395450908533
750000000,Sidoarjo,2,2,0,"Air, Tanpa perabotan, Listrik","Kolam renang, Rumah jaga, Taman, Keamanan 24 jam",1,70,120,-7.4578331,112.7278553,1.390739392173346,0.7332732192499389,0.8470960599931926,2.190805415100202,0.7713552055421273,2.5933904320053216,1.295063782536818,0.7523799919881262,2.318659849797474,2.5227085890016077,13.332655862362413,2.410060822626685,4.422371013873415
2240000000,Sidoarjo,3,3,0,"Garasi, Balkon, Halaman, Air, Sebagian perabotan, Fully fenced, Internet, Dapur lengkap, Tangki air, Listrik, Teras","Keamanan, Lapangan tenis, Rumah jaga, Keamanan 24 jam",2,72,120,-7.4501427,112.6950608,1.648815187999329,1.0380530127253471,1.9959409113241275,2.2622456722967557,1.598511231858486,1.2990921863564475,1.9053088313982616,2.8905426518870767,4.432475872463835,5.431185737071145,14.578398483242877,3.3896089033171477,18.27620672541877
890000000,Waru,3,3,0,Sebagian perabotan,"Keamanan, Keamanan 24 jam",2,75,120,-7.3652174,112.7343734,1.872193190968828,1.0857916516344621,1.0670230234032005,2.7665589331243776,1.7210424401141045,1.1628936371348748,1.215778567302808,0.10706044786834078,2.6711279766135396,3.485288297680959,4.149243803816425,3.2953513699602768,
1790000000,Waru,22,6,0,Tanpa perabotan,Tidak Ada,2,78,120,-7.3588392,112.7583752,0.7055536448648411,0.6797170360609808,0.44384905616355974,3.793098972227371,0.7508793461402002,4.501491454153625,0.6701328611692223,2.4479435758797363,4.332121171297934,4.5730321654016315,3.3428726682843513,4.332121171297934,5.702783242966833
636000000,Tulangan,3,3,3,"Garasi, Air, Tanpa perabotan, Fully fenced, Halaman, Listrik, Teras","Keamanan, Area anak-anak, Keamanan 24 jam, Kolam renang, Taman",1,80,120,-7.45667206,112.6363779,6.734604453575849,6.341931603712912,4.586218339412379,10.279173520073531,6.588815156032667,9.325837934236581,7.014507323802433,4.158882963712237,2.1588087712815875,9.491569237956066,21.044830048972287,2.1588087712815875,19.13136932314081
1000000000,Gedangan,3,2,0,"Garasi, Tanpa perabotan, Internet",Keamanan,1,90,120,-7.3970813,112.7469881,1.393572052425113,2.765523231985865,2.2358177294778807,5.890542444020207,3.233179537364854,6.086932900798825,2.812403687459805,2.081732913186301,3.3201655994222325,5.395557867286845,4.338891017836107,3.3201655994222325,9.72840252076765
1300000000,Sidoarjo,5,3,1,"AC, Tanpa perabotan",Keamanan 24 jam,2,90,120,-7.4520511,112.6849812,1.9688999365454232,1.2525807429028166,1.408852771420287,4.643752897623063,2.150138893207331,3.6805994116827545,2.5758310609770976,2.682934320831126,5.582990241375426,5.605022308637999,16.230203613001567,5.482767561726483,17.865383127432754
600000000,Sidoarjo,2,1,1,"AC, Tanpa perabotan",Tidak Ada,1,90,120,-7.44011612,112.7010083,1.6084596568910952,0.8249105496332381,0.6023120080364456,1.8206456422292632,0.7502120581039191,2.666547782340762,1.4637088013307689,23.963534393727834,3.9908758423963424,4.991149442741,12.627096841529978,2.948008873249656,25.57716567603142
625000000,Sedati,2,1,0,Tanpa perabotan,Tidak Ada,1,90,120,-7.3951247,112.8082562,0.8181356888592027,9.15749643079055,6.313394338418692,3.048718920928192,5.975452667304915,10.676998074076742,8.495617131946826,3.878478723051554,9.970136161883767,3.725241879251429,3.8255487369298353,10.136249721365457,8.687826904063684
400000000,Buduran,2,1,0,Tanpa perabotan,Tidak Ada,1,95,120,-7.425129,112.7230909,1.9103003698000902,1.3979537096236054,1.1061051005356428,1.0526762945523878,2.292918065434631,2.740648466165926,2.107458689324181,1.941617938784703,5.114345547745976,5.4945153920255425,8.711963206887251,4.531137011819095,22.156650809373637
400000000,Taman,3,1,0,Sebagian perabotan,Tidak Ada,1,96,120,-7.3589157,112.6810879,3.9588870313689504,1.8922879611273187,1.7269925455652768,1.860381440561247,1.6307702969247724,5.065770284948138,3.45646025588053,1.2344084776832336,2.750366669974466,4.228913218794694,10.552135424363875,2.580458966375853,
520000000,Gedangan,0,0,0,"Garasi, Listrik, Halaman","Area anak-anak, Taman",1,100,120,-7.40905598,112.7464964,0.5908818570024277,3.9513801562068585,3.4790028520995535,4.1452434178411455,2.860849861541256,6.6371227719023835,3.2091993865211688,0.2318402847825284,4.130773487574677,5.804096639789869,4.747429790339131,4.130773487574677,22.205185743150935
900000000,Waru,2,1,1,"Air, Tanpa perabotan, Listrik","Rumah jaga, Keamanan 24 jam",1,100,120,-7.3566934,112.7524203,2.4111806791105748,2.7665967883744416,2.693211892612693,3.28888078289593,2.365854977835215,4.262612689674908,3.2608679448580697,3.9087167602130015,3.8176732197318293,5.293981487410148,4.924790987415809,3.8176732197318293,2.794950426994322
500000000,Sidoarjo,2,1,0,"Listrik, Fully fenced, Tanpa perabotan",Tidak Ada,1,100,120,-7.4578331,112.7278553,1.390739392173346,0.7332732192499389,0.8470960599931926,2.190805415100202,0.7713552055421273,2.5933904320053216,1.295063782536818,0.7523799919881262,2.318659849797474,2.5227085890016077,13.332655862362413,2.410060822626685,4.422371013873415
800000000,Taman,3,2,0,Tanpa perabotan,Tidak Ada,2,100,120,-7.3589157,112.6810879,3.9588870313689504,1.8922879611273187,1.7269925455652768,1.860381440561247,1.6307702969247724,5.065770284948138,3.45646025588053,1.2344084776832336,2.750366669974466,4.228913218794694,10.552135424363875,2.580458966375853,
775000000,Waru,3,1,0,"Garasi, Halaman, Air, Tanpa perabotan, Fully fenced, Internet, Tangki air, Listrik, Teras","Keamanan, Keamanan 24 jam, Rumah jaga",1,110,120,-7.3528001,112.7613933,0.5444423063126385,0.2464723773497298,0.4823403572471508,3.436552837111955,0.6476715798133077,5.134142906536747,1.1396958957994614,1.9517549140674968,3.975575036182519,5.124920111049501,3.894760613932218,3.9567158856008757,5.017572012322077
3300000000,Waru,7,5,5,"Garasi, Halaman, Listrik, AC, Air, Sebagian perabotan",Taman,1,110,120,-7.3503078,112.7674661,1.1043800195281273,1.2290062172207443,1.4454635210614053,3.972977345129623,0.373224262078175,5.970825656630798,4.2381937748698695,0.837264716423595,4.491888353118883,5.123691751677464,3.8935322545601827,4.47302920253724,5.266527027923425
650000000,Taman,2,1,0,"Garasi, Tangki air, Halaman, Tanpa perabotan",Taman,1,110,120,-7.3758656,112.6435652,2.1771851100750985,6.242463160717321,6.393359957158973,6.457340057525024,5.306928159286351,9.687721963716397,8.065235653253259,2.2533440094434014,4.219875341493085,9.113363053712613,15.174087103132141,4.219875341493085,
250000000,Candi,2,1,1,"Garasi, Wifi, Halaman","Taman, Rumah jaga",1,110,120,-7.4588931,112.6995701,2.527793492151256,2.7182052681166424,0.9349548918915018,2.015446076919883,1.8062970438021568,3.1659561133115135,1.687197023471532,1.4429531440284655,2.205986771663012,2.8711066646809624,14.640355071795268,2.560770201157212,2.2971299898550113
860000000,Waru,4,2,0,"Garasi, Kabel video, Tangki air, Tanpa perabotan, AC, Halaman, Air, Wifi","Cctv, Keamanan 24 jam, Taman",1,120,120,-7.3668153,112.7658126,1.9054753281354657,2.2526088204396615,2.1196363450844555,5.228072404887686,1.7693261199161552,4.979524958972343,1.1796454450491587,1.187360575386287,5.756864841723587,3.460307556044683,2.230148058927403,5.756864841723587,7.236304134992916
1900000000,Waru,5,3,0,"Garasi, Kabel video, Tangki air, Listrik, Wifi, AC, Halaman, Air, Tanpa perabotan",Keamanan 24 jam,2,120,120,-7.3432711,112.7683327,1.3773391833947835,1.996591986447833,2.1701114603409626,3.593820910175113,1.4414149160324587,6.581760473425328,0.3849449750522403,1.6279901425770593,5.102823169913415,5.914417177830931,5.79397830578939,5.083964019331772,5.1011870397206005
790000000,Taman,2,1,0,Sebagian perabotan,Keamanan 24 jam,1,120,120,-7.363992,112.7091624,0.995417906370665,1.7045847023547973,3.4806626037160195,4.424187084860668,1.2161481907624034,2.735729190008489,2.710713244120061,1.2915920741890083,4.121340630505789,2.696191477486515,7.0534976977933646,3.8193472195496345,23.288389334269425
749000000,Taman,2,2,0,Sebagian perabotan,Keamanan 24 jam,2,120,120,-7.363992,112.7091624,0.995417906370665,1.7045847023547973,3.4806626037160195,4.424187084860668,1.2161481907624034,2.735729190008489,2.710713244120061,1.2915920741890083,4.121340630505789,2.696191477486515,7.0534976977933646,3.8193472195496345,23.288389334269425
779000000,Taman,2,1,0,Tanpa perabotan,Keamanan 24 jam,1,120,120,-7.363992,112.7091624,0.995417906370665,1.7045847023547973,3.4806626037160195,4.424187084860668,1.2161481907624034,2.735729190008489,2.710713244120061,1.2915920741890083,4.121340630505789,2.696191477486515,7.0534976977933646,3.8193472195496345,23.288389334269425
1960000000,Gedangan,4,3,0,Tanpa perabotan,Keamanan 24 jam,1,120,120,-7.3885665,112.7323259,0.2930570178332332,1.3085948145245216,0.5520177995546861,5.005422535411109,0.8848933354724824,3.2988314347579597,0.9969872133247867,0.8187913078941792,0.5320641333813662,5.621226095304045,4.300310278984402,1.1257633886221257,
1400000000,Waru,5,2,2,"Garasi, Tangki air, Listrik, Teras, Ruang layanan, Air, Tanpa perabotan","Keamanan, Keamanan 24 jam, Rumah jaga",1,120,120,-7.3450604,112.7493551,1.9731217512507502,1.1040494518066728,2.24985345389341,2.348836580735192,1.927796049975391,4.271611164158526,1.77610919997405,2.8619774938539813,2.887858779805756,4.3641670474840755,5.566344343082287,2.868999629224113,
1100000000,Waru,3,2,2,"Garasi, Balkon, Tangki air, Listrik, Teras, AC, Ruang layanan, Air, Berperabot lengkap","Keamanan, Rumah jaga, Cctv, Keamanan 24 jam",2,120,120,-7.3517813,112.7846068,3.65569846610592,4.153966852324592,4.333047013762388,2.145324081631715,1.3379443850875703,8.962938974598273,1.4819554553074294,0.33382813873705136,7.489622163679425,5.530774530778097,4.345481477245988,7.470763013097782,1.145830679228416
575000000,Taman,2,1,1,"Internet, Air, Teras, Tangki air, Tanpa perabotan, Deck","Keamanan, Taman, Area anak-anak, Rumah jaga",1,120,120,-7.3699922,112.713533,1.1262692532755423,1.2554603547027472,2.8441723637938634,4.974034742141831,0.8881308703473331,2.1109173932248524,2.0890082422229064,0.3211815397765254,3.39199930020346,2.41413705260092,5.974744293073577,5.211599600283864,22.960372013854357
1250000000,Sidoarjo,3,2,0,"Garasi, AC, Dapur lengkap, Ruang layanan, Air, Sebagian perabotan, Deck, Internet, Balkon, Halaman, Lemari pakaian bawaan, Listrik, Teras, Fully fenced","Kolam renang, Taman, Panggang, Area anak-anak, Taman atap, Keamanan 24 jam",2,120,120,-7.4393008,112.6859171,0.8740603029469279,1.7616500142707294,1.32067629360059,3.270797972460162,0.8740603029469279,2.307644486519854,3.533490252752261,25.09408569099779,5.441028172627243,6.1934261217830615,15.527879037937728,4.398161203480555,26.70771697330138
2500000000,Buduran,5,2,1,"Garasi, Dapur lengkap, Listrik, AC, Air",Taman,2,120,120,-7.443083,112.7029373,1.1857070256225555,0.4021579183646985,0.7834004263724801,1.3311450920068886,0.9505367334347296,2.1471526452772247,0.9742082511083943,2.449890868290636,3.501375292173968,4.501648892518625,12.53815986197916,2.458508323027281,0.9374358928731202
800000000,Taman,5,3,2,"AC, Tangki air, Wifi, Halaman, Sebagian perabotan",Tidak Ada,2,120,120,-7.3807457,112.700583,1.4318821193969857,3.1624055964547626,5.179359380493679,5.0515116525593795,1.0481292782557394,4.417534175350832,1.4429597348942116,0.24514484459144467,4.4771045397348805,4.596388484155236,8.281361075199559,4.347710546667029,21.25195084233329
380000000,Buduran,2,1,0,Tanpa perabotan,Tidak Ada,1,120,120,-7.425129,112.7230909,1.9103003698000902,1.3979537096236054,1.1061051005356428,1.0526762945523878,2.292918065434631,2.740648466165926,2.107458689324181,1.941617938784703,5.114345547745976,5.4945153920255425,8.711963206887251,4.531137011819095,22.156650809373637
1300000000,Waru,3,2,0,Tanpa perabotan,Tidak Ada,1,120,120,-7.342707,112.7698192,1.1256244396656085,2.4561325033525008,2.629651977245631,3.342106166445939,1.5519435000209845,7.041300990329998,0.47355317430830407,2.1067745809882474,5.562363686818085,6.393201616242119,5.542263562060215,5.5435045362364415,4.075306123292404
1890000000,Waru,5,3,0,Tanpa perabotan,Keamanan 24 jam,1,125,120,-7.3559173,112.7477701,1.5882385852416891,1.4918882997623666,1.8702697987438075,2.4659386890270447,1.5429128839663302,3.4396705958060227,1.8829815460312382,3.085774666344115,2.994731125862944,4.471039393541263,4.101848893546923,2.994731125862944,1.9720083331254368
1990000000,Waru,7,4,0,Sebagian perabotan,Keamanan 24 jam,2,130,120,-7.35898778,112.7464042,1.554248117663512,1.7502769266215452,1.8815994979315838,2.425907816562167,1.599573818938871,3.0994265910698084,1.84295067356636,2.090462503145377,2.9547002533980664,4.431008521076386,3.696462190240172,2.9547002533980664,
3000000000,Gedangan,4,2,0,"Garasi, Kabel video, Tangki air, Air, AC, Halaman, Alarm, Wifi",Taman,2,130,120,-7.391717,112.7306136,0.8115989833403509,1.2296907751802062,1.3762109137637843,4.585753044521643,1.4034353009796,3.817373400265077,0.5705500717107087,1.3373332734012966,1.0506060988884838,6.1397680608111616,4.81885224449152,1.0506060988884838,
300000000,Buduran,2,1,0,Tanpa perabotan,Tidak Ada,1,130,120,-7.425129,112.7230909,1.9103003698000902,1.3979537096236054,1.1061051005356428,1.0526762945523878,2.292918065434631,2.740648466165926,2.107458689324181,1.941617938784703,5.114345547745976,5.4945153920255425,8.711963206887251,4.531137011819095,22.156650809373637
1350000000,Sidoarjo,3,2,0,"Air, Tanpa perabotan, Listrik",Tidak Ada,1,140,120,-7.4540491,112.7066448,1.3292657922657505,1.1993384434907732,1.227777695338982,0.8169183770343772,1.1172655419028477,1.3717029896692536,1.0006573493931836,2.333336452362566,2.1858365624733036,3.3947688651676606,13.339775146516528,0.9595269324947259,1.6324991518544347
640000000,Taman,2,1,0,Tanpa perabotan,"Keamanan, Keamanan 24 jam",1,150,120,-7.3730239,112.6471451,1.7690299141450387,5.8343079647872615,5.90582447470626,5.969804575072311,4.89877296335629,9.200186481263685,7.590876452196077,1.9872343563553299,3.953765688405014,8.363329415110242,14.686551620679431,3.953765688405014,
1600000000,Waru,8,3,0,Tanpa perabotan,Tidak Ada,2,150,120,-7.3636945,112.7174105,0.22042978726998003,0.21803936240774363,2.4417369383080225,3.93661374984683,2.4068218376741486,1.7084819677390104,1.5210432649662342,0.44227871883199327,2.553485716866818,1.595732869255268,5.572308867587736,4.293471636769322,23.99779300614936
925000000,Taman,2,1,1,"Internet, Dapur lengkap, Dapur terpadu, Pemandangan panorama, Ruang layanan, Perapian, Air, Tanpa perabotan, Balkon, Pemanasan, Jacuzzi, Kabel video, Gas alam, Ruang kantor, Rubanah, Teras","Area anak-anak, Pramutamu",2,153,120,-7.3584903,112.7018048,1.7288013020148023,1.799977434483804,1.8529170328701274,3.1042581779273495,2.4066091982962936,3.3138850989251063,2.3917699974699262,2.0054039902685834,2.493595059659897,2.4770280327716634,8.32204969500973,2.5668920452760324,24.311794289247825
1200000000,Buduran,5,4,0,"Garasi, Pemandangan panorama, Listrik, Internet, Air, Teras","Keamanan, Gym, Area anak-anak, Taman, Panggang, Cctv, Kolam renang, Pustaka, Taman atap, Akses bagi penyandang disabilitas",2,170,120,-7.4372052,112.6985292,3.65042573314488,1.3953811867630708,0.5979012781821443,2.391116279359095,0.416309059173671,3.2938449912496996,2.0341794384606016,23.360305871752544,4.561346479526175,5.45975007818823,12.794268990491585,3.5184795103794877,24.973937154056134
200000000,Prambon,2,1,0,"Garasi, Halaman, Teras, Pemandangan panorama, Air","Keamanan, Taman, Panggang, Cctv, Taman atap",1,170,120,-7.4719152,112.5637813,4.754115399173627,7.562935751793252,7.316688775182177,19.911051933638582,7.2364975768888256,18.94789844769828,16.71682035606434,9.24789709650448,5.68102843920721,7.701981858195227,30.468817752954205,5.5189164713090895,25.6967251552791
680000000,Sedati,2,1,0,"Garasi, Tanpa perabotan",Tidak Ada,1,200,120,-7.3717381,112.7637334,1.055519877025291,2.530923798102005,2.379729331388422,5.851397800947302,0.9257784557090415,4.842332909048748,1.4579604227115026,0.3438129111791732,5.271921530692562,2.61675989183757,1.7440892700706567,5.39617650965365,7.514619112655263
1550000000,Waru,3,1,0,"Internet, Sebagian perabotan",Tidak Ada,1,200,120,-7.35042,112.73717,2.6843962468748277,1.9667579069230632,2.765954059749331,0.543648019031076,3.3719486718168827,2.4561928402197464,0.16957830027343943,1.5845195790116389,1.0724404558669762,2.5487487235452972,5.460262042898868,1.0535813052853327,
643000000,Waru,2,1,0,Tanpa perabotan,Tidak Ada,2,200,120,-7.36269,112.76411,1.165806951916319,1.5129404442205148,1.434407800155101,4.584026838031578,1.1237461488741936,5.083039686629931,0.43997706883001225,1.3617962650606632,5.112819274867478,3.634743245719059,2.4045837486017794,5.112819274867478,6.49663575877377
950000000,Taman,5,3,3,Tanpa perabotan,Tidak Ada,1,200,120,-7.3807457,112.700583,1.4318821193969857,3.1624055964547626,5.179359380493679,5.0515116525593795,1.0481292782557394,4.417534175350832,1.4429597348942116,0.24514484459144467,4.4771045397348805,4.596388484155236,8.281361075199559,4.347710546667029,21.25195084233329
494780000,Krembung,2,1,0,"Garasi, Tanpa perabotan, Jaringan internet","Keamanan, Taman",1,202,120,-7.5268,112.6637,7.897964304890424,5.746944313646923,11.595983823228744,5.080471131588505,2.9084892085807916,13.86411005897739,4.327001334309074,3.2497048287726704,5.271918746566726,11.809318618554444,25.558949653543745,5.224403820950287,21.663263641896513
400000000,Krembung,2,1,0,Tanpa perabotan,Tidak Ada,1,220,120,-7.5268,112.6637,7.897964304890424,5.746944313646923,11.595983823228744,5.080471131588505,2.9084892085807916,13.86411005897739,4.327001334309074,3.2497048287726704,5.271918746566726,11.809318618554444,25.558949653543745,5.224403820950287,21.663263641896513
552000000,Prambon,2,1,0,"Garasi, Dapur terpadu, Air, Tanpa perabotan, Pendingin ruangan (AC), Halaman terbuka, Listrik","Keamanan, Gym, Taman, Keamanan 24 jam, Cctv, Taman bermain anak, Rumah jaga",1,240,120,-7.4457506,112.5707595,7.512014842614802,4.413471279544865,4.167224302933794,17.946631751405608,4.087033104640439,16.983478265465305,15.362116698099713,4.647398505602523,2.6833364349015367,4.552517385946838,27.50818547705052,2.3451889804078943,32.82255426621694
476000000,Prambon,2,1,0,"Garasi, Tanpa perabotan","Keamanan, Taman, Taman bermain anak",1,240,120,-7.4734,112.559,4.949826157878753,7.903281944202283,7.6570349675912075,20.251398126047615,7.576843769297857,19.288244640107315,16.912531114769465,9.58824328891351,6.021374631616242,8.042328050604258,30.809163945363228,5.859262663718121,25.892435913984226
950000000,Prambon,4,3,0,Tanpa perabotan,Tidak Ada,1,240,120,-7.4734,112.559,4.949826157878753,7.903281944202283,7.6570349675912075,20.251398126047615,7.576843769297857,19.288244640107315,16.912531114769465,9.58824328891351,6.021374631616242,8.042328050604258,30.809163945363228,5.859262663718121,25.892435913984226
498000000,Sidoarjo,2,1,1,Tanpa perabotan,Keamanan 24 jam,1,60,121,-7.412324,112.5378369,14.107773876552127,4.521358591772457,5.73924983349377,19.679890962921075,5.993697625331609,20.980962778580064,19.675099372211758,0.17646865657484465,4.247567860248099,5.531233316358311,28.396638008528203,4.535996651429462,33.71100679769462
632500000,Tulangan,3,3,3,"Garasi, Air, Fully fenced, Halaman, Listrik","Keamanan, Area anak-anak, Rumah jaga, Kolam renang, Taman, Keamanan 24 jam",1,100,121,-7.4812926,112.6468606,6.327984245615995,6.601769438025699,5.761219832828524,8.92402312188789,6.15910018676534,9.029788106805638,6.0785392123148805,3.862833136281295,1.9903369536853601,9.169755688912613,21.57939230812446,1.9903369536853601,16.16631737855306
950000000,Sidoarjo,4,2,0,"Internet, Air, Sebagian perabotan, Dapur lengkap, Listrik",Keamanan,2,146,121,-7.4577208,112.7308424,1.7816564334534348,1.1241902605300285,1.238013101273282,2.5817224563802914,1.1622722468222169,2.984307473285411,1.0866235881363617,2.225246572309022,2.709576891077564,2.9136256302816963,13.056283384321441,2.8009778639067746,4.813288055153507
1200000000,Gedangan,2,2,2,Tanpa perabotan,Tidak Ada,2,146,121,-7.391717,112.7306136,0.8115989833403509,1.2296907751802062,1.3762109137637843,4.585753044521643,1.4034353009796,3.817373400265077,0.5705500717107087,1.3373332734012966,1.0506060988884838,6.1397680608111616,4.81885224449152,1.0506060988884838,
450000000,Buduran,2,1,1,"Garasi, Pemandangan panorama, Air, Tanpa perabotan, Internet, Halaman, Listrik, Wifi","Keamanan, Area anak-anak, Keamanan 24 jam, Cctv, Taman",1,85,126,-7.4218622,112.7532509,2.298749490245486,3.7557915960315182,4.222223788745274,4.335149731233092,4.85235831921068,6.82702908529433,5.49561878901225,2.372902446582056,6.4171928900657615,7.361131508205746,6.591456147932959,6.4171928900657615,9.280978840345103
950000000,Waru,3,2,2,"Garasi, Air, Sebagian perabotan, Dapur terpadu, Listrik",Taman,1,91,126,-7.3503078,112.7674661,1.1043800195281273,1.2290062172207443,1.4454635210614053,3.972977345129623,0.373224262078175,5.970825656630798,4.2381937748698695,0.837264716423595,4.491888353118883,5.123691751677464,3.8935322545601827,4.47302920253724,5.266527027923425
2250000000,Waru,3,2,0,Tanpa perabotan,Tidak Ada,2,91,126,-7.3433654,112.768599,1.3649679675151563,2.0578206047728376,2.2313400786659674,3.581449694295486,1.5218874558639834,6.642989091750334,0.37257375917261315,1.7084626824085842,5.164051788238419,5.994889717662456,5.7816070899097625,5.145192637656776,5.092216824331305
750000000,Waru,2,1,0,Tanpa perabotan,Tidak Ada,1,100,126,-7.3517813,112.7846068,3.65569846610592,4.153966852324592,4.333047013762388,2.145324081631715,1.3379443850875703,8.962938974598273,1.4819554553074294,0.33382813873705136,7.489622163679425,5.530774530778097,4.345481477245988,7.470763013097782,1.145830679228416
800000000,Sukodono,5,3,3,"Garasi, Teras, Tanpa perabotan",Tidak Ada,1,120,126,-7.394061,112.6738809,0.841154992744694,2.8766357093749213,3.90864948765988,5.892745571598778,0.28135023959614064,8.302342462761755,3.9226349198224835,1.3540240655938636,6.782730801011997,8.261277349832222,11.88669519974322,6.612823097413383,19.898868344567852
850000000,Buduran,3,2,0,"Garasi, Halaman, Air, Wifi, AC, Tangki air, Tanpa perabotan","Cctv, Keamanan 24 jam",1,126,126,-7.436595,112.694927,2.3052826352181146,1.0910807981993018,3.925477366037864,3.5038469898966853,4.093047567275763,2.540693503956377,3.146910148998192,25.70403532324605,5.674077190063765,6.67435079040842,15.58889553321888,4.631210220917077,27.31766660554964
1650000000,Sidoarjo,7,6,0,"Air, Listrik",Tidak Ada,1,126,126,-7.4540491,112.7066448,1.3292657922657505,1.1993384434907732,1.227777695338982,0.8169183770343772,1.1172655419028477,1.3717029896692536,1.0006573493931836,2.333336452362566,2.1858365624733036,3.3947688651676606,13.339775146516528,0.9595269324947259,1.6324991518544347
480000000,Sukodono,2,1,1,Tanpa perabotan,Tidak Ada,1,180,126,-7.409469,112.6710278,0.632910734984057,1.3193081064231862,2.3513218847081454,7.708168345750331,0.6773612084022693,6.745014859810024,4.280122591001791,0.5910532833303035,7.536345125713114,10.605979287783894,13.271131941782262,7.536345125713114,21.843945693492014
1600000000,Taman,4,3,3,"Garasi, AC, Dapur lengkap, Kabel video, Alarm, Gas alam, Air, Teras, Fully fenced, Internet, Balkon, Dapur terpadu, Tangki air, Lemari pakaian bawaan, Perapian, Listrik, Deck, Wifi","Keamanan, Kolam renang, Taman atap, Akses bagi penyandang disabilitas, Cctv, Taman, Rumah jaga, Keamanan 24 jam",2,110,127,-7.37289066,112.7110131,1.3503509458781886,1.779360236012274,3.3680722451033898,4.9557589275585725,0.3642309890378062,2.634817274534379,2.6129081235324327,0.3295226439410633,3.858954536491209,2.9380369339104457,6.498644174383103,3.711108008880983,22.436472132544825
800000000,Tulangan,3,2,0,"Garasi, Halaman, Gas alam, Listrik, Teras, Dapur terpadu, Tangki air, Air, Tanpa perabotan, Fully fenced","Keamanan, Rumah jaga, Area anak-anak, Keamanan 24 jam",1,45,128,-7.4726134,112.6675398,3.7884851569477536,4.410160491784239,3.569610886587065,7.488079049718875,3.9674912405238794,6.838179160564179,3.8869302660734184,1.671224190039835,3.4142532438342563,6.978146742671149,19.387783361882995,3.441593893191538,14.731384268983101
540500000,Sedati,2,1,1,"Garasi, AC, Dapur lengkap, Kabel video, Tangki air, Air, Sebagian perabotan, Deck, Internet, Balkon, Dapur terpadu, Halaman, Alarm, Listrik, Teras, Wifi","Keamanan, Gym, Taman, Taman atap, Lapangan tenis, Cctv, Area anak-anak, Pramutamu, Rumah jaga, Keamanan 24 jam",1,77,128,-7.3717382,112.7637336,1.055519877025291,2.530923798102005,2.379729331388422,5.851397800947302,0.9257784557090415,4.842332909048748,1.4579604227115026,0.3438129111791732,5.271921530692562,2.61675989183757,1.7440892700706567,5.39617650965365,7.514619112655263
545000000,Tulangan,2,1,1,"Garasi, Dapur lengkap, Kabel video, Ruang layanan, Lemari pakaian bawaan, Air, Sebagian perabotan, Wifi, AC, Dapur terpadu, Halaman, Alarm, Perapian, Listrik, Fully fenced","Keamanan, Taman, Keamanan 24 jam, Cctv, Rumah jaga",1,77,128,-7.4546837,112.6497945,4.885899208999955,5.228272413118328,2.9227733757793177,8.629586371281858,5.307017529792869,7.6664328853415515,5.732709697562635,3.0617373616934667,1.911481401072735,8.76190094522354,19.381385085339225,1.911481401072735,18.914326145191758
475000000,Sedati,2,1,1,Tanpa perabotan,Tidak Ada,1,100,128,-7.3953232,112.8100897,1.045182820651055,9.3845435625824,6.540441470210546,3.2757660527200447,6.202499799096767,10.904045205868595,8.722664263738679,4.105525854843406,10.19718329367562,3.9522890110432813,4.052595868721687,10.363296853157308,8.914874035855537
1590000000,Waru,4,3,0,Berperabot lengkap,Keamanan 24 jam,2,128,128,-7.3559173,112.7477701,1.5882385852416891,1.4918882997623666,1.8702697987438075,2.4659386890270447,1.5429128839663302,3.4396705958060227,1.8829815460312382,3.085774666344115,2.994731125862944,4.471039393541263,4.101848893546923,2.994731125862944,1.9720083331254368
850000000,Sidoarjo,2,1,0,Tanpa perabotan,Tidak Ada,1,128,128,-7.4497718,112.7015495,1.418867546113402,1.3473282165336105,1.6196508465489468,1.1611435311078238,1.125437344093236,1.7112317906415684,0.8042066902093296,2.8773550012846476,2.9627882173951483,3.9766351559257362,13.48333016014807,2.288506762128217,0.5015150382374634
530000000,Sedati,2,1,1,"Garasi, AC, Pemandangan panorama, Halaman, Lemari pakaian bawaan, Air, Teras, Fully fenced, Internet, Dapur terpadu, Kabel video, Tangki air, Ruang kantor, Listrik, Deck, Wifi","Keamanan, Gym, Taman, Rumah jaga, Lapangan tenis, Cctv, Area anak-anak, Panggang, Akses bagi penyandang disabilitas, Keamanan 24 jam",1,70,130,-7.3670969,112.8077818,2.741955151338687,8.505303681473203,8.721760985313864,3.2099680536446007,5.640072875860326,12.53028414884148,5.784083946080185,5.7317647978162904,11.791750654452176,5.578527954016166,1.4916110392059283,11.791750654452176,5.636568278954304
698000000,Sukodono,2,1,1,"Garasi, Dapur terpadu, Tanpa perabotan, AC, Tangki air","Keamanan, Keamanan 24 jam, Rumah jaga",2,70,130,-7.3917448,112.7010238,1.2702537909010205,1.5652041079418813,4.935173909168867,6.661495048168551,2.0239116356608884,5.347839219758877,1.4096441522968375,1.049338354353289,4.3170410845662595,5.699700545112991,8.94676573765613,4.3170410845662595,19.65474935382041
452000000,Buduran,2,1,1,"Garasi, Halaman, Listrik, Wifi, Internet, Air, Tanpa perabotan","Keamanan, Area anak-anak, Keamanan 24 jam, Cctv, Taman",1,80,130,-7.4257956,112.7229641,2.239319022727337,0.852798543308799,0.7933674497241,0.4858669390937927,2.5634745852944776,2.4285729513472876,1.7953831745055424,1.6295424239660643,4.802270032927336,5.182439877206906,9.040981859814499,4.219061497000459,22.485669462300883
850000000,Taman,2,1,1,"Garasi, Tangki air, Listrik, Teras, Ruang layanan, Air, Tanpa perabotan","Keamanan, Keamanan 24 jam, Rumah jaga",1,120,130,-7.3758656,112.6435652,2.1771851100750985,6.242463160717321,6.393359957158973,6.457340057525024,5.306928159286351,9.687721963716397,8.065235653253259,2.2533440094434014,4.219875341493085,9.113363053712613,15.174087103132141,4.219875341493085,
1500000000,Waru,4,3,0,"Garasi, Berperabot lengkap, Listrik","Taman, Rumah jaga",2,130,130,-7.3648872,112.7702531,2.154014974673377,2.5011484669775728,2.419929743622099,5.048522741810199,2.111954171631251,5.491002839745846,1.4281850915870702,1.6988384561597907,6.057158240261229,3.971785436818187,3.971785436818187,6.057158240261229,5.781722698656666
1000000000,Sidoarjo,3,3,2,"Garasi, AC, Dapur lengkap, Halaman, Teras, Internet, Balkon, Kabel video, Sebagian perabotan, Setengah terpisah","Keamanan, Taman, Area anak-anak",2,85,131,-7.459435,112.709638,0.9365070660389686,1.8399668059365775,0.9655258476523118,2.3660671515087994,2.588947861253122,1.5330056650304513,1.889263676809813,2.673000821713123,0.8824764711810191,2.697970325410205,13.409558147577139,1.665039585505245,2.499196643193292
980000000,Waru,3,2,1,Tanpa perabotan,Tidak Ada,1,126,131,-7.3517813,112.7846068,3.65569846610592,4.153966852324592,4.333047013762388,2.145324081631715,1.3379443850875703,8.962938974598273,1.4819554553074294,0.33382813873705136,7.489622163679425,5.530774530778097,4.345481477245988,7.470763013097782,1.145830679228416
285000000,Sidoarjo,2,1,1,"Air, Tanpa perabotan","Keamanan, Area anak-anak",1,70,132,-7.44977187,112.7015496,1.418867546113402,1.3473282165336105,1.6196508465489468,1.1611435311078238,1.125437344093236,1.7112317906415684,0.8042066902093296,2.8773550012846476,2.9627882173951483,3.9766351559257362,13.48333016014807,2.288506762128217,0.5015150382374634
1960000000,Candi,4,3,3,"Garasi, Balkon, Dapur terpadu, Lemari pakaian bawaan, Listrik, Teras, AC, Dapur lengkap, Halaman, Air, Berperabot lengkap","Cctv, Taman, Rumah jaga, Kolam renang, Taman atap, Keamanan 24 jam",3,60,133,-7.4622498,112.6958457,3.261169405607827,3.2109827830134794,2.260083247160519,3.3405744321889,1.3754913190556262,4.03357298392891,1.7170503088939115,0.9009199717489937,3.531115126932028,3.090558661910867,15.965483427064285,3.885898556426229,15.935579650258495
18000000000,Waru,3,2,0,"Balkon, Air, Tanpa perabotan, Tangki air, Listrik","Keamanan, Keamanan 24 jam",2,133,133,-7.3399267,112.7562893,2.597476493043447,2.509802729772295,2.680404846698809,4.61074619100732,2.5521507917680872,6.533520774430655,1.9777849071346605,0.6872176685980418,5.149768390077884,6.626076657756205,6.35768863135578,5.130909239496241,4.3100229461736
575000000,Taman,2,1,1,"Internet, Tangki air, Listrik, Teras, Halaman, Air, Tanpa perabotan","Keamanan, Area anak-anak, Keamanan 24 jam, Cctv, Taman",1,140,134,-7.3682573,112.7077638,0.5824842555317944,1.7900846992903023,3.5155132482973235,4.187892237212175,0.6988228295769334,2.782258277728313,2.4744183964715685,0.6641144844801905,3.8850457828572957,2.811413221486452,6.646085177577038,3.9583427684734316,22.771063973083955
600000000,Sukodono,2,2,1,"Garasi, Sebagian perabotan, Air","Keamanan, Cctv",2,54,135,-7.4277073,112.6809479,1.0816946783936199,2.498047488424725,0.4230373789639646,4.7607474736356385,2.213627427050575,3.7975939876953304,3.4975233422614793,22.537003062977675,6.930977673802718,7.6585584156692015,13.337826982806805,5.8881107046560315,24.21851050549793
5800000000,Waru,6,4,4,"Tanpa perabotan, Fully fenced",Tidak Ada,2,79,135,-7.3495314,112.7295359,3.018608940985542,1.2702191584674083,2.1591334581102504,0.9738825882584071,2.765128070177803,1.759654091764091,1.0986001534440104,1.8522099750896417,0.394677144291049,1.8522099750896417,5.875803525814675,0.34282175768166373,
795000000,Taman,2,1,0,Tanpa perabotan,Tidak Ada,1,79,135,-7.374592,112.6395609,1.190093852345368,5.96179749920647,6.710333353801794,6.774313454167846,5.944511024317173,10.004695360359218,8.39538533129161,1.006884371467139,2.9734157035168227,7.866903415736353,15.491060499774964,2.9734157035168227,
633000000,Tulangan,3,3,3,"Garasi, Air, Tanpa perabotan, Fully fenced, Halaman, Listrik, Teras","Keamanan, Area anak-anak, Keamanan 24 jam, Kolam renang, Taman",1,80,135,-7.4446995,112.6306427,5.852080132025654,5.54938479637293,5.124040426964535,10.458637039345724,8.16393607114792,9.495483553405412,7.8741219860398255,5.290523593766331,4.059895288836778,7.680167443975127,21.016402858661344,4.059895288836778,30.118800575309493
600000000,Sukodono,2,1,1,Tanpa perabotan,Tidak Ada,1,83,135,-7.41037491,112.6960805,1.3541468219104684,1.7901316995633723,2.973509669523269,4.717395282798199,3.3684780869015607,5.523713567096462,1.0149049523129139,0.7494007813428493,5.259084459562811,9.15923438027136,9.888809112652684,5.259084459562811,21.801327084090648
750000000,Taman,2,1,1,"Garasi, Dapur lengkap, Air, Sebagian perabotan, AC, Tangki air, Listrik, Teras","Area anak-anak, Keamanan 24 jam",1,84,135,-7.3599061,112.7089609,3.02155815993841,2.584443600126714,2.3876578930126917,4.071252720332815,3.7774570459023753,2.613506371967456,3.5421885535836406,2.569634631015983,3.0283359198024606,1.9373004829020573,7.5934541562051425,2.7263425088463076,25.60455114717143
3500000000,Waru,10,10,10,"Garasi, Balkon, Ruang layanan, Air, Berperabot lengkap, Deck, AC, Dapur lengkap, Tangki air, Listrik, Teras",Keamanan,3,84,135,-7.35098,112.72223,1.645650743253749,1.720289223735192,2.6094538113349106,3.2024830749302295,3.2154484234024627,0.03645366881950707,2.8820611717695757,0.6211868058461313,1.3164562097351273,0.6211868058461313,6.326123879039334,1.6470377444532627,
498000000,Sedati,3,2,2,"Garasi, Dapur lengkap, Kabel video, Gas alam, Ruang kantor, Listrik, Tanpa perabotan, Fully fenced, Internet, Dapur terpadu, Halaman, Perapian, Air, Rubanah, Teras, Wifi","Keamanan, Area anak-anak, Akses bagi penyandang disabilitas, Cctv, Taman, Keamanan 24 jam",1,90,135,-7.3691674,112.7852277,3.6480276367805247,3.9081391403324273,3.989111138313803,5.29927836535387,3.1157285141204176,7.902831363333566,3.6368184778417088,2.7066035016201186,7.743014143130337,2.907770690623454,2.7880544895828407,7.743014143130337,4.822186295491185
415000000,Sukodono,2,1,0,"Garasi, Dapur lengkap, Halaman, Listrik, Wifi, Internet, Kabel video, Air, Tanpa perabotan",Taman,1,90,135,-7.3981,112.6737,0.5130688465909187,2.5485495632211452,3.5805633415061044,6.4270507620489505,0.7587519376321743,7.974256316607982,4.854435117849217,1.0259379194400882,7.42717405459242,8.795582540282396,12.421000390193388,7.42717405459242,20.433173535018025
690000000,Sukodono,2,1,0,Tanpa perabotan,Tidak Ada,1,90,135,-7.38897,112.70071,0.8573750253313572,2.649771537137804,5.888465845659178,6.227127071041466,2.223744696737827,5.593149593832918,2.4942115814927606,1.6407568948199402,5.186211004900382,5.772003902637322,9.405112229956218,5.186211004900382,20.72080427462441
260000000,Tulangan,2,1,0,Tanpa perabotan,Tidak Ada,1,100,135,-7.4726134,112.6675398,3.7884851569477536,4.410160491784239,3.569610886587065,7.488079049718875,3.9674912405238794,6.838179160564179,3.8869302660734184,1.671224190039835,3.4142532438342563,6.978146742671149,19.387783361882995,3.441593893191538,14.731384268983101
150000000,Gedangan,2,1,0,Sebagian perabotan,Tidak Ada,1,105,135,-7.3896762,112.7279598,0.15876730662380215,1.7772577553113862,1.211822739958879,4.456698371394396,0.27487645045464526,2.688814549740123,0.9275869930203207,0.20877442287634204,0.08462472979404548,5.011209210286206,4.714349382883914,0.08462472979404548,
746000000,Taman,2,1,0,Sebagian perabotan,Keamanan 24 jam,1,110,135,-7.363992,112.7091624,0.995417906370665,1.7045847023547973,3.4806626037160195,4.424187084860668,1.2161481907624034,2.735729190008489,2.710713244120061,1.2915920741890083,4.121340630505789,2.696191477486515,7.0534976977933646,3.8193472195496345,23.288389334269425
575000000,Sukodono,2,1,1,"Listrik, Tanpa perabotan","Keamanan, Taman, Area anak-anak",1,110,135,-7.39312872,112.6957822,0.10383546170948406,1.7337509177874386,5.133164405999309,6.5420393659753735,2.538656991671733,5.908061888766824,1.5781909621423948,1.24732885118373,4.515031581396701,6.086916197571226,9.144756234486572,4.515031581396701,19.80478365527404
380000000,Taman,2,1,0,Tanpa perabotan,Tidak Ada,1,130,135,-7.3589157,112.6810879,3.9588870313689504,1.8922879611273187,1.7269925455652768,1.860381440561247,1.6307702969247724,5.065770284948138,3.45646025588053,1.2344084776832336,2.750366669974466,4.228913218794694,10.552135424363875,2.580458966375853,
2000000000,Waru,3,3,0,"Garasi, Kabel video, Tangki air, Tanpa perabotan, AC, Halaman, Air, Wifi","Taman, Keamanan 24 jam",1,132,135,-7.3645565,112.73553,2.05259134521871,1.1521206930791128,1.2474211776530832,2.6353292084885376,1.901440594363987,1.343291791384757,1.3961767215526903,0.28745860211822344,2.851526130863422,3.665686451930842,4.10841630472211,3.1641216453244363,
675000000,Candi,4,2,0,"Kabel video, Tanpa perabotan, Halaman, Wifi",Tidak Ada,2,132,135,-7.4726393,112.7237275,0.5159008823593376,0.5159008823593376,1.0495645276225576,1.806107758377671,0.27555237656859,3.518087084711191,2.552954170032884,0.25355243608584843,2.9153317309706597,1.8631681782997631,14.911493563085916,2.988173751179836,5.296416231005735
950000000,Waru,3,1,0,"AC, Air, Wifi, Tangki air, Tanpa perabotan",Keamanan 24 jam,2,135,135,-7.34506052,112.7493553,1.9731217512507502,1.1040494518066728,2.24985345389341,2.348836580735192,1.927796049975391,4.271611164158526,1.77610919997405,2.8619774938539813,2.887858779805756,4.3641670474840755,5.566344343082287,2.868999629224113,
2780000000,Gedangan,5,3,0,Berperabot lengkap,Keamanan 24 jam,2,135,135,-7.39099779,112.7306515,0.6949945036394908,1.3462952548810663,1.4928153934646444,4.702357524222503,1.2868308212787398,3.7007689205642174,0.6871545514115688,1.2207287937004367,0.9340016191876237,6.023163581110302,4.70224776479066,0.9340016191876237,
598000000,Taman,2,1,0,Berperabot lengkap,Keamanan 24 jam,1,135,135,-7.3730239,112.6471451,1.7690299141450387,5.8343079647872615,5.90582447470626,5.969804575072311,4.89877296335629,9.200186481263685,7.590876452196077,1.9872343563553299,3.953765688405014,8.363329415110242,14.686551620679431,3.953765688405014,
1750000000,Sidoarjo,5,2,2,"Garasi, Balkon, Ruang layanan, Alarm, Air, Wifi, Internet, Kabel video, Tangki air, Gas alam, Sebagian perabotan","Keamanan, Area anak-anak, Cctv, Keamanan 24 jam",2,135,135,-7.44011612,112.7010083,1.6084596568910952,0.8249105496332381,0.6023120080364456,1.8206456422292632,0.7502120581039191,2.666547782340762,1.4637088013307689,23.963534393727834,3.9908758423963424,4.991149442741,12.627096841529978,2.948008873249656,25.57716567603142
2000000000,Gedangan,4,3,3,"Garasi, Dapur terpadu, Alarm, Listrik, Internet, Pemandangan panorama, Lemari pakaian bawaan, Sebagian perabotan","Keamanan, Taman, Lapangan tenis, Cctv, Taman atap, Keamanan 24 jam",1,135,135,-7.3714837,112.718192,0.9982128221457136,1.5864857899260905,2.3600680573813744,4.568330950423583,1.4339088393813466,1.6268130868123623,1.6049039358104165,0.8362322806301891,3.6862011382697197,2.9874823815015894,5.490639986661087,3.5383546106594936,23.426477989369225
1300000000,Waru,3,1,1,"Kabel video, Tangki air, Wifi, Halaman, Tanpa perabotan",Tidak Ada,2,135,135,-7.34506052,112.7493553,1.9731217512507502,1.1040494518066728,2.24985345389341,2.348836580735192,1.927796049975391,4.271611164158526,1.77610919997405,2.8619774938539813,2.887858779805756,4.3641670474840755,5.566344343082287,2.868999629224113,
990000000,Waru,3,2,1,Tanpa perabotan,Tidak Ada,1,135,135,-7.3399267,112.7562893,2.597476493043447,2.509802729772295,2.680404846698809,4.61074619100732,2.5521507917680872,6.533520774430655,1.9777849071346605,0.6872176685980418,5.149768390077884,6.626076657756205,6.35768863135578,5.130909239496241,4.3100229461736
1100000000,Buduran,4,2,0,Tanpa perabotan,Tidak Ada,2,135,135,-7.425129,112.7230909,1.9103003698000902,1.3979537096236054,1.1061051005356428,1.0526762945523878,2.292918065434631,2.740648466165926,2.107458689324181,1.941617938784703,5.114345547745976,5.4945153920255425,8.711963206887251,4.531137011819095,22.156650809373637
1750000000,Buduran,3,2,0,Tanpa perabotan,Tidak Ada,1,135,135,-7.428144,112.694428,6.199013562918854,5.849320017383704,6.135256457860534,3.748193649994968,1.7733864298095445,4.650922361885572,4.578192912708712,24.717383242388415,5.918423850162047,6.816827448824102,14.15134636112746,4.87555688101536,26.331014524692005
430000000,Sukodono,3,1,0,"Internet, Air",Keamanan 24 jam,2,150,135,-7.40901143,112.6740817,0.7035315610153576,1.643969394842875,2.6759831731278347,8.03282963417002,1.0020224968219582,7.0696761482297115,4.025522379967149,0.4303422631520124,8.386807077657751,10.930640576203585,13.016531730747618,8.386807077657751,21.683234673313724
300000000,Sukodono,2,1,0,Tanpa perabotan,Tidak Ada,1,150,135,-7.3831573,112.6883969,2.579776205804597,4.057074090771247,4.620388041736567,4.9220898926977235,2.978413499469228,6.193628432616464,1.313537975032555,2.0212391018570783,5.261459183194317,6.040794037424272,10.057455332465192,5.0915514795957035,21.874830858461536
30000000000,Prambon,1,0,1,Tanpa perabotan,Tidak Ada,1,160,135,-7.4457506,112.5707595,7.512014842614802,4.413471279544865,4.167224302933794,17.946631751405608,4.087033104640439,16.983478265465305,15.362116698099713,4.647398505602523,2.6833364349015367,4.552517385946838,27.50818547705052,2.3451889804078943,32.82255426621694
625000000,Candi,2,1,0,Tanpa perabotan,Tidak Ada,1,160,135,-7.4624495,112.694892,2.868330213801668,2.8181435912073214,1.8672440553543599,2.9477352403827424,0.9826521272494667,3.6407337921227523,1.324211117087752,0.5080807799428344,3.1382759351258698,2.6977194701047083,15.572644235258128,3.4930593646200716,15.542740458452338
800000000,Wonoayu,3,1,0,"Garasi, TV kabel, Listrik, Teras, Balkon, Halaman terbuka, Tanpa perabotan, Wifi","Keamanan, Taman, Taman bermain anak",1,230,135,-7.4446723,112.6710954,2.05189845735281,1.5015107179040459,1.9231487935032354,4.902824676067579,2.05189845735281,3.9396711901272683,3.7580676398607453,2.6753555886005658,4.942761115161843,6.787258887521647,16.313202133808957,5.095335536950393,19.047619706316407
425000000,Krembung,2,1,0,"Garasi, Tanpa perabotan",Tidak Ada,1,230,135,-7.5153,112.6395,6.27424040471769,8.665258838268313,10.066581839459648,8.371573948815074,6.199592025807358,13.335150113436763,7.618104151535639,6.540807645999237,6.893239698636193,13.281527711783571,25.884754314755572,6.893239698636193,20.471679385184185
900000000,Tanggulangin,3,2,0,"Garasi, Tanpa perabotan","Kolam renang, Keamanan 24 jam, Taman",1,300,135,-7.5025021,112.6988252,3.0856935523590354,2.464302332894939,5.938567066686674,3.0258722436332453,5.825314024371706,7.821064621516469,6.275316551650645,1.8011639602728926,2.1788883343017558,5.947986069073864,19.69761710406316,2.0923757130995186,16.434933360523235
3400000000,Wonoayu,0,1,0,"Garasi, Tanpa perabotan",Tidak Ada,1,300,135,-7.43716,112.62222,5.2861162107398885,5.405134203407122,5.784942800924271,10.829116881170561,5.527251475213476,9.865963395230251,8.244601827864658,6.644070176062439,5.362372097000253,6.297998062220402,21.38688270048618,5.362372097000253,29.86655689260971
500000000,Candi,2,1,0,"Garasi, Kabel video, Air, Tanpa perabotan, Wifi, Internet, Halaman, Listrik, Fully fenced","Cctv, Taman, Rumah jaga, Keamanan 24 jam, Area anak-anak, Panggang, Lapangan tenis",1,72,136,-7.4954581,112.7172708,2.1185347982613263,4.699320457772185,4.07238676378539,2.058713489535536,3.9591337214704234,5.954884318615188,5.202384141115561,2.5780743869552514,2.521495627081317,4.081805766172582,17.56186524768796,2.43498300587908,14.568753057621947
250000000,Tulangan,3,1,0,Tanpa perabotan,Tidak Ada,1,100,136,-7.4726134,112.6675398,3.7884851569477536,4.410160491784239,3.569610886587065,7.488079049718875,3.9674912405238794,6.838179160564179,3.8869302660734184,1.671224190039835,3.4142532438342563,6.978146742671149,19.387783361882995,3.441593893191538,14.731384268983101
1600000000,Buduran,3,3,0,Tanpa perabotan,Tidak Ada,2,136,136,-7.4349235,112.7345789,3.0215929386040927,1.302799008538096,0.6476162878971102,1.2455579871955436,3.224289266376092,3.4697532116253433,2.619140297396436,2.485345338123482,5.360394667622203,5.659680555518593,9.245975248075794,4.879876178082073,5.860461324441799
1300000000,Buduran,4,3,0,"Halaman, Tanpa perabotan, Wifi, Air, Teras",Keamanan 24 jam,1,137,137,-7.4285603,112.7084552,3.1202665731520955,1.6324910814634246,1.633660860164532,2.8471939965282433,1.929084166057871,2.4526719039639238,2.282243497901094,22.4214338275808,5.400897451893637,5.898928668368576,10.94166682451206,4.094801760825211,24.03506510988439
1300000000,Waru,4,4,0,Tanpa perabotan,Tidak Ada,2,180,137,-7.350897,112.7384808,2.508679388733784,1.922518786422947,2.756028899301947,0.6890140912356743,3.410048316012851,2.601558912424345,0.1060569482398681,1.7298856512162373,1.2178065280715746,2.6941147957498957,5.183194247507433,1.198947377489931,
1250000000,Waru,12,4,0,"Garasi, Balkon, Ruang layanan, Tanpa perabotan, Deck, AC, Halaman, Air, Teras",Cctv,2,200,137,-7.35119823,112.7299941,2.8992970133132143,1.1509072307950807,2.0398215304379232,0.7446630340551235,2.6458161425054754,1.6403421640917633,0.8693805992407269,0.768668902883656,0.24236898059097953,1.7328980474173141,5.756491598142347,0.2235098300093361,
900000000,Sidoarjo,2,1,0,Sebagian perabotan,Tidak Ada,1,100,140,-7.4497718,112.7015495,1.418867546113402,1.3473282165336105,1.6196508465489468,1.1611435311078238,1.125437344093236,1.7112317906415684,0.8042066902093296,2.8773550012846476,2.9627882173951483,3.9766351559257362,13.48333016014807,2.288506762128217,0.5015150382374634
1100000000,Waru,3,2,0,"Garasi, Halaman, Air, Wifi, AC, Tangki air, Sebagian perabotan",Tidak Ada,2,115,140,-7.3432711,112.7683327,1.3773391833947835,1.996591986447833,2.1701114603409626,3.593820910175113,1.4414149160324587,6.581760473425328,0.3849449750522403,1.6279901425770593,5.102823169913415,5.914417177830931,5.79397830578939,5.083964019331772,5.1011870397206005
675000000,Candi,3,2,2,"Garasi, AC, Alarm, Gas alam, Air, Berperabot lengkap, Fully fenced, Internet, Halaman, Lemari pakaian bawaan, Ruang kantor, Listrik, Teras, Wifi","Keamanan, Area anak-anak, Taman atap, Keamanan 24 jam, Cctv, Taman, Akses bagi penyandang disabilitas",1,120,140,-7.4605473,112.6795169,2.6618472153861865,1.94552802174358,2.1018000502610503,4.883144672564672,1.1782454868559697,4.251484924811893,1.6039376546257367,1.9653831711828755,5.187142709143357,4.6331289022866375,16.923150891842337,5.339717130931907,16.375626656742995
950000000,Gedangan,4,2,2,"Halaman, Sebagian perabotan, Tangki air, Wifi",Tidak Ada,2,140,140,-7.3972251,112.7370133,1.202110051259526,0.5668475359278997,0.9038298026450104,4.917400642531801,2.26003773587645,4.555012307055868,1.012330964541565,1.5901335141663122,1.988177672589362,6.780317015848477,5.416480075177361,1.988177672589362,
800000000,Sidoarjo,3,1,0,"Garasi, Tanpa perabotan",Tidak Ada,1,170,140,-7.4490842,112.6824377,1.3473270594145361,0.6310078657719297,0.7861428303968265,3.7714772200257545,1.3473270594145361,2.808323734085446,2.63163461271029,2.629095271965148,4.913653215338915,5.528613567726669,15.608630735870682,4.813430535689973,17.98022327916714
380000000,Buduran,2,1,1,Tanpa perabotan,Tidak Ada,1,180,140,-7.4193666,112.7658623,3.9091362984048392,7.419714836003202,4.031839176534672,7.258130987259149,5.70873098148434,9.081723396288819,6.677534066317509,3.554817723887316,7.59910816737102,7.3596212152034255,7.3596212152034255,7.59910816737102,11.53567315133959
299000000,Krian,2,1,1,"Halaman, Tanpa perabotan",Keamanan 24 jam,1,60,141,-7.40468655,112.578062,7.28310985026987,0.9824928466483925,1.5228162619288172,15.012078962462148,1.777264053766656,16.29218501624906,15.402007562352857,0.8022601967260404,1.4780436943486295,1.2450626631392498,23.728826008069277,1.5769896888580899,29.0431947972357
580000000,Sukodono,2,1,1,"Kabel video, Tangki air, Wifi, Halaman, Tanpa perabotan",Tidak Ada,1,142,142,-7.3749156,112.6961131,2.7851448868383346,4.278504992456488,3.6885212726444925,3.990223123605646,2.2843888805936143,5.514566379984534,0.3816712059404812,1.4814044469293204,4.329592414102241,5.108927268332197,9.378393279833263,4.159684710503628,22.965679202806598
675000000,Gedangan,3,1,0,Tanpa perabotan,Tidak Ada,1,160,142,-7.3885133,112.7322946,0.2930570178332332,1.3085948145245216,0.5520177995546861,5.005422535411109,0.8848933354724824,3.2988314347579597,0.9969872133247867,0.8187913078941792,0.5320641333813662,5.621226095304045,4.300310278984402,1.1257633886221257,
1250000000,Sidoarjo,3,3,0,Tanpa perabotan,Tidak Ada,1,120,144,-7.4497718,112.7015495,1.418867546113402,1.3473282165336105,1.6196508465489468,1.1611435311078238,1.125437344093236,1.7112317906415684,0.8042066902093296,2.8773550012846476,2.9627882173951483,3.9766351559257362,13.48333016014807,2.288506762128217,0.5015150382374634
2400000000,Waru,5,3,2,Tanpa perabotan,Tidak Ada,2,125,144,-7.3517813,112.7846068,3.65569846610592,4.153966852324592,4.333047013762388,2.145324081631715,1.3379443850875703,8.962938974598273,1.4819554553074294,0.33382813873705136,7.489622163679425,5.530774530778097,4.345481477245988,7.470763013097782,1.145830679228416
3500000000,Waru,5,4,0,Tanpa perabotan,Tidak Ada,2,144,144,-7.352109,112.7844359,3.9010941198990747,4.399362506117747,4.578442667555543,2.39071973542487,1.5833400388807255,9.208334628391428,1.7273511091005846,0.5792237925302065,7.735017817472581,5.776170184571251,4.590877131039143,7.716158666890939,1.3912263330215713
700000000,Waru,3,2,0,Tanpa perabotan,Tidak Ada,1,144,144,-7.3646345,112.7344448,1.9006857890982363,1.1142842497638707,1.095515621532609,2.7583198956061827,1.7495350382435129,1.191386235264283,1.2442711654322163,0.13555304599774917,2.6996205747429483,3.513780895810368,4.231406991839756,3.287112332442082,
1190000000,Wonoayu,3,2,0,"Halaman terbuka, Tanpa perabotan, Air","Keamanan, Kolam renang, Rumah jaga, Cctv, Taman, Keamanan 24 jam",1,290,144,-7.4449197,112.6517872,3.6510706328672073,3.4436580639471104,2.3234531855440674,7.477564490534692,4.626638271819925,6.5144110045943835,5.073534744619355,3.601083956701032,2.4508279960803008,8.102725992280257,18.14655650920648,2.4508279960803008,19.45367274019932
398000000,Prambon,2,1,0,"Garasi, Halaman terbuka, Pendingin ruangan (AC), Tanpa perabotan","Keamanan, Taman bermain anak",1,240,145,-7.4734,112.559,4.949826157878753,7.903281944202283,7.6570349675912075,20.251398126047615,7.576843769297857,19.288244640107315,16.912531114769465,9.58824328891351,6.021374631616242,8.042328050604258,30.809163945363228,5.859262663718121,25.892435913984226
151000000,Sukodono,2,1,0,Tanpa perabotan,Tidak Ada,1,100,147,-7.394061,112.6738809,0.841154992744694,2.8766357093749213,3.90864948765988,5.892745571598778,0.28135023959614064,8.302342462761755,3.9226349198224835,1.3540240655938636,6.782730801011997,8.261277349832222,11.88669519974322,6.612823097413383,19.898868344567852
1150000000,Waru,3,2,2,"Garasi, Balkon, Kabel video, Ruang layanan, Gas alam, Ruang kantor, Listrik, Tanpa perabotan, Deck, Wifi, Internet, Dapur lengkap, Halaman, Alarm, Perapian, Air, Rubanah, Teras, Fully fenced","Keamanan, Area anak-anak, Panggang, Lapangan tenis, Cctv, Taman, Rumah jaga, Keamanan 24 jam",2,10,150,-7.3517813,112.7846068,3.65569846610592,4.153966852324592,4.333047013762388,2.145324081631715,1.3379443850875703,8.962938974598273,1.4819554553074294,0.33382813873705136,7.489622163679425,5.530774530778097,4.345481477245988,7.470763013097782,1.145830679228416
425000000,Krian,2,1,1,"Garasi, Dapur terpadu, Listrik, Fully fenced, AC, Air, Sebagian perabotan","Keamanan, Taman, Cctv",1,70,150,-7.4100257,112.5859965,6.709509482342797,1.5127684868257352,1.0437769384935254,14.438478594535079,1.1968615072643736,15.705737017241804,14.88684530198878,0.3039247248513444,0.08296671636279365,0.48681035599862144,23.15522564014221,0.24625813278772762,28.469594429308636
1090000000,Waru,3,2,2,"Balkon, Listrik, Teras, Air, Sebagian perabotan",Tidak Ada,2,80,150,-7.3503078,112.7674661,1.1043800195281273,1.2290062172207443,1.4454635210614053,3.972977345129623,0.373224262078175,5.970825656630798,4.2381937748698695,0.837264716423595,4.491888353118883,5.123691751677464,3.8935322545601827,4.47302920253724,5.266527027923425
750000000,Taman,2,1,0,"Air, Fully fenced, Tanpa perabotan","Keamanan, Rumah jaga",1,90,150,-7.3640361,112.7108056,1.273858693256038,1.8991233114410595,3.7604939801476647,4.704018461292316,1.410686799848665,2.9302677990947505,3.196770704258125,1.2388052302013226,4.401172006937434,2.890730086572777,7.248036306879626,4.0991785959812805,23.482927943355687
625000000,Gedangan,2,1,1,"Air, Tanpa perabotan, Listrik","Rumah jaga, Keamanan 24 jam",1,101,150,-7.3988445,112.7476856,0.8175776354986494,2.980778942096497,2.4510734395885123,5.703936977359841,3.0737314079044205,6.169088697912647,2.6529555579993715,1.5057384962598372,3.5354213095328646,4.963605421699968,3.906938572249232,3.5354213095328646,9.296450075180775
3200000000,Waru,14,9,9,Sebagian perabotan,Tidak Ada,2,101,150,-7.3645565,112.73553,2.05259134521871,1.1521206930791128,1.2474211776530832,2.6353292084885376,1.901440594363987,1.343291791384757,1.3961767215526903,0.28745860211822344,2.851526130863422,3.665686451930842,4.10841630472211,3.1641216453244363,
150000000,Sukodono,2,1,0,Tanpa perabotan,Tidak Ada,1,105,150,-7.394061,112.6738809,0.841154992744694,2.8766357093749213,3.90864948765988,5.892745571598778,0.28135023959614064,8.302342462761755,3.9226349198224835,1.3540240655938636,6.782730801011997,8.261277349832222,11.88669519974322,6.612823097413383,19.898868344567852
2300000000,Waru,5,3,0,Tanpa perabotan,Rumah jaga,1,110,150,-7.3503078,112.7674661,1.1043800195281273,1.2290062172207443,1.4454635210614053,3.972977345129623,0.373224262078175,5.970825656630798,4.2381937748698695,0.837264716423595,4.491888353118883,5.123691751677464,3.8935322545601827,4.47302920253724,5.266527027923425
1500000000,Sidoarjo,3,2,0,"Garasi, Air, Tangki air, Listrik",Tidak Ada,1,130,150,-7.4540491,112.7066448,1.3292657922657505,1.1993384434907732,1.227777695338982,0.8169183770343772,1.1172655419028477,1.3717029896692536,1.0006573493931836,2.333336452362566,2.1858365624733036,3.3947688651676606,13.339775146516528,0.9595269324947259,1.6324991518544347
700000000,Waru,3,2,0,"Garasi, Kabel video, Ruang layanan, Air, Fully fenced, Internet, Halaman, Gas alam, Tanpa perabotan",Tidak Ada,1,130,150,-7.3648872,112.7702531,2.154014974673377,2.5011484669775728,2.419929743622099,5.048522741810199,2.111954171631251,5.491002839745846,1.4281850915870702,1.6988384561597907,6.057158240261229,3.971785436818187,3.971785436818187,6.057158240261229,5.781722698656666
351000000,Taman,2,1,0,Tanpa perabotan,Tidak Ada,1,130,150,-7.3589157,112.6810879,3.9588870313689504,1.8922879611273187,1.7269925455652768,1.860381440561247,1.6307702969247724,5.065770284948138,3.45646025588053,1.2344084776832336,2.750366669974466,4.228913218794694,10.552135424363875,2.580458966375853,
307000000,Buduran,2,1,0,Tanpa perabotan,Tidak Ada,1,130,150,-7.425129,112.7230909,1.9103003698000902,1.3979537096236054,1.1061051005356428,1.0526762945523878,2.292918065434631,2.740648466165926,2.107458689324181,1.941617938784703,5.114345547745976,5.4945153920255425,8.711963206887251,4.531137011819095,22.156650809373637
3200000000,Sidoarjo,4,2,0,"Garasi, Kabel video, Air, Tanpa perabotan, Deck, Wifi, Internet, Halaman, Listrik, Teras, Fully fenced","Keamanan, Gym, Rumah jaga, Cctv, Taman, Keamanan 24 jam",2,150,150,-7.4616193,112.7286245,1.4160672823266245,1.386031476019578,1.7013769757701949,2.2161333052534804,1.2016116995250057,2.6459602509835025,1.0930149850722,0.7777078821414048,2.371229668775655,2.548036479154886,13.451554378125236,2.4440716889848315,4.474940832851596
890000000,Gedangan,3,1,0,"Halaman, Listrik, Teras, Air, Tanpa perabotan","Keamanan, Rumah jaga, Taman, Keamanan 24 jam",1,150,150,-7.3970813,112.7469881,1.393572052425113,2.765523231985865,2.2358177294778807,5.890542444020207,3.233179537364854,6.086932900798825,2.812403687459805,2.081732913186301,3.3201655994222325,5.395557867286845,4.338891017836107,3.3201655994222325,9.72840252076765
1850000000,Sidoarjo,7,6,0,"Halaman, Listrik, Teras, Air, Tanpa perabotan, Fully fenced","Keamanan, Taman, Keamanan 24 jam, Area anak-anak, Rumah jaga",2,150,150,-7.4540491,112.7066448,1.3292657922657505,1.1993384434907732,1.227777695338982,0.8169183770343772,1.1172655419028477,1.3717029896692536,1.0006573493931836,2.333336452362566,2.1858365624733036,3.3947688651676606,13.339775146516528,0.9595269324947259,1.6324991518544347
1900000000,Waru,4,2,0,Fully fenced,"Rumah jaga, Keamanan 24 jam",1,150,150,-7.3503078,112.7674661,1.1043800195281273,1.2290062172207443,1.4454635210614053,3.972977345129623,0.373224262078175,5.970825656630798,4.2381937748698695,0.837264716423595,4.491888353118883,5.123691751677464,3.8935322545601827,4.47302920253724,5.266527027923425
2800000000,Sidoarjo,5,4,0,"Internet, Listrik, Air",Tidak Ada,2,150,150,-7.4497718,112.7015495,1.418867546113402,1.3473282165336105,1.6196508465489468,1.1611435311078238,1.125437344093236,1.7112317906415684,0.8042066902093296,2.8773550012846476,2.9627882173951483,3.9766351559257362,13.48333016014807,2.288506762128217,0.5015150382374634
1600000000,Waru,3,1,0,"Listrik, Berperabot lengkap",Tidak Ada,2,150,150,-7.35844046,112.8068544,3.8263811852750895,7.4208776475367975,7.63733495137746,2.125542019708197,4.555646841923921,12.186261924027677,6.309474447010582,4.5184690081526835,10.707324620515775,6.662953987952569,0.40718500526952445,10.707324620515775,4.5521422450179
950000000,Gedangan,4,2,0,Tanpa perabotan,Tidak Ada,2,150,150,-7.391717,112.7306136,0.8115989833403509,1.2296907751802062,1.3762109137637843,4.585753044521643,1.4034353009796,3.817373400265077,0.5705500717107087,1.3373332734012966,1.0506060988884838,6.1397680608111616,4.81885224449152,1.0506060988884838,
725000000,Waru,2,1,0,Tanpa perabotan,Tidak Ada,1,160,150,-7.3583987,112.7507005,1.1694011435513254,2.2222057021224044,1.4967525238193966,2.897836592063027,1.2147268448266846,3.571355366570669,1.7288744653335029,3.217241372440363,3.4266290288989256,4.902937296577245,4.105534710430243,3.4266290288989256,2.7023257354854744
2300000000,Gedangan,5,2,0,Tanpa perabotan,Tidak Ada,2,160,150,-7.3885133,112.7322946,0.2930570178332332,1.3085948145245216,0.5520177995546861,5.005422535411109,0.8848933354724824,3.2988314347579597,0.9969872133247867,0.8187913078941792,0.5320641333813662,5.621226095304045,4.300310278984402,1.1257633886221257,
450000000,Sidoarjo,3,1,1,Tanpa perabotan,Tidak Ada,1,180,150,-7.4514112,112.6871692,1.270364248216997,0.9698529298016291,0.7848403798966858,3.3533179411005833,1.4340395183999552,2.390164455160275,1.8676852642238388,1.865145923478696,4.155329173355922,4.770289525743679,15.669470752046706,4.0551064937069805,17.371603596937167
625000000,Sidoarjo,3,1,1,Tanpa perabotan,Tidak Ada,1,180,150,-7.43944098,112.7203525,0.7243817718502762,1.4913042303768955,0.9178654608639514,1.6981680909118837,0.9270780996222756,1.4357749508628004,0.15898668883334088,0.0730310506988918,3.1658735472551363,3.5460433915347056,10.409948816454284,2.582665011328257,3.5632501576879836
350000000,Sukodono,2,1,1,Tanpa perabotan,Tidak Ada,1,180,150,-7.3914287,112.6988252,0.5443829137967507,2.3367794256031975,5.736192913815068,6.735769304801149,2.7323869304975092,6.1017918275926,2.181219469958154,1.8503573589994893,5.118060089212458,6.280646136397002,9.747784742302331,5.118060089212458,20.4078121630898
2500000000,Waru,4,3,0,Tanpa perabotan,Tidak Ada,2,180,150,-7.3590139,112.7420717,2.3182447489552307,2.004913232661244,2.4637798536037523,2.89291295297229,3.146202355303225,2.5880535523239945,2.309955809976483,1.568941506321636,3.421705389808189,4.8980136574865085,3.9372322640702326,3.421705389808189,
1620000000,Waru,4,3,0,"Garasi, Halaman, Tangki air, Listrik, Teras, Wifi, AC, Ruang layanan, Air, Tanpa perabotan, Deck","Keamanan, Keamanan 24 jam, Cctv",1,200,150,-7.3590139,112.7420717,2.3182447489552307,2.004913232661244,2.4637798536037523,2.89291295297229,3.146202355303225,2.5880535523239945,2.309955809976483,1.568941506321636,3.421705389808189,4.8980136574865085,3.9372322640702326,3.421705389808189,
700000000,Taman,2,1,1,Tanpa perabotan,Tidak Ada,1,200,150,-7.3735609,112.7058994,2.0639306720124257,2.9438578577443484,4.532569866835465,5.6003631614829334,0.800266632694268,3.7993148962664534,2.1999548855292113,0.8349749777910108,4.377471220005529,4.082475388120654,7.6631417961151795,4.248077226937678,22.221103692528672
335000000,Candi,2,1,0,Tanpa perabotan,Tidak Ada,1,200,150,-7.49444,112.72108,2.2612891513687274,4.722705087355768,4.97602845739401,2.308438870695771,4.059697896449402,6.13466313142494,4.7036216807600395,2.338776547859705,2.771221008241551,4.261584578982335,17.06310278733244,2.6847083870393145,14.748531870431703
200000000,Prambon,2,1,0,"Garasi, Tanpa perabotan",Tidak Ada,1,250,150,-7.4734,112.559,4.949826157878753,7.903281944202283,7.6570349675912075,20.251398126047615,7.576843769297857,19.288244640107315,16.912531114769465,9.58824328891351,6.021374631616242,8.042328050604258,30.809163945363228,5.859262663718121,25.892435913984226
652020000,Prambon,2,1,0,Tanpa perabotan,Tidak Ada,1,250,150,-7.4357388,112.575371,8.702737105649808,3.3086525444399464,2.9891762266795276,17.86539540591358,2.90649080775519,16.90224191997328,15.28088035260769,3.5425797704976056,3.976143158489336,3.387036392062026,26.4033667419456,3.637995703995693,31.71773553111202
370000000,Prambon,2,1,0,"Garasi, Tanpa perabotan, Halaman terbuka",Keamanan,1,252,150,-7.4734,112.559,4.949826157878753,7.903281944202283,7.6570349675912075,20.251398126047615,7.576843769297857,19.288244640107315,16.912531114769465,9.58824328891351,6.021374631616242,8.042328050604258,30.809163945363228,5.859262663718121,25.892435913984226
335000000,Prambon,2,1,0,Tanpa perabotan,Tidak Ada,1,252,150,-7.4734,112.559,4.949826157878753,7.903281944202283,7.6570349675912075,20.251398126047615,7.576843769297857,19.288244640107315,16.912531114769465,9.58824328891351,6.021374631616242,8.042328050604258,30.809163945363228,5.859262663718121,25.892435913984226
373000000,Wonoayu,2,1,0,Tanpa perabotan,Tidak Ada,1,285,150,-7.446138,112.6514882,3.7854739776183073,3.5780614086982103,2.194564527519025,7.529161139900217,4.6782349211854495,6.566007653959908,4.944646086594313,3.4666806119499323,2.316424651329201,7.973837334255214,18.280959853957583,2.316424651329201,19.319269395448217
28000000000,Waru,9,4,2,"Halaman, Air, Ruang kantor","Keamanan, Rumah jaga",2,100,153,-7.3520524,112.7290348,2.973832435815902,1.2254426532977685,2.1143569529406108,1.8534905829889923,2.720351565008163,1.7148775865944508,1.6918164056120295,0.8432043253863436,1.787064017874293,1.8074334699200016,5.831027020645034,0.29804525251202385,
495000000,Gedangan,2,1,1,Tanpa perabotan,Tidak Ada,1,153,153,-7.4021421,112.7190062,1.2693894092822844,2.8448823046006937,2.2351235351194374,3.6581976015668536,1.3845078786403013,4.972144035580664,1.9952115423096282,1.5506132325691229,2.4067154776119595,7.584147342086977,7.036440130701829,2.4067154776119595,20.481127733188217
440000000,Taman,2,1,0,Tanpa perabotan,Tidak Ada,1,120,154,-7.3589157,112.6810879,3.9588870313689504,1.8922879611273187,1.7269925455652768,1.860381440561247,1.6307702969247724,5.065770284948138,3.45646025588053,1.2344084776832336,2.750366669974466,4.228913218794694,10.552135424363875,2.580458966375853,
166000000,Taman,2,1,0,Tanpa perabotan,Tidak Ada,1,120,154,-7.3589157,112.6810879,3.9588870313689504,1.8922879611273187,1.7269925455652768,1.860381440561247,1.6307702969247724,5.065770284948138,3.45646025588053,1.2344084776832336,2.750366669974466,4.228913218794694,10.552135424363875,2.580458966375853,
1250000000,Gedangan,3,2,0,Tanpa perabotan,Tidak Ada,1,154,154,-7.3979436,112.74536,1.0752065690320323,2.4471577485927836,1.9174522460847998,5.572176960627123,2.914814053971773,5.768567417405743,2.494038204066724,1.7633674297932203,3.001800116029152,5.077192383893764,4.020525534443028,3.001800116029152,9.410037037374568
550000000,Taman,2,1,1,"Garasi, Tangki air, Listrik, Halaman, Air, Tanpa perabotan",Keamanan 24 jam,1,135,155,-7.3682573,112.7077638,0.5824842555317944,1.7900846992903023,3.5155132482973235,4.187892237212175,0.6988228295769334,2.782258277728313,2.4744183964715685,0.6641144844801905,3.8850457828572957,2.811413221486452,6.646085177577038,3.9583427684734316,22.771063973083955
550000000,Sedati,2,1,0,"Garasi, Tanpa perabotan, Air",Tidak Ada,1,110,156,-7.38084109,112.7554345,0.7213735371084087,3.797469730871225,3.891007228767057,5.73242514243067,2.167712660990765,4.207096582624139,2.8391918611291365,0.9257960275994696,3.6712009092996523,2.4977872333209383,0.42170545839595064,3.7954558882607428,5.55246071650005
1500000000,Waru,2,1,1,Tanpa perabotan,Tidak Ada,1,110,156,-7.35291669,112.7919645,4.537648421302592,4.358855253007313,4.5379354144451085,3.027274036828386,2.2198943402842404,9.167827375280995,2.3639054105041,0.5809738097716326,7.81138376697042,5.735662931460817,5.2274314324426605,7.792524616388777,2.451658242576939
700000000,Gedangan,3,1,1,"Garasi, Listrik, Air, Sebagian perabotan",Taman,1,151,156,-7.3885636,112.732315,0.2930570178332332,1.3085948145245216,0.5520177995546861,5.005422535411109,0.8848933354724824,3.2988314347579597,0.9969872133247867,0.8187913078941792,0.5320641333813662,5.621226095304045,4.300310278984402,1.1257633886221257,
750000000,Sidoarjo,3,2,0,"Garasi, Ruang layanan, Halaman, Tanpa perabotan",Tidak Ada,2,157,157,-7.45659327,112.7100083,2.244739222056957,0.957493793555555,1.5276191894909315,1.4016980416706024,1.4686083742997351,1.0598645312857022,1.3938044138839538,2.9200169628529817,2.485678056625254,3.5436269008186336,13.09793049658131,0.7941408659005228,2.0037373802674328
700000000,Buduran,2,0,1,"Tanpa perabotan, Teras",Tidak Ada,2,165,157,-7.4113531,112.7552953,2.2298501445306083,5.7249097247588105,2.944717187902879,5.263698766757776,4.621608992852546,7.755578120819013,4.982728955073118,1.860012612642923,5.904303056126628,6.2724992265716315,5.502823866298845,5.904303056126628,23.978715311702878
451000000,Buduran,2,1,1,"Garasi, Halaman, Listrik, Wifi, Internet, Air, Tanpa perabotan","Keamanan, Area anak-anak, Keamanan 24 jam, Cctv, Taman",1,80,158,-7.425129,112.7230909,1.9103003698000902,1.3979537096236054,1.1061051005356428,1.0526762945523878,2.292918065434631,2.740648466165926,2.107458689324181,1.941617938784703,5.114345547745976,5.4945153920255425,8.711963206887251,4.531137011819095,22.156650809373637
350000000,Candi,2,1,1,"Garasi, Halaman, Listrik, Internet, Air, Tanpa perabotan","Keamanan, Taman, Area anak-anak, Keamanan 24 jam",1,80,158,-7.4777576,112.7313755,0.49659749169455764,2.081597008912196,2.334920378950437,3.4301923163486436,1.4185898180058294,5.05420023793547,2.062513602316465,0.2437093288238164,4.451444884194937,3.3577845378567037,14.421994708888871,4.524286904404113,13.969636681785857
2490000000,Tarik,2,1,0,"Garasi, Tanpa perabotan",Tidak Ada,1,250,158,-7.45654,112.56425,6.677247489177141,6.137524805038473,5.891277828427398,18.838288905826186,5.811086630134047,17.875135419885886,16.16747255901587,7.082068530559329,3.5151998732620626,6.276570911440448,29.232239002544116,3.353087905363942,25.832414173028628
637000000,Sukodono,2,1,1,"Garasi, Air",Taman,1,65,159,-7.3914287,112.6988252,0.5443829137967507,2.3367794256031975,5.736192913815068,6.735769304801149,2.7323869304975092,6.1017918275926,2.181219469958154,1.8503573589994893,5.118060089212458,6.280646136397002,9.747784742302331,5.118060089212458,20.4078121630898
215000000,Sidoarjo,2,1,1,"Halaman, Tanpa perabotan","Taman, Rumah jaga",1,65,159,-7.412324,112.5378369,14.107773876552127,4.521358591772457,5.73924983349377,19.679890962921075,5.993697625331609,20.980962778580064,19.675099372211758,0.17646865657484465,4.247567860248099,5.531233316358311,28.396638008528203,4.535996651429462,33.71100679769462
911000000,Waru,3,2,0,Sebagian perabotan,Keamanan 24 jam,2,115,160,-7.3652174,112.7343734,1.872193190968828,1.0857916516344621,1.0670230234032005,2.7665589331243776,1.7210424401141045,1.1628936371348748,1.215778567302808,0.10706044786834078,2.6711279766135396,3.485288297680959,4.149243803816425,3.2953513699602768,
1900000000,Waru,4,4,0,Tanpa perabotan,Tidak Ada,2,115,160,-7.3517813,112.7846068,3.65569846610592,4.153966852324592,4.333047013762388,2.145324081631715,1.3379443850875703,8.962938974598273,1.4819554553074294,0.33382813873705136,7.489622163679425,5.530774530778097,4.345481477245988,7.470763013097782,1.145830679228416
790000000,Waru,2,1,0,"Garasi, AC, Dapur lengkap, Dapur terpadu, Pemandangan panorama, Lemari pakaian bawaan, Perapian, Listrik, Tanpa perabotan, Internet, Balkon, Pemanasan, Jacuzzi, Alarm, Gas alam, Ruang kantor, Rubanah",Tidak Ada,1,160,160,-7.3489336,112.8057088,5.741537307659275,6.30952688443337,6.525984188274033,1.0141912566047677,3.4442960788204906,11.074911160924254,5.198123683907154,3.407118245049253,9.595973857412346,7.774828764346435,1.1896971881670044,9.5771147068307,3.44079148191447
799000000,Waru,2,1,0,Tanpa perabotan,Tidak Ada,1,160,160,-7.3646948,112.7351961,2.05259134521871,1.1521206930791128,1.2474211776530832,2.6353292084885376,1.901440594363987,1.343291791384757,1.3961767215526903,0.28745860211822344,2.851526130863422,3.665686451930842,4.10841630472211,3.1641216453244363,
750000000,Gedangan,2,2,0,Tanpa perabotan,Tidak Ada,2,160,160,-7.3885133,112.7322946,0.2930570178332332,1.3085948145245216,0.5520177995546861,5.005422535411109,0.8848933354724824,3.2988314347579597,0.9969872133247867,0.8187913078941792,0.5320641333813662,5.621226095304045,4.300310278984402,1.1257633886221257,
600200000,Candi,2,1,0,"Garasi, Listrik, Air, Teras","Keamanan, Rumah jaga, Taman, Keamanan 24 jam",1,36,161,-7.4673674,112.7023641,1.7425592989850236,2.27640515664852,1.2997852956469353,2.3429848666780484,1.9202836284896596,2.9882088247422347,2.2244938499808904,1.4083635128359724,2.337679630892802,1.5719485552880643,14.864761307288925,2.9256006049126455,2.6619603936104443
2250000000,Waru,3,2,0,Tanpa perabotan,Tidak Ada,1,119,162,-7.3517813,112.7846068,3.65569846610592,4.153966852324592,4.333047013762388,2.145324081631715,1.3379443850875703,8.962938974598273,1.4819554553074294,0.33382813873705136,7.489622163679425,5.530774530778097,4.345481477245988,7.470763013097782,1.145830679228416
540000000,Taman,3,1,1,"Internet, Air, Tanpa perabotan, Deck, Tangki air, Listrik, Teras","Keamanan, Taman, Area anak-anak, Keamanan 24 jam",1,140,162,-7.3660474,112.7055873,0.5728981253979298,2.0662582310160844,3.029864404857711,3.973388886002359,1.3287970113618957,3.097402718669775,2.2599150452617525,1.2940886662651525,3.6705424316474797,3.0578650061478014,7.166146518392857,3.7438394172636156,23.21662942897799
750000000,Candi,13,3,0,Tanpa perabotan,Tidak Ada,2,162,162,-7.4673674,112.7023641,1.7425592989850236,2.27640515664852,1.2997852956469353,2.3429848666780484,1.9202836284896596,2.9882088247422347,2.2244938499808904,1.4083635128359724,2.337679630892802,1.5719485552880643,14.864761307288925,2.9256006049126455,2.6619603936104443
600000000,Sedati,2,0,1,Tanpa perabotan,Tidak Ada,1,162,162,-7.36682009,112.786307,3.415882371127741,3.675993874679644,3.756965872661019,5.067133099701085,2.883583248467633,7.67068609768078,3.4046732121889254,2.474458235967334,7.510868877477553,2.675625424970669,2.555909223930055,7.510868877477553,4.5900410298384
375100000,Krian,2,2,1,"Garasi, AC, Dapur lengkap, Pemandangan panorama, Halaman, Tangki air, Lemari pakaian bawaan, Ruang kantor, Listrik, Tanpa perabotan, Deck, Wifi, Internet, Balkon, Dapur terpadu, Kabel video, Ruang layanan, Alarm, Gas alam, Air, Rubanah, Teras, Fully fenced","Keamanan, Gym, Taman, Panggang, Akses bagi penyandang disabilitas, Keamanan 24 jam, Cctv, Area anak-anak, Pramutamu, Rumah jaga, Lapangan tenis",72,36,163,-7.3970707,112.601646,4.333152265592348,3.7300306799605716,3.6014387151419998,12.062121377784631,3.7545232839128486,14.10620332171843,12.380515392861145,1.743892992537021,2.9332404597671693,2.9811944234678687,20.778868423391764,4.252953456664049,26.093237212558194
405000000,Sukodono,3,1,1,"Air, Fully fenced, Tanpa perabotan","Area anak-anak, Keamanan 24 jam, Taman",1,59,163,-7.394061,112.6738809,0.841154992744694,2.8766357093749213,3.90864948765988,5.892745571598778,0.28135023959614064,8.302342462761755,3.9226349198224835,1.3540240655938636,6.782730801011997,8.261277349832222,11.88669519974322,6.612823097413383,19.898868344567852
250000000,Buduran,2,0,1,Tanpa perabotan,Tidak Ada,1,163,163,-7.425129,112.7230909,1.9103003698000902,1.3979537096236054,1.1061051005356428,1.0526762945523878,2.292918065434631,2.740648466165926,2.107458689324181,1.941617938784703,5.114345547745976,5.4945153920255425,8.711963206887251,4.531137011819095,22.156650809373637
1100000000,Sukodono,3,1,0,Tanpa perabotan,Tidak Ada,1,200,163,-7.3672397,112.7041353,0.4862648906512942,1.9796249962694485,2.8824928537640417,3.826017334908691,1.24216377661526,3.2156863837974967,2.112543494168084,1.207455431518517,3.5231708805538107,2.9712317714011656,7.079513283646221,3.5964678661699465,22.88311720859777
1400000000,Waru,3,3,0,Tanpa perabotan,Tidak Ada,1,160,165,-7.3503078,112.7674661,1.1043800195281273,1.2290062172207443,1.4454635210614053,3.972977345129623,0.373224262078175,5.970825656630798,4.2381937748698695,0.837264716423595,4.491888353118883,5.123691751677464,3.8935322545601827,4.47302920253724,5.266527027923425
5,Taman,2,1,1,Tanpa perabotan,Tidak Ada,1,160,165,-7.3634737,112.7084992,0.9835710505375821,1.7793784724487716,3.4688157478829362,4.412340229027586,1.2909419608563777,2.810522960102463,2.6988663882869783,1.3663858442829828,4.109493774672705,2.7709852475804895,7.1282914678873395,3.807500363716552,23.3631831043634
650000000,Taman,2,1,1,Tanpa perabotan,"Keamanan, Gym, Akses bagi penyandang disabilitas, Cctv, Kolam renang",1,165,165,-7.3737954,112.6407094,2.851332513130788,6.040946393824381,6.789482248419703,6.853462348785754,6.023659918935082,10.083844254977127,8.474534225909519,1.0860332660850487,3.0525645981347322,7.946052310354262,15.570209394392874,3.0525645981347322,
495000000,Buduran,3,1,1,Tanpa perabotan,Tidak Ada,1,165,165,-7.4201901,112.7575969,3.0947338263523445,4.855396230322258,3.326046112972546,5.43475436552383,5.219871124463445,7.926633719585068,5.863131594265015,2.740415251834821,6.784705695318527,6.653828151641299,5.884152791368512,6.784705695318527,10.380583474635838
550000000,Taman,3,1,1,Tanpa perabotan,Tidak Ada,1,200,165,-7.3782579,112.7083503,1.8488654567260856,2.6006391942691782,4.279994265998649,5.454273438406469,0.2730375260143874,3.346093106659317,2.0623899021190124,0.3068006504707178,3.577739425239849,3.7593158921673506,7.2099200065080415,3.448345432172,21.740251567633248
10000000000,Gedangan,0,0,0,Tanpa perabotan,Tidak Ada,1,166,166,-7.3896762,112.7279598,0.15876730662380215,1.7772577553113862,1.211822739958879,4.456698371394396,0.27487645045464526,2.688814549740123,0.9275869930203207,0.20877442287634204,0.08462472979404548,5.011209210286206,4.714349382883914,0.08462472979404548,
622700000,Krembung,2,1,0,"Halaman terbuka, Tanpa perabotan, Listrik","Taman bermain anak, Rumah jaga, Taman, Keamanan 24 jam",1,225,168,-7.5087545,112.6226665,4.047952020812177,10.390887302083632,11.026313884483448,10.243300529016283,8.071318606008576,14.294882158460563,9.489830731736859,9.12792718793622,7.255431005340285,14.434849740567536,26.84448635977937,7.255431005340285,21.431411430207987
1470000000,Waru,3,3,3,"Garasi, Listrik, Deck, Wifi, Air, Sebagian perabotan, Fully fenced","Taman, Keamanan 24 jam, Rumah jaga",2,102,170,-7.3423873,112.7160201,3.904566330095543,3.0264218585575264,3.1748246125175785,5.461398661772026,3.681349584989856,2.62780336023036,5.1409767586113695,2.4530142055633792,3.575371796576921,2.3054819587848754,8.58503946588113,3.9059533312950565,
1290000000,Waru,3,2,0,Sebagian perabotan,Keamanan 24 jam,2,126,170,-7.3399267,112.7562893,2.597476493043447,2.509802729772295,2.680404846698809,4.61074619100732,2.5521507917680872,6.533520774430655,1.9777849071346605,0.6872176685980418,5.149768390077884,6.626076657756205,6.35768863135578,5.130909239496241,4.3100229461736
500000000,Sedati,2,1,0,"Garasi, AC, Dapur lengkap, Dapur terpadu, Pemandangan panorama, Halaman, Tangki air, Lemari pakaian bawaan, Perapian, Air, Rubanah, Teras, Internet, Balkon, Pemanasan, Jacuzzi, Kabel video, Ruang layanan, Alarm, Gas alam, Ruang kantor, Listrik, Tanpa perabotan","Keamanan, Gym, Angkat, Pustaka, Pramutamu, Panggang, Akses bagi penyandang disabilitas, Cctv, Area anak-anak, Sauna, Taman, Taman atap, Rumah jaga, Lapangan tenis",1,150,170,-7.3788716,112.787289,4.039927467441097,4.925339051595163,5.508298874003851,7.181682536940493,3.8716177428717984,7.405171542534237,4.020799056196991,0.9695800161979928,7.821546381327012,1.8416401416545642,0.0,7.945801360288098,5.839386206753922
2200000000,Waru,0,2,0,Garasi,Tidak Ada,2,165,172,-7.3503078,112.7674661,1.1043800195281273,1.2290062172207443,1.4454635210614053,3.972977345129623,0.373224262078175,5.970825656630798,4.2381937748698695,0.837264716423595,4.491888353118883,5.123691751677464,3.8935322545601827,4.47302920253724,5.266527027923425
1500000000,Taman,5,4,4,"AC, Gas alam, Tanpa perabotan, Dapur terpadu, Listrik",Tidak Ada,2,150,173,-7.3756527,112.7107372,1.6565811780362003,2.044553967519231,3.523262850478379,5.261989159716584,0.6704612211958176,2.7900078799093686,2.5801963411527886,0.6357528760990747,3.5466788668934424,3.203230665417403,6.653834779758093,3.3988323392832163,22.212580693669924
625000000,Sidoarjo,2,1,0,"Air, Listrik",Tidak Ada,1,90,174,-7.4540491,112.7066448,1.3292657922657505,1.1993384434907732,1.227777695338982,0.8169183770343772,1.1172655419028477,1.3717029896692536,1.0006573493931836,2.333336452362566,2.1858365624733036,3.3947688651676606,13.339775146516528,0.9595269324947259,1.6324991518544347
2100000000,Waru,3,2,0,"Garasi, Listrik, Air, Tanpa perabotan",Keamanan,2,174,174,-7.3575902,112.7896966,4.719787017703846,4.011218488058084,4.190298649495879,3.2094126332296407,2.4020329366854956,8.820190610331766,2.546044006905355,0.7631124061728873,7.46374700202119,5.3880261665115885,5.409570028843915,7.46374700202119,2.633796838978194
970000000,Waru,3,2,0,AC,Tidak Ada,2,150,175,-7.3517813,112.7846068,3.65569846610592,4.153966852324592,4.333047013762388,2.145324081631715,1.3379443850875703,8.962938974598273,1.4819554553074294,0.33382813873705136,7.489622163679425,5.530774530778097,4.345481477245988,7.470763013097782,1.145830679228416
2000000000,Waru,3,2,0,Tanpa perabotan,Tidak Ada,2,150,175,-7.3517813,112.7846068,3.65569846610592,4.153966852324592,4.333047013762388,2.145324081631715,1.3379443850875703,8.962938974598273,1.4819554553074294,0.33382813873705136,7.489622163679425,5.530774530778097,4.345481477245988,7.470763013097782,1.145830679228416
900000000,Wonoayu,3,2,0,Tanpa perabotan,Tidak Ada,1,285,175,-7.446138,112.6514882,3.7854739776183073,3.5780614086982103,2.194564527519025,7.529161139900217,4.6782349211854495,6.566007653959908,4.944646086594313,3.4666806119499323,2.316424651329201,7.973837334255214,18.280959853957583,2.316424651329201,19.319269395448217
199000000,Tulangan,2,1,0,"Garasi, Sebagian perabotan",Tidak Ada,1,195,178,-7.4726134,112.6675398,3.7884851569477536,4.410160491784239,3.569610886587065,7.488079049718875,3.9674912405238794,6.838179160564179,3.8869302660734184,1.671224190039835,3.4142532438342563,6.978146742671149,19.387783361882995,3.441593893191538,14.731384268983101
600000000,Krembung,2,1,0,"Garasi, Tanpa perabotan, Jaringan internet",Taman,1,210,178,-7.5268,112.6637,7.897964304890424,5.746944313646923,11.595983823228744,5.080471131588505,2.9084892085807916,13.86411005897739,4.327001334309074,3.2497048287726704,5.271918746566726,11.809318618554444,25.558949653543745,5.224403820950287,21.663263641896513
700000000,Sidoarjo,2,1,0,"Halaman, Tanpa perabotan, Air",Keamanan 24 jam,2,140,179,-7.4514112,112.6871692,1.270364248216997,0.9698529298016291,0.7848403798966858,3.3533179411005833,1.4340395183999552,2.390164455160275,1.8676852642238388,1.865145923478696,4.155329173355922,4.770289525743679,15.669470752046706,4.0551064937069805,17.371603596937167
500000000,Buduran,3,2,2,"Air, Tanpa perabotan, Listrik","Rumah jaga, Keamanan 24 jam",1,100,180,-7.436595,112.694927,2.3052826352181146,1.0910807981993018,3.925477366037864,3.5038469898966853,4.093047567275763,2.540693503956377,3.146910148998192,25.70403532324605,5.674077190063765,6.67435079040842,15.58889553321888,4.631210220917077,27.31766660554964
1350000000,Buduran,2,1,1,"Garasi, Halaman, Tangki air, Listrik, Teras, AC, Ruang layanan, Air, Tanpa perabotan","Keamanan, Keamanan 24 jam, Rumah jaga",1,120,180,-7.436595,112.694927,2.3052826352181146,1.0910807981993018,3.925477366037864,3.5038469898966853,4.093047567275763,2.540693503956377,3.146910148998192,25.70403532324605,5.674077190063765,6.67435079040842,15.58889553321888,4.631210220917077,27.31766660554964
150000000,Sukodono,2,1,0,Tanpa perabotan,Tidak Ada,1,120,180,-7.394061,112.6738809,0.841154992744694,2.8766357093749213,3.90864948765988,5.892745571598778,0.28135023959614064,8.302342462761755,3.9226349198224835,1.3540240655938636,6.782730801011997,8.261277349832222,11.88669519974322,6.612823097413383,19.898868344567852
750000000,Waru,2,1,1,Tanpa perabotan,Tidak Ada,1,120,180,-7.345331,112.7739507,1.9562604579417557,2.3911265012811653,2.6075838051218265,3.1995902057083154,0.44224792087424597,7.156510777772054,0.35324412064275906,0.97535345354513,5.677573474260141,5.580947196180988,5.3997476013225905,5.658714323678498,3.93279016255478
1700000000,Waru,4,2,0,Tanpa perabotan,Keamanan 24 jam,1,150,180,-7.3503078,112.7674661,1.1043800195281273,1.2290062172207443,1.4454635210614053,3.972977345129623,0.373224262078175,5.970825656630798,4.2381937748698695,0.837264716423595,4.491888353118883,5.123691751677464,3.8935322545601827,4.47302920253724,5.266527027923425
1750000000,Waru,3,2,0,Tanpa perabotan,Tidak Ada,2,160,180,-7.3452733,112.7792324,2.3604064776336715,3.07064507961743,3.2871023834580915,2.2432313330857068,0.06625515212066681,7.785805086871432,0.18666346683518045,1.3752842668936605,6.306867783359519,5.714115607893381,4.443388728699981,6.288008632777876,2.9764312899321723
2000000000,Waru,4,2,1,Tanpa perabotan,Taman,2,180,180,-7.3503078,112.7674661,1.1043800195281273,1.2290062172207443,1.4454635210614053,3.972977345129623,0.373224262078175,5.970825656630798,4.2381937748698695,0.837264716423595,4.491888353118883,5.123691751677464,3.8935322545601827,4.47302920253724,5.266527027923425
380000000,Krian,2,1,1,Tanpa perabotan,Tidak Ada,1,180,180,-7.40299,112.5873906,5.68090260756706,1.9083638113319348,1.678408623446373,13.409871719759343,1.9328564152842116,14.677130142466066,13.78695268856986,0.7341682060815213,1.1115735911385332,1.1595275548392323,22.126618765366466,1.0661518686873248,27.440987554532907
790000000,Buduran,3,2,2,Tanpa perabotan,Tidak Ada,2,180,180,-7.436595,112.694927,2.3052826352181146,1.0910807981993018,3.925477366037864,3.5038469898966853,4.093047567275763,2.540693503956377,3.146910148998192,25.70403532324605,5.674077190063765,6.67435079040842,15.58889553321888,4.631210220917077,27.31766660554964
1500000000,Waru,4,2,2,Tanpa perabotan,Tidak Ada,1,180,180,-7.3432711,112.7683327,1.3773391833947835,1.996591986447833,2.1701114603409626,3.593820910175113,1.4414149160324587,6.581760473425328,0.3849449750522403,1.6279901425770593,5.102823169913415,5.914417177830931,5.79397830578939,5.083964019331772,5.1011870397206005
500000000,Sukodono,2,1,0,Tanpa perabotan,Tidak Ada,1,180,180,-7.3944661,112.6920199,1.2145189763684139,2.691816861335063,4.365612693058861,7.582420237680822,2.5027295675633026,7.018745403425757,2.5362569056900197,2.205394794731355,5.4730975249443246,7.197599712230156,10.102822178034199,5.4730975249443246,19.773941858484992
1600000000,Waru,4,3,0,Tanpa perabotan,Tidak Ada,1,180,180,-7.3450604,112.7493551,1.9731217512507502,1.1040494518066728,2.24985345389341,2.348836580735192,1.927796049975391,4.271611164158526,1.77610919997405,2.8619774938539813,2.887858779805756,4.3641670474840755,5.566344343082287,2.868999629224113,
755000000,Gedangan,2,1,0,"Garasi, Ruang layanan, Air, Tanpa perabotan, AC, Tangki air, Listrik, Teras","Keamanan, Cctv",1,200,180,-7.3885636,112.732315,0.2930570178332332,1.3085948145245216,0.5520177995546861,5.005422535411109,0.8848933354724824,3.2988314347579597,0.9969872133247867,0.8187913078941792,0.5320641333813662,5.621226095304045,4.300310278984402,1.1257633886221257,
1450000000,Krembung,4,2,0,Tanpa perabotan,Tidak Ada,1,225,180,-7.5081,112.6206,3.8499166460579044,10.702469034883169,11.08207308504484,10.55488226181582,8.382900338808113,14.350641359021955,11.3993924645312,9.18368638849761,7.311190205901675,14.490608941128928,26.90024556034076,7.311190205901675,21.487170630769377
460000000,Prambon,2,1,0,"Air, Tanpa perabotan, Listrik",Tidak Ada,1,260,180,-7.449034,112.569756,7.138616351746411,4.7868697704132535,4.540622793802183,17.86388383199561,4.4604315955088305,16.90073034605531,15.195540316095775,5.020796996470911,3.0567349257699266,4.925915876815228,27.881583967918903,2.718587471276285,25.14395450908533
500000000,Prambon,2,1,0,"Air, Tanpa perabotan, Listrik",Tidak Ada,1,260,180,-7.449034,112.569756,7.138616351746411,4.7868697704132535,4.540622793802183,17.86388383199561,4.4604315955088305,16.90073034605531,15.195540316095775,5.020796996470911,3.0567349257699266,4.925915876815228,27.881583967918903,2.718587471276285,25.14395450908533
385000000,Wonoayu,2,1,0,"Jaringan internet, Air, Tanpa perabotan, Halaman terbuka, Listrik","Keamanan, Taman, Keamanan 24 jam, Taman bermain anak, Rumah jaga",1,300,180,-7.43716,112.62222,5.2861162107398885,5.405134203407122,5.784942800924271,10.829116881170561,5.527251475213476,9.865963395230251,8.244601827864658,6.644070176062439,5.362372097000253,6.297998062220402,21.38688270048618,5.362372097000253,29.86655689260971
475000000,Wonoayu,1,1,0,Tanpa perabotan,Tidak Ada,1,300,180,-7.446138,112.6514882,3.7854739776183073,3.5780614086982103,2.194564527519025,7.529161139900217,4.6782349211854495,6.566007653959908,4.944646086594313,3.4666806119499323,2.316424651329201,7.973837334255214,18.280959853957583,2.316424651329201,19.319269395448217
1970000000,Tanggulangin,3,2,0,"Garasi, Pemanas ruangan, Tangki air, Listrik, Pendingin ruangan (AC), Halaman terbuka, Gas alam, Tanpa perabotan",Taman,1,315,180,-7.49958,112.69992,1.9426344718269661,2.126644491514655,5.456488540574383,2.5437937175209524,5.343235498259415,7.338986095404178,6.191868166225016,0.3717917027889665,2.095439948876127,5.465907542961573,19.215538577950873,2.00892732767389,15.223864309889654
227000000,Tanggulangin,2,1,0,Tanpa perabotan,Tidak Ada,1,340,180,-7.50246405,112.7091935,1.7573066699660456,2.6970354287052523,4.610180184293684,1.697485361240256,4.496927141978718,6.492677739123481,4.744941668808071,1.6546414878883162,0.5192105980143841,4.619599186680876,18.36923022167017,0.4326979768121473,15.790509940022856
1350000000,Sidoarjo,4,3,0,Tanpa perabotan,Tidak Ada,2,60,181,-7.4472664,112.6959507,1.4352077098292284,0.824445534555247,1.782333433154027,2.0486381941266556,1.3849037536883855,1.085484708186347,1.6917013532281613,2.6769351737169758,4.218868394293735,5.217578258901046,14.364791005072773,3.176001425147047,18.06259924724867
780000000,Waru,5,3,3,Tanpa perabotan,Tidak Ada,2,181,181,-7.3607893,112.7199411,0.27219778385229904,0.6804013168204488,2.3441854198157563,3.582716186880167,2.3092703191818824,1.3073976163584171,1.4234917464739676,1.0324600431888569,2.199588153900155,1.3480254386459707,5.47475734909547,3.9395740738026594,26.516365961235696
750000000,Gedangan,3,2,0,Tanpa perabotan,Tidak Ada,1,170,186,-7.38850777,112.732289,0.2930570178332332,1.3085948145245216,0.5520177995546861,5.005422535411109,0.8848933354724824,3.2988314347579597,0.9969872133247867,0.8187913078941792,0.5320641333813662,5.621226095304045,4.300310278984402,1.1257633886221257,
320100000,Prambon,2,1,0,"Garasi, Pemandangan panorama, Air, Tanpa perabotan, Pendingin ruangan (AC), Halaman terbuka, Listrik, Teras","Keamanan, Taman bermain anak, BBQ Area, Akses bagi penyandang disabilitas, Cctv, Taman, Rumah jaga, Keamanan 24 jam",1,250,187,-7.4457506,112.5707595,7.512014842614802,4.413471279544865,4.167224302933794,17.946631751405608,4.087033104640439,16.983478265465305,15.362116698099713,4.647398505602523,2.6833364349015367,4.552517385946838,27.50818547705052,2.3451889804078943,32.82255426621694
250000000,Prambon,2,1,0,"Garasi, TV kabel, Air, Tanpa perabotan, Jaringan internet, Halaman terbuka, Listrik, Wifi","Taman, Keamanan 24 jam",1,250,187,-7.4443603,112.5842817,6.983025887448571,5.143511298320967,4.616392331379801,16.29226231667681,4.5337069124554645,15.329108830736498,13.707747263370901,5.360324610604337,4.653181885594502,5.0142524967623,26.850028135992424,4.315034431100861,33.53548037121874
900000000,Waru,2,1,0,Tanpa perabotan,Tidak Ada,1,100,188,-7.3549903,112.7519191,2.171490621716577,2.075140336237254,2.453521835218695,3.049190725501932,2.1261649204412176,4.02292263228091,3.0211778874640713,3.669026702819003,3.5779831623378313,5.054291430016151,4.68510093002181,3.5779831623378313,2.555260369600324
899000000,Sedati,4,2,0,Tanpa perabotan,Tidak Ada,1,190,190,-7.3671144,112.7613113,1.7586604112865478,1.9442502219649234,1.7083822420675019,4.816818301870734,1.6289189899702983,4.342559281578207,1.2513784358985227,1.194811836576931,5.345610738706634,3.3199004260988256,2.0897409289815463,5.345610738706634,6.967316428870775
2500000000,Waru,4,3,0,Tanpa perabotan,Tidak Ada,2,100,191,-7.3434451,112.7685874,1.3773391833947835,1.996591986447833,2.1701114603409626,3.593820910175113,1.4414149160324587,6.581760473425328,0.3849449750522403,1.6279901425770593,5.102823169913415,5.914417177830931,5.79397830578939,5.083964019331772,5.1011870397206005
2300000000,Waru,6,5,5,Tanpa perabotan,Tidak Ada,2,100,191,-7.3517813,112.7846068,3.65569846610592,4.153966852324592,4.333047013762388,2.145324081631715,1.3379443850875703,8.962938974598273,1.4819554553074294,0.33382813873705136,7.489622163679425,5.530774530778097,4.345481477245988,7.470763013097782,1.145830679228416
724000000,Gedangan,2,1,0,Sebagian perabotan,Keamanan 24 jam,1,120,191,-7.371733,112.728444,1.2951770095936286,1.7195738041734285,1.2040161274723182,3.4481034458723827,1.1947700870984646,0.6366212841192346,0.8665328049800437,0.9481833894958395,2.9895240878694986,2.9590159446653193,4.334588056752031,2.8416775602592725,
1800000000,Buduran,3,4,4,"Garasi, Balkon, Ruang layanan, Air, Sebagian perabotan, Deck, AC, Halaman, Tangki air, Listrik, Teras","Keamanan, Keamanan 24 jam, Taman atap",3,120,191,-7.436595,112.694927,2.3052826352181146,1.0910807981993018,3.925477366037864,3.5038469898966853,4.093047567275763,2.540693503956377,3.146910148998192,25.70403532324605,5.674077190063765,6.67435079040842,15.58889553321888,4.631210220917077,27.31766660554964
420000000,Tulangan,2,1,0,Tanpa perabotan,Tidak Ada,1,100,192,-7.4726134,112.6675398,3.7884851569477536,4.410160491784239,3.569610886587065,7.488079049718875,3.9674912405238794,6.838179160564179,3.8869302660734184,1.671224190039835,3.4142532438342563,6.978146742671149,19.387783361882995,3.441593893191538,14.731384268983101
313000000,Candi,3,2,2,"Garasi, AC, Dapur terpadu, Halaman, Air, Tanpa perabotan, Internet, Balkon, Pemandangan panorama, Ruang kantor, Listrik, Teras","Keamanan, Area anak-anak, Cctv, Taman",2,196,192,-7.478217,112.711994,0.7934703388052912,1.493678990402066,1.8438168716798895,1.9450404320078791,1.7305638293649241,3.726314426509687,4.448002270778595,0.8367202097500203,3.0757852326602544,1.8532358740670822,15.602866909056377,3.1486272528694306,12.096137021313215
850000000,Buduran,2,1,0,"Garasi, Tangki air, Dapur terpadu, Tanpa perabotan","Keamanan, Keamanan 24 jam",1,100,195,-7.435732095,112.71526554282224,1.7022489581566838,1.939419547495168,1.079044478469088,2.2312022365201973,1.5641534581265244,0.9110459484636103,1.229747574730076,1.0639068241905978,4.236634433151869,4.616804277431437,10.549768014240373,3.293941768515328,3.1317735980034227
800000000,Tanggulangin,3,2,2,"Dapur lengkap, Jacuzzi, Kabel video, Gas alam, Rubanah, Teras, Dapur terpadu, Pemandangan panorama, Halaman, Air, Sebagian perabotan","Pustaka, Taman",2,195,195,-7.50666165,112.719052,3.0240054433739023,3.963734202113108,6.838500978710529,2.9641841346481117,5.763625915386574,7.759376512531336,5.4120481536706615,2.9213402612961725,1.3630075522823129,5.886297960088731,18.925575308648963,1.276494931080076,17.057208713430718
750000000,Gedangan,2,2,2,Tanpa perabotan,Tidak Ada,2,200,195,-7.3941638,112.7472474,1.957249921763623,3.046202176404136,2.516496673896151,6.453146685693099,4.289943210219094,6.367611845217095,3.2390733507058806,2.6454107825248108,3.600844543840503,5.959235736625352,4.902568887174617,3.600844543840503,10.292080390106163
313000000,Krembung,3,2,2,"Garasi, AC, Pemandangan panorama, Ruang kantor, Listrik, Teras, Internet, Dapur terpadu, Halaman, Air, Tanpa perabotan","Keamanan, Area anak-anak, Cctv, Taman",2,198,198,-7.5074644,112.6200342,3.7384495001451286,10.786904154797194,11.166508204958864,10.639317381729844,8.467335458722138,14.435076478935978,11.483827584445224,9.268121508411634,7.3956253258157,14.575044061042949,26.984680680254783,7.3956253258157,21.5716057506834
150000000,Prambon,3,1,0,"Garasi, Halaman terbuka, Jaringan internet, Tanpa perabotan","Keamanan, Taman",1,260,198,-7.4734,112.559,4.949826157878753,7.903281944202283,7.6570349675912075,20.251398126047615,7.576843769297857,19.288244640107315,16.912531114769465,9.58824328891351,6.021374631616242,8.042328050604258,30.809163945363228,5.859262663718121,25.892435913984226
800000000,Sedati,3,2,0,Tanpa perabotan,Tidak Ada,1,23,200,-7.3742329,112.7585991,1.116417719425095,2.955009790777616,2.7191418108801955,5.560313978051193,1.4795144039747792,4.944831149252846,1.996731921035526,0.3317706899520857,4.754532042978603,3.166961719876501,1.2266997823567012,4.878787021939692,7.978075997683468
200000000,Tulangan,2,1,0,Tanpa perabotan,Tidak Ada,1,100,200,-7.4726134,112.6675398,3.7884851569477536,4.410160491784239,3.569610886587065,7.488079049718875,3.9674912405238794,6.838179160564179,3.8869302660734184,1.671224190039835,3.4142532438342563,6.978146742671149,19.387783361882995,3.441593893191538,14.731384268983101
475000000,Wonoayu,1,1,0,Tanpa perabotan,Tidak Ada,1,106,200,-7.446138,112.6514882,3.7854739776183073,3.5780614086982103,2.194564527519025,7.529161139900217,4.6782349211854495,6.566007653959908,4.944646086594313,3.4666806119499323,2.316424651329201,7.973837334255214,18.280959853957583,2.316424651329201,19.319269395448217
800000000,Waru,3,2,2,"Garasi, Fully fenced, Sebagian perabotan",Taman,1,120,200,-7.3503078,112.7674661,1.1043800195281273,1.2290062172207443,1.4454635210614053,3.972977345129623,0.373224262078175,5.970825656630798,4.2381937748698695,0.837264716423595,4.491888353118883,5.123691751677464,3.8935322545601827,4.47302920253724,5.266527027923425
1900000000,Sidoarjo,3,2,1,Tanpa perabotan,Tidak Ada,1,130,200,-7.4472664,112.6959507,1.4352077098292284,0.824445534555247,1.782333433154027,2.0486381941266556,1.3849037536883855,1.085484708186347,1.6917013532281613,2.6769351737169758,4.218868394293735,5.217578258901046,14.364791005072773,3.176001425147047,18.06259924724867
650000000,Waru,3,2,0,Tanpa perabotan,Tidak Ada,1,145,200,-7.3646345,112.7344448,1.9006857890982363,1.1142842497638707,1.095515621532609,2.7583198956061827,1.7495350382435129,1.191386235264283,1.2442711654322163,0.13555304599774917,2.6996205747429483,3.513780895810368,4.231406991839756,3.287112332442082,
990000000,Waru,5,3,0,"Garasi, Alarm, Listrik, Internet, Air","Keamanan, Area anak-anak, Cctv, Taman",2,165,200,-7.3603889,112.7585073,0.8931001668218496,0.8580848290427282,0.6222168491453073,3.835800662251481,0.9384258680972087,4.5093194367591245,0.8277827174086565,2.286554377771226,4.364593099087379,4.411642967293121,3.181483470175841,4.364593099087379,5.881151035948579
358000000,Gedangan,2,1,1,"Garasi, Listrik, Dapur lengkap, Tanpa perabotan",Tidak Ada,1,180,200,-7.39363477,112.7026188,1.7212719524233488,0.9792483157426611,3.9489919697402924,5.953840929848164,2.481054715318703,5.8263923009099,0.8236883600976175,0.4633825621540692,3.260963742941197,7.144857047727187,7.89068839603107,3.260963742941197,19.06879356162119
450000000,Sedati,5,2,2,Tanpa perabotan,Tidak Ada,2,180,200,-7.4088477,112.7621381,2.787409276025773,5.432688576661338,1.6388154221393603,4.865107232863834,3.315707227089027,7.811986048484443,5.104865192564214,2.7441803636867523,5.914288470698648,4.966597460808116,4.196922100535326,5.914288470698648,12.461875222716689
498000000,Sidoarjo,2,1,0,Garasi,Cctv,1,200,200,-7.4497718,112.7015495,1.418867546113402,1.3473282165336105,1.6196508465489468,1.1611435311078238,1.125437344093236,1.7112317906415684,0.8042066902093296,2.8773550012846476,2.9627882173951483,3.9766351559257362,13.48333016014807,2.288506762128217,0.5015150382374634
531000000,Tulangan,2,1,0,"Garasi, Halaman, Internet, Tanpa perabotan","Keamanan, Area anak-anak, Cctv, Taman",1,200,200,-7.4726134,112.6675398,3.7884851569477536,4.410160491784239,3.569610886587065,7.488079049718875,3.9674912405238794,6.838179160564179,3.8869302660734184,1.671224190039835,3.4142532438342563,6.978146742671149,19.387783361882995,3.441593893191538,14.731384268983101
1470000000,Waru,3,3,0,"Garasi, Ruang layanan, Air, Tanpa perabotan, Balkon, Tangki air, Listrik, Teras","Keamanan, Cctv",2,200,200,-7.3423873,112.7160201,3.904566330095543,3.0264218585575264,3.1748246125175785,5.461398661772026,3.681349584989856,2.62780336023036,5.1409767586113695,2.4530142055633792,3.575371796576921,2.3054819587848754,8.58503946588113,3.9059533312950565,
300000000,Wonoayu,2,1,1,Tanpa perabotan,Tidak Ada,1,200,200,-7.4083339,112.6183751,2.8135150884524682,2.8333359760383385,4.840133952401007,12.196921528211217,5.174213141308526,11.154878323307404,10.125310482851246,3.5318226306903626,2.926310705560819,4.6817793739978955,19.965614123396577,5.092648141465796,26.22803736298478
625000000,Taman,2,1,1,Tanpa perabotan,Tidak Ada,1,200,200,-7.3682573,112.7077638,0.5824842555317944,1.7900846992903023,3.5155132482973235,4.187892237212175,0.6988228295769334,2.782258277728313,2.4744183964715685,0.6641144844801905,3.8850457828572957,2.811413221486452,6.646085177577038,3.9583427684734316,22.771063973083955
550000000,Waru,2,1,1,Tanpa perabotan,Tidak Ada,1,200,200,-7.365102,112.7196817,0.5491252006724288,0.365902993481487,2.4763140130598025,3.97119082459861,2.4413989124259285,1.7430590424907904,1.5556203397180142,0.952478236308617,2.5880627916185985,2.03389041693323,5.606885942339516,4.3280487115211015,24.43595055382732
799000000,Krembung,3,2,0,Tanpa perabotan,Tidak Ada,1,200,200,-7.5268,112.6637,7.897964304890424,5.746944313646923,11.595983823228744,5.080471131588505,2.9084892085807916,13.86411005897739,4.327001334309074,3.2497048287726704,5.271918746566726,11.809318618554444,25.558949653543745,5.224403820950287,21.663263641896513
1200000000,Sukodono,3,3,0,Tanpa perabotan,Tidak Ada,1,200,200,-7.3752179,112.6913732,2.792200471391141,4.1179228768239895,3.695576857197299,3.997278708158452,2.311731210518365,5.521621964537341,0.3887267904932876,1.5087467768540705,4.336647998655048,5.115982852885003,9.385448864386069,4.166740295056433,22.993021532731348
1200000000,Waru,2,2,0,Tanpa perabotan,Tidak Ada,1,200,200,-7.3434451,112.7685874,1.3773391833947835,1.996591986447833,2.1701114603409626,3.593820910175113,1.4414149160324587,6.581760473425328,0.3849449750522403,1.6279901425770593,5.102823169913415,5.914417177830931,5.79397830578939,5.083964019331772,5.1011870397206005
382300000,Prambon,2,1,0,"Garasi, Dapur terpadu, Halaman terbuka, Air, Tanpa perabotan, Pagar penuh, Jaringan internet, TV kabel, Ruang kantor, Listrik, Teras, Wifi","Keamanan, Taman bermain anak, Rumah jaga, Keamanan 24 jam, Kolam renang, Taman, Lapangan tenis",1,240,200,-7.4457506,112.5707595,7.512014842614802,4.413471279544865,4.167224302933794,17.946631751405608,4.087033104640439,16.983478265465305,15.362116698099713,4.647398505602523,2.6833364349015367,4.552517385946838,27.50818547705052,2.3451889804078943,32.82255426621694
600000000,Wonoayu,2,1,0,"Jaringan internet, Tanpa perabotan","Kolam renang, Taman",1,240,200,-7.44924,112.65048,4.170474830860603,3.963062261940507,2.2073489976399703,7.914161993142512,5.063235774427746,6.9510085072022045,5.017285319423287,3.081679758707636,1.931423798086905,8.04647656708419,18.665960707199876,1.931423798086905,18.93426854220592
585000000,Wonoayu,2,1,0,"Garasi, Balkon, TV kabel, Ruang layanan, Perapian, Pagar penuh, Pendingin ruangan (AC), Kitchen set, Halaman terbuka, Lemari pakaian bawaan, Tanpa perabotan, Wifi","Keamanan, Gym, Spa dan Sauna, Pramutamu, Lapangan tenis, Cctv, Kolam renang, Taman, Taman atap, Keamanan 24 jam",1,300,200,-7.44424093,112.6472858,4.191119924174419,3.9837073552543223,2.6568645484275892,7.99146116080878,5.140534942094015,7.028307674868473,5.406946107502877,3.9289806328584964,2.7787246722377654,8.436137355163781,18.686605800513693,2.7787246722377654,27.789003517161838
17500000000,Tanggulangin,5,5,0,"Garasi, Tanpa perabotan",Tidak Ada,1,300,200,-7.50034,112.70268,1.835073998881339,2.6350556409706414,5.068119275028761,2.155424451975332,4.954866232713794,6.950616829858556,6.827648326974748,0.8802028522449528,2.601917256181062,5.077538277415951,18.827169312405246,2.515404634978825,15.116303836944025
1800000000,Balongbendo,4,3,0,"Garasi, Kitchen set, Sebagian perabotan, Balkon, Halaman terbuka, Setengah terpisah","Keamanan, Taman, Kolam renang",1,360,200,-7.4217,112.5322,13.817733754985147,5.633311883721431,6.851203125442745,20.825657647822325,7.105650917280584,21.494939892249818,19.873578324884207,1.7874400151432508,3.8789929303946247,6.643186608307286,29.542404693429454,3.8741381917402107,34.85677348259587
1500000000,Balongbendo,5,5,0,"Garasi, Pendingin ruangan (AC), Kitchen set, Halaman terbuka, Berperabot lengkap, Jaringan internet, Balkon, TV kabel, Sistem Alarm, Teras","Keamanan, Taman, Taman bermain anak",1,400,200,-7.4217,112.5322,13.817733754985147,5.633311883721431,6.851203125442745,20.825657647822325,7.105650917280584,21.494939892249818,19.873578324884207,1.7874400151432508,3.8789929303946247,6.643186608307286,29.542404693429454,3.8741381917402107,34.85677348259587
825000000,Balongbendo,2,1,0,Tanpa perabotan,Tidak Ada,1,400,200,-7.4217,112.5322,13.817733754985147,5.633311883721431,6.851203125442745,20.825657647822325,7.105650917280584,21.494939892249818,19.873578324884207,1.7874400151432508,3.8789929303946247,6.643186608307286,29.542404693429454,3.8741381917402107,34.85677348259587
695000000,Balongbendo,2,1,0,Tanpa perabotan,Tidak Ada,1,400,200,-7.4217,112.5322,13.817733754985147,5.633311883721431,6.851203125442745,20.825657647822325,7.105650917280584,21.494939892249818,19.873578324884207,1.7874400151432508,3.8789929303946247,6.643186608307286,29.542404693429454,3.8741381917402107,34.85677348259587
590000000,Sidoarjo,2,1,1,"Garasi, Listrik, Air, Tanpa perabotan","Keamanan, Keamanan 24 jam",1,80,202,-7.4490842,112.6824377,1.3473270594145361,0.6310078657719297,0.7861428303968265,3.7714772200257545,1.3473270594145361,2.808323734085446,2.63163461271029,2.629095271965148,4.913653215338915,5.528613567726669,15.608630735870682,4.813430535689973,17.98022327916714
750000000,Waru,3,2,2,"Internet, Air, Tanpa perabotan, Halaman, Listrik","Keamanan, Keamanan 24 jam, Taman",2,100,202,-7.3588392,112.7583752,0.7055536448648411,0.6797170360609808,0.44384905616355974,3.793098972227371,0.7508793461402002,4.501491454153625,0.6701328611692223,2.4479435758797363,4.332121171297934,4.5730321654016315,3.3428726682843513,4.332121171297934,5.702783242966833
450000000,Krembung,3,1,0,"Garasi, Tanpa perabotan",Keamanan,1,202,202,-7.5268,112.6637,7.897964304890424,5.746944313646923,11.595983823228744,5.080471131588505,2.9084892085807916,13.86411005897739,4.327001334309074,3.2497048287726704,5.271918746566726,11.809318618554444,25.558949653543745,5.224403820950287,21.663263641896513
1790000000,Taman,3,1,0,Tanpa perabotan,Tidak Ada,2,190,209,-7.3716394,112.6462697,2.050965929096831,6.116243979739054,5.883178186338813,5.947158286704864,5.180708978308083,9.177540192896236,7.56823016382863,2.653197568616936,4.619728900666621,8.340683126742793,14.663905332311984,4.619728900666621,
495000000,Gedangan,2,1,0,"Garasi, AC, Wifi, Internet, Air",Rumah jaga,1,150,210,-7.3896762,112.7279598,0.15876730662380215,1.7772577553113862,1.211822739958879,4.456698371394396,0.27487645045464526,2.688814549740123,0.9275869930203207,0.20877442287634204,0.08462472979404548,5.011209210286206,4.714349382883914,0.08462472979404548,
1960000000,Sidoarjo,3,1,1,"Halaman, Listrik, Air, Tanpa perabotan",Taman,1,154,210,-7.4284073,112.4783188,17.88499508974619,11.40785856484668,12.625749806567997,26.56639093599528,1.9689409813824565,27.86746275165429,26.553435859089355,0.44326061324907157,7.809509506951151,12.417733289432535,35.283137981602394,7.809509506951151,40.59750677076883
500000000,Krembung,2,1,0,"Garasi, Halaman terbuka, Jaringan internet, Tanpa perabotan","Keamanan, Lapangan tenis, Taman bermain anak",1,210,210,-7.5268,112.6637,7.897964304890424,5.746944313646923,11.595983823228744,5.080471131588505,2.9084892085807916,13.86411005897739,4.327001334309074,3.2497048287726704,5.271918746566726,11.809318618554444,25.558949653543745,5.224403820950287,21.663263641896513
864500000,Krembung,3,2,0,"Jaringan internet, Tanpa perabotan, Halaman terbuka","Keamanan, Taman, Kolam renang",1,210,210,-7.5268,112.6637,7.897964304890424,5.746944313646923,11.595983823228744,5.080471131588505,2.9084892085807916,13.86411005897739,4.327001334309074,3.2497048287726704,5.271918746566726,11.809318618554444,25.558949653543745,5.224403820950287,21.663263641896513
908000000,Krembung,3,2,0,"Jaringan internet, Tanpa perabotan, Halaman terbuka","Keamanan, Taman, Kolam renang",1,210,210,-7.5268,112.6637,7.897964304890424,5.746944313646923,11.595983823228744,5.080471131588505,2.9084892085807916,13.86411005897739,4.327001334309074,3.2497048287726704,5.271918746566726,11.809318618554444,25.558949653543745,5.224403820950287,21.663263641896513
1440000000,Krembung,3,2,0,"Garasi, Halaman terbuka, Jaringan internet, Tanpa perabotan","Keamanan, Taman, Kolam renang, Lapangan tenis",1,210,210,-7.5268,112.6637,7.897964304890424,5.746944313646923,11.595983823228744,5.080471131588505,2.9084892085807916,13.86411005897739,4.327001334309074,3.2497048287726704,5.271918746566726,11.809318618554444,25.558949653543745,5.224403820950287,21.663263641896513
593900000,Krembung,2,2,0,"Garasi, Halaman terbuka, Jaringan internet, Tanpa perabotan","Keamanan, Taman, Taman bermain anak",1,210,210,-7.5268,112.6637,7.897964304890424,5.746944313646923,11.595983823228744,5.080471131588505,2.9084892085807916,13.86411005897739,4.327001334309074,3.2497048287726704,5.271918746566726,11.809318618554444,25.558949653543745,5.224403820950287,21.663263641896513
850000000,Krembung,3,2,0,"Garasi, Setengah terpisah, Sebagian perabotan",Tidak Ada,1,230,210,-7.5268,112.6637,7.897964304890424,5.746944313646923,11.595983823228744,5.080471131588505,2.9084892085807916,13.86411005897739,4.327001334309074,3.2497048287726704,5.271918746566726,11.809318618554444,25.558949653543745,5.224403820950287,21.663263641896513
875000000,Waru,3,2,2,Tanpa perabotan,Tidak Ada,2,120,213,-7.3517813,112.7846068,3.65569846610592,4.153966852324592,4.333047013762388,2.145324081631715,1.3379443850875703,8.962938974598273,1.4819554553074294,0.33382813873705136,7.489622163679425,5.530774530778097,4.345481477245988,7.470763013097782,1.145830679228416
630000000,Taman,3,2,2,"AC, Tanpa perabotan",Tidak Ada,2,200,216,-7.3682573,112.7077638,0.5824842555317944,1.7900846992903023,3.5155132482973235,4.187892237212175,0.6988228295769334,2.782258277728313,2.4744183964715685,0.6641144844801905,3.8850457828572957,2.811413221486452,6.646085177577038,3.9583427684734316,22.771063973083955
475000000,Taman,2,1,1,Tanpa perabotan,Tidak Ada,1,200,216,-7.3778672,112.6411586,2.631206093507608,6.69648414414983,6.847380940591483,6.911361040957535,5.760949142718859,10.141742947148908,8.519256636685766,1.43156985803806,4.035794456023822,8.929282168243349,15.628108086564655,4.035794456023822,
2300000000,Wonoayu,4,2,0,"Garasi, Tanpa perabotan",Tidak Ada,1,240,216,-7.43716,112.62222,5.2861162107398885,5.405134203407122,5.784942800924271,10.829116881170561,5.527251475213476,9.865963395230251,8.244601827864658,6.644070176062439,5.362372097000253,6.297998062220402,21.38688270048618,5.362372097000253,29.86655689260971
240000000,Tulangan,2,1,1,"Garasi, Kabel video, Alarm, Wifi, Internet, Tangki air, Tanpa perabotan",Rumah jaga,1,150,220,-7.45723754,112.6481723,5.140883848066794,5.353069941363806,3.1777580148461566,8.734424195980694,5.0440658319398315,7.781088610143747,5.411057492381529,2.614133639619402,1.1141507784550815,8.498949247370499,19.63636972440606,1.1141507784550815,18.116995522574108
955000000,Tanggulangin,3,3,0,Tanpa perabotan,Tidak Ada,1,300,223,-7.5003577,112.7027128,1.835073998881339,2.6350556409706414,5.068119275028761,2.155424451975332,4.954866232713794,6.950616829858556,6.827648326974748,0.8802028522449528,2.601917256181062,5.077538277415951,18.827169312405246,2.515404634978825,15.116303836944025
2400000000,Waru,4,3,0,Tanpa perabotan,Tidak Ada,1,180,228,-7.3590139,112.7420717,2.3182447489552307,2.004913232661244,2.4637798536037523,2.89291295297229,3.146202355303225,2.5880535523239945,2.309955809976483,1.568941506321636,3.421705389808189,4.8980136574865085,3.9372322640702326,3.421705389808189,
460000000,Krembung,3,2,0,Tanpa perabotan,Tidak Ada,1,200,228,-7.5268,112.6637,7.897964304890424,5.746944313646923,11.595983823228744,5.080471131588505,2.9084892085807916,13.86411005897739,4.327001334309074,3.2497048287726704,5.271918746566726,11.809318618554444,25.558949653543745,5.224403820950287,21.663263641896513
287000000,Krembung,2,1,0,"Garasi, Tanpa perabotan","Keamanan, Taman",1,228,228,-7.5268,112.6637,7.897964304890424,5.746944313646923,11.595983823228744,5.080471131588505,2.9084892085807916,13.86411005897739,4.327001334309074,3.2497048287726704,5.271918746566726,11.809318618554444,25.558949653543745,5.224403820950287,21.663263641896513
825000000,Krembung,3,2,0,"Garasi, Tanpa perabotan, Halaman terbuka","Keamanan, Taman",1,228,228,-7.5268,112.6637,7.897964304890424,5.746944313646923,11.595983823228744,5.080471131588505,2.9084892085807916,13.86411005897739,4.327001334309074,3.2497048287726704,5.271918746566726,11.809318618554444,25.558949653543745,5.224403820950287,21.663263641896513
630000000,Krembung,3,2,0,"Garasi, Tanpa perabotan, Halaman terbuka","Keamanan, Taman",1,228,228,-7.5268,112.6637,7.897964304890424,5.746944313646923,11.595983823228744,5.080471131588505,2.9084892085807916,13.86411005897739,4.327001334309074,3.2497048287726704,5.271918746566726,11.809318618554444,25.558949653543745,5.224403820950287,21.663263641896513
475000000,Krembung,3,2,0,"Garasi, Tanpa perabotan, Halaman terbuka","Keamanan, Taman",1,228,228,-7.5268,112.6637,7.897964304890424,5.746944313646923,11.595983823228744,5.080471131588505,2.9084892085807916,13.86411005897739,4.327001334309074,3.2497048287726704,5.271918746566726,11.809318618554444,25.558949653543745,5.224403820950287,21.663263641896513
1740000000,Krembung,3,3,0,"Halaman terbuka, Tanpa perabotan","Keamanan, Taman bermain anak, Kolam renang, Taman",1,228,228,-7.5268,112.6637,7.897964304890424,5.746944313646923,11.595983823228744,5.080471131588505,2.9084892085807916,13.86411005897739,4.327001334309074,3.2497048287726704,5.271918746566726,11.809318618554444,25.558949653543745,5.224403820950287,21.663263641896513
870000000,Krembung,2,1,0,"Halaman terbuka, Tanpa perabotan","Keamanan, Taman, Taman bermain anak",1,228,228,-7.5268,112.6637,7.897964304890424,5.746944313646923,11.595983823228744,5.080471131588505,2.9084892085807916,13.86411005897739,4.327001334309074,3.2497048287726704,5.271918746566726,11.809318618554444,25.558949653543745,5.224403820950287,21.663263641896513
698000000,Krembung,2,1,0,"Halaman terbuka, Tanpa perabotan","Keamanan, Taman, Taman bermain anak",1,228,228,-7.5268,112.6637,7.897964304890424,5.746944313646923,11.595983823228744,5.080471131588505,2.9084892085807916,13.86411005897739,4.327001334309074,3.2497048287726704,5.271918746566726,11.809318618554444,25.558949653543745,5.224403820950287,21.663263641896513
1100000000,Krembung,3,2,0,Tanpa perabotan,Tidak Ada,1,228,228,-7.5081,112.6206,3.8499166460579044,10.702469034883169,11.08207308504484,10.55488226181582,8.382900338808113,14.350641359021955,11.3993924645312,9.18368638849761,7.311190205901675,14.490608941128928,26.90024556034076,7.311190205901675,21.487170630769377
837000000,Krembung,2,2,0,Tanpa perabotan,Tidak Ada,1,228,228,-7.5268,112.6637,7.897964304890424,5.746944313646923,11.595983823228744,5.080471131588505,2.9084892085807916,13.86411005897739,4.327001334309074,3.2497048287726704,5.271918746566726,11.809318618554444,25.558949653543745,5.224403820950287,21.663263641896513
505000000,Krembung,2,1,0,Tanpa perabotan,Tidak Ada,1,228,228,-7.5081,112.6206,3.8499166460579044,10.702469034883169,11.08207308504484,10.55488226181582,8.382900338808113,14.350641359021955,11.3993924645312,9.18368638849761,7.311190205901675,14.490608941128928,26.90024556034076,7.311190205901675,21.487170630769377
550000000,Taman,3,1,1,Tanpa perabotan,Tidak Ada,1,200,233,-7.3834627,112.6330632,1.323225679182176,4.88717378077437,8.112043366639838,8.56471442423379,5.56343955857656,13.193531633777434,8.979368302508908,1.6190229171984818,2.556623548794321,7.491799074965708,17.281461469840913,2.556623548794321,
888000000,Tanggulangin,3,2,0,Tanpa perabotan,Tidak Ada,1,323,234,-7.49958,112.69992,1.9426344718269661,2.126644491514655,5.456488540574383,2.5437937175209524,5.343235498259415,7.338986095404178,6.191868166225016,0.3717917027889665,2.095439948876127,5.465907542961573,19.215538577950873,2.00892732767389,15.223864309889654
574000000,Jabon,2,1,0,"Garasi, Tanpa perabotan, Halaman terbuka","Keamanan, Taman, Taman bermain anak",1,550,238,-7.5411,112.7309,8.816549206654264,8.537327981552822,11.27775910578674,4.412330285971048,4.33893878377661,13.354817803727924,4.852639586546397,4.788846933283391,4.39281679265213,11.481739251285315,23.364833435725178,4.446958129641337,
397000000,Jabon,2,1,0,Tanpa perabotan,Tidak Ada,1,550,238,-7.5411,112.7309,8.816549206654264,8.537327981552822,11.27775910578674,4.412330285971048,4.33893878377661,13.354817803727924,4.852639586546397,4.788846933283391,4.39281679265213,11.481739251285315,23.364833435725178,4.446958129641337,
875000000,Waru,3,2,0,Tanpa perabotan,Tidak Ada,2,120,240,-7.3434451,112.7685874,1.3773391833947835,1.996591986447833,2.1701114603409626,3.593820910175113,1.4414149160324587,6.581760473425328,0.3849449750522403,1.6279901425770593,5.102823169913415,5.914417177830931,5.79397830578939,5.083964019331772,5.1011870397206005
488000000,Prambon,2,1,0,Tanpa perabotan,Taman,1,240,240,-7.4457506,112.5707595,7.512014842614802,4.413471279544865,4.167224302933794,17.946631751405608,4.087033104640439,16.983478265465305,15.362116698099713,4.647398505602523,2.6833364349015367,4.552517385946838,27.50818547705052,2.3451889804078943,32.82255426621694
674930000,Wonoayu,3,1,0,"Tanpa perabotan, Pagar penuh","Taman bermain anak, Keamanan 24 jam, Taman",1,240,240,-7.4390818,112.6571111,3.3243876525567937,3.116975083636697,2.686598084108563,6.7151978517315545,3.864271633016787,5.752044365791248,5.3036354834252615,3.9587155863730388,3.254392542803467,8.332826731086165,17.59348344801098,3.4069669645920175,26.92227124554421
290000000,Tulangan,2,1,1,"Garasi, Berperabot lengkap",Taman,1,200,241,-7.4726134,112.6675398,3.7884851569477536,4.410160491784239,3.569610886587065,7.488079049718875,3.9674912405238794,6.838179160564179,3.8869302660734184,1.671224190039835,3.4142532438342563,6.978146742671149,19.387783361882995,3.441593893191538,14.731384268983101
564000000,Krembung,2,1,0,"Jaringan internet, Pemandangan panorama, Halaman terbuka, Air, Tanpa perabotan, Wifi, Pendingin ruangan (AC), TV kabel, Tangki air, Listrik, Teras","Keamanan, Gym, Taman, Akses bagi penyandang disabilitas, Cctv, Taman bermain anak, Rumah jaga, Keamanan 24 jam",1,200,242,-7.50875445,112.6226665,4.047952020812177,10.390887302083632,11.026313884483448,10.243300529016283,8.071318606008576,14.294882158460563,9.489830731736859,9.12792718793622,7.255431005340285,14.434849740567536,26.84448635977937,7.255431005340285,21.431411430207987
900000000,Waru,3,2,0,Tanpa perabotan,Tidak Ada,1,200,247,-7.3601268,112.7432415,2.066959960011351,2.006893291163222,2.3943113402794234,2.894893011474267,2.1122856612867102,2.5900336108259716,2.3119358684784603,1.5709215648236132,3.423685448310166,4.899993715988486,3.685947475126354,3.423685448310166,
340000000,Prambon,2,1,0,Tanpa perabotan,Tidak Ada,1,250,250,-7.48513,112.5915,0.9433935084373563,10.885309860906467,9.812880463711156,16.16161072183985,9.702200643866432,16.518769046446092,13.56752015195534,10.819019344715397,9.162314022705697,10.472947230873359,28.512791031375013,9.479317893325822,23.65529831819352
100000000,Wonoayu,3,1,0,"Air, Tanpa perabotan, Listrik",Tidak Ada,1,240,252,-7.4355986,112.6612219,3.065004519363648,2.857591950443551,3.072338367929072,6.425320683862421,3.87147368898663,5.462167197922113,5.689375767245771,4.344455870193547,4.785679404796586,8.718567014906673,16.72394047650005,4.938253826585136,26.061463081570327
1440000000,Waru,4,2,0,Sebagian perabotan,Keamanan 24 jam,2,100,255,-7.3399267,112.7562893,2.597476493043447,2.509802729772295,2.680404846698809,4.61074619100732,2.5521507917680872,6.533520774430655,1.9777849071346605,0.6872176685980418,5.149768390077884,6.626076657756205,6.35768863135578,5.130909239496241,4.3100229461736
300000000,Tulangan,2,1,1,"Garasi, Berperabot lengkap",Tidak Ada,1,200,256,-7.4726134,112.6675398,3.7884851569477536,4.410160491784239,3.569610886587065,7.488079049718875,3.9674912405238794,6.838179160564179,3.8869302660734184,1.671224190039835,3.4142532438342563,6.978146742671149,19.387783361882995,3.441593893191538,14.731384268983101
669100000,Prambon,3,2,0,"Garasi, Tanpa perabotan, Pendingin ruangan (AC)","Keamanan, Taman bermain anak, Gym, Taman",1,258,258,-7.4734,112.559,4.949826157878753,7.903281944202283,7.6570349675912075,20.251398126047615,7.576843769297857,19.288244640107315,16.912531114769465,9.58824328891351,6.021374631616242,8.042328050604258,30.809163945363228,5.859262663718121,25.892435913984226
330000000,Prambon,4,1,0,"Air, Tanpa perabotan, Listrik, Teras",Tidak Ada,1,240,260,-7.4607526,112.5826176,4.570282990621207,7.3542710926047,6.838073562898936,16.606617969359128,6.727393743054211,15.64346448341882,13.824792195395649,7.588198318662356,5.535424540521842,7.493317199006674,27.164383788674737,5.235077032480658,23.489733809408406
480000000,Prambon,2,1,0,"Air, Tanpa perabotan",Tidak Ada,1,260,266,-7.449034,112.569756,7.138616351746411,4.7868697704132535,4.540622793802183,17.86388383199561,4.4604315955088305,16.90073034605531,15.195540316095775,5.020796996470911,3.0567349257699266,4.925915876815228,27.881583967918903,2.718587471276285,25.14395450908533
335000000,Wonoayu,2,1,0,"Garasi, Pendingin ruangan (AC), Halaman terbuka, Jaringan internet, Kitchen set, Tanpa perabotan",Taman,1,267,267,-7.400006,112.633438,2.7877039671818515,2.807524854767722,7.085472266073851,9.889603068842481,5.323718596006549,11.154610349423718,8.7396473399389,3.6583336466301697,2.668040158617253,6.4652279743997205,17.283325326248768,2.668040158617253,23.92071890361604
615000000,Jabon,2,1,0,"Garasi, Tanpa perabotan, Halaman terbuka","Keamanan, Taman bermain anak",1,540,270,-7.5411,112.7309,8.816549206654264,8.537327981552822,11.27775910578674,4.412330285971048,4.33893878377661,13.354817803727924,4.852639586546397,4.788846933283391,4.39281679265213,11.481739251285315,23.364833435725178,4.446958129641337,
6000000000,Balongbendo,4,2,0,"Garasi, Pendingin ruangan (AC), Kitchen set, Jaringan internet, Balkon, Tanpa perabotan","Keamanan, Taman",1,350,272,-7.4217,112.5322,13.817733754985147,5.633311883721431,6.851203125442745,20.825657647822325,7.105650917280584,21.494939892249818,19.873578324884207,1.7874400151432508,3.8789929303946247,6.643186608307286,29.542404693429454,3.8741381917402107,34.85677348259587
421000000,Tanggulangin,2,1,0,"Pemandangan panorama, Air, Tanpa perabotan, Halaman terbuka, Listrik, Teras","Keamanan, Taman bermain anak, BBQ Area, Akses bagi penyandang disabilitas, Cctv, Taman, Rumah jaga, Keamanan 24 jam",1,320,276,-7.50246405,112.7091935,1.7573066699660456,2.6970354287052523,4.610180184293684,1.697485361240256,4.496927141978718,6.492677739123481,4.744941668808071,1.6546414878883162,0.5192105980143841,4.619599186680876,18.36923022167017,0.4326979768121473,15.790509940022856
285000000,Krian,2,1,0,"Garasi, Tanpa perabotan, Halaman terbuka","Keamanan, Taman, Taman bermain anak",1,350,276,-7.4133,112.5492,10.434579601882293,3.1523354996724553,4.370226741393769,18.16354871407457,4.624674533231608,19.430807136781283,18.30607628011176,1.329312068435779,4.871088218886137,4.1622102242583106,26.880295759681708,5.1595170100675,32.194664548848124
200000000,Tulangan,2,1,1,"Air, Tanpa perabotan, Listrik",Tidak Ada,1,60,290,-7.487332,112.6288041,4.375954905271732,9.284825271897162,8.444275666699989,11.107945690896152,8.842156020636805,11.712843940677104,8.761595046186347,6.54588897015276,4.673392787556824,11.852811522784073,24.26244814199592,4.673392787556824,18.849373212424524
685000000,Wonoayu,2,1,0,"Garasi, Pemandangan panorama, Tangki air, Listrik, Teras, Jaringan internet, Halaman terbuka, Air, Tanpa perabotan","Taman, Keamanan 24 jam",1,292,292,-7.4478578,112.662473,3.4905903526139808,2.9402026131652166,1.102226889530161,6.34151657132875,3.4905903526139808,5.378363085388442,3.7192642888468606,2.374344391794636,3.5418064490766543,6.7484555365077625,17.519911614319756,3.694380870865205,18.770927959889683
292500000,Wonoayu,2,1,0,"Air, Tanpa perabotan","Taman, Keamanan 24 jam",1,293,293,-7.446138,112.6514882,3.7854739776183073,3.5780614086982103,2.194564527519025,7.529161139900217,4.6782349211854495,6.566007653959908,4.944646086594313,3.4666806119499323,2.316424651329201,7.973837334255214,18.280959853957583,2.316424651329201,19.319269395448217
600000000,Waru,1,1,1,Tanpa perabotan,Tidak Ada,2,180,295,-7.3503078,112.7674661,1.1043800195281273,1.2290062172207443,1.4454635210614053,3.972977345129623,0.373224262078175,5.970825656630798,4.2381937748698695,0.837264716423595,4.491888353118883,5.123691751677464,3.8935322545601827,4.47302920253724,5.266527027923425
515000000,Wonoayu,2,1,0,"Garasi, Dapur terpadu, Halaman terbuka, Listrik, Pendingin ruangan (AC), Pemandangan panorama, Air, Sebagian perabotan","Keamanan, Gym, Taman, Keamanan 24 jam, Cctv, Taman bermain anak, Rumah jaga",1,295,295,-7.43367054,112.5930468,8.317619146996128,3.6773948101847482,2.2430348141812697,14.36088611354049,2.132354994336544,13.39773262760018,11.776371060234583,3.249173695185508,3.330313709609985,2.90310158134347,24.9186519328561,3.150448534314926,31.424329455799917
543000000,Tanggulangin,2,1,0,"Garasi, Dapur terpadu, Air, Tanpa perabotan, Pendingin ruangan (AC), Pemandangan panorama, Listrik","Keamanan, Gym, Taman, Keamanan 24 jam, Cctv, Taman bermain anak, Rumah jaga",1,300,300,-7.50246405,112.7091935,1.7573066699660456,2.6970354287052523,4.610180184293684,1.697485361240256,4.496927141978718,6.492677739123481,4.744941668808071,1.6546414878883162,0.5192105980143841,4.619599186680876,18.36923022167017,0.4326979768121473,15.790509940022856
320000000,Wonoayu,2,1,0,"Air, Sebagian perabotan, Listrik",Tidak Ada,1,300,300,-7.4083339,112.6183751,2.8135150884524682,2.8333359760383385,4.840133952401007,12.196921528211217,5.174213141308526,11.154878323307404,10.125310482851246,3.5318226306903626,2.926310705560819,4.6817793739978955,19.965614123396577,5.092648141465796,26.22803736298478
900000000,Krembung,4,3,0,Tanpa perabotan,Tidak Ada,1,500,300,-7.5268,112.6637,7.897964304890424,5.746944313646923,11.595983823228744,5.080471131588505,2.9084892085807916,13.86411005897739,4.327001334309074,3.2497048287726704,5.271918746566726,11.809318618554444,25.558949653543745,5.224403820950287,21.663263641896513
227000000,Tanggulangin,2,1,0,"Garasi, Pendingin ruangan (AC), Kitchen set, Sistem Alarm, Teras, Jaringan internet, Balkon, Halaman terbuka, Tanpa perabotan","Keamanan, Taman bermain anak, Kolam renang, Taman",1,350,302,-7.49958,112.69992,1.9426344718269661,2.126644491514655,5.456488540574383,2.5437937175209524,5.343235498259415,7.338986095404178,6.191868166225016,0.3717917027889665,2.095439948876127,5.465907542961573,19.215538577950873,2.00892732767389,15.223864309889654
17500000000,Balongbendo,1,1,0,"Garasi, Tanpa perabotan, Halaman terbuka",Tidak Ada,1,450,302,-7.4217,112.5322,13.817733754985147,5.633311883721431,6.851203125442745,20.825657647822325,7.105650917280584,21.494939892249818,19.873578324884207,1.7874400151432508,3.8789929303946247,6.643186608307286,29.542404693429454,3.8741381917402107,34.85677348259587
3880000000,Balongbendo,5,4,0,Tanpa perabotan,Tidak Ada,1,450,302,-7.4217,112.5322,13.817733754985147,5.633311883721431,6.851203125442745,20.825657647822325,7.105650917280584,21.494939892249818,19.873578324884207,1.7874400151432508,3.8789929303946247,6.643186608307286,29.542404693429454,3.8741381917402107,34.85677348259587
975000000,Krembung,2,1,0,"Sebagian perabotan, Setengah terpisah",Tidak Ada,1,470,305,-7.5268,112.6637,7.897964304890424,5.746944313646923,11.595983823228744,5.080471131588505,2.9084892085807916,13.86411005897739,4.327001334309074,3.2497048287726704,5.271918746566726,11.809318618554444,25.558949653543745,5.224403820950287,21.663263641896513
650000000,Buduran,3,1,1,"Garasi, Ruang layanan, Air, Tanpa perabotan, Halaman, Tangki air, Listrik, Teras",Akses bagi penyandang disabilitas,1,121,306,-7.4163671,112.7256603,1.5183174197159752,0.9745229553760499,1.9199352976075181,1.6124347869772109,1.7747503040935362,3.618134064796516,3.152566857153954,2.7079685474134485,3.5640707924562856,6.372000990656134,8.193795445546158,3.5640707924562856,21.638483048032544
1200000000,Balongbendo,3,2,0,Tanpa perabotan,Tidak Ada,1,400,309,-7.4217,112.5322,13.817733754985147,5.633311883721431,6.851203125442745,20.825657647822325,7.105650917280584,21.494939892249818,19.873578324884207,1.7874400151432508,3.8789929303946247,6.643186608307286,29.542404693429454,3.8741381917402107,34.85677348259587
633500000,Wonoayu,3,3,0,"Garasi, Air, Tanpa perabotan, Halaman terbuka, Listrik, Pagar penuh","Keamanan, Taman bermain anak, Rumah jaga, Kolam renang, Taman, Keamanan 24 jam",1,287,315,-7.446138,112.6514882,3.7854739776183073,3.5780614086982103,2.194564527519025,7.529161139900217,4.6782349211854495,6.566007653959908,4.944646086594313,3.4666806119499323,2.316424651329201,7.973837334255214,18.280959853957583,2.316424651329201,19.319269395448217
865000000,Balongbendo,2,1,0,"Jaringan internet, Tanpa perabotan, Halaman terbuka","Keamanan, Taman",1,395,315,-7.4217,112.5322,13.817733754985147,5.633311883721431,6.851203125442745,20.825657647822325,7.105650917280584,21.494939892249818,19.873578324884207,1.7874400151432508,3.8789929303946247,6.643186608307286,29.542404693429454,3.8741381917402107,34.85677348259587
915000000,Balongbendo,3,2,0,"Garasi, Tanpa perabotan, Jaringan internet","Keamanan, Taman, Taman bermain anak, Lapangan tenis",1,395,315,-7.4217,112.5322,13.817733754985147,5.633311883721431,6.851203125442745,20.825657647822325,7.105650917280584,21.494939892249818,19.873578324884207,1.7874400151432508,3.8789929303946247,6.643186608307286,29.542404693429454,3.8741381917402107,34.85677348259587
299000000,Tanggulangin,2,1,0,"Halaman terbuka, Tanpa perabotan",Taman,1,339,339,-7.49958,112.69992,1.9426344718269661,2.126644491514655,5.456488540574383,2.5437937175209524,5.343235498259415,7.338986095404178,6.191868166225016,0.3717917027889665,2.095439948876127,5.465907542961573,19.215538577950873,2.00892732767389,15.223864309889654
382250000,Krembung,2,1,0,"Garasi, Dapur terpadu, Halaman terbuka, Air, Tanpa perabotan, Pagar penuh, Jaringan internet, TV kabel, Ruang kantor, Listrik, Teras, Wifi","Keamanan, Kolam renang, Taman, Lapangan tenis, Cctv, Taman bermain anak, Rumah jaga",1,800,350,-7.50875445,112.6226665,4.047952020812177,10.390887302083632,11.026313884483448,10.243300529016283,8.071318606008576,14.294882158460563,9.489830731736859,9.12792718793622,7.255431005340285,14.434849740567536,26.84448635977937,7.255431005340285,21.431411430207987
502000000,Jabon,2,1,0,Tanpa perabotan,"Taman, Rumah jaga",1,505,352,-7.5590563,112.7509656,15.248388564669009,13.935156161952385,18.68358706355502,9.810158466370613,9.736766964176173,19.983759633826452,10.25046776694596,9.73375081496529,9.790644973051691,18.11068108138385,31.827328242944198,9.790644973051691,
800000000,Balongbendo,3,2,0,"Garasi, Kitchen set, Tanpa perabotan, Balkon, Halaman terbuka, Teras","Keamanan, Taman bermain anak, Lapangan tenis, Kolam renang, Taman",1,360,360,-7.4217,112.5322,13.817733754985147,5.633311883721431,6.851203125442745,20.825657647822325,7.105650917280584,21.494939892249818,19.873578324884207,1.7874400151432508,3.8789929303946247,6.643186608307286,29.542404693429454,3.8741381917402107,34.85677348259587
481000000,Krembung,2,1,0,"Garasi, Tanpa perabotan","Keamanan, Taman",1,650,366,-7.5268,112.6637,7.897964304890424,5.746944313646923,11.595983823228744,5.080471131588505,2.9084892085807916,13.86411005897739,4.327001334309074,3.2497048287726704,5.271918746566726,11.809318618554444,25.558949653543745,5.224403820950287,21.663263641896513
1000000000,Balongbendo,3,2,0,"Garasi, Tanpa perabotan",Tidak Ada,1,433,376,-7.4217,112.5322,13.817733754985147,5.633311883721431,6.851203125442745,20.825657647822325,7.105650917280584,21.494939892249818,19.873578324884207,1.7874400151432508,3.8789929303946247,6.643186608307286,29.542404693429454,3.8741381917402107,34.85677348259587
688000000,Porong,2,1,0,"Garasi, Halaman terbuka, Listrik, Dapur terpadu, Air, Sebagian perabotan","Keamanan, Gym, Taman, Keamanan 24 jam, Cctv, Taman bermain anak, Rumah jaga",1,643,381,-7.5402368,112.69314,6.558201123842492,4.349073216121524,9.41107463817013,0.8957170240667418,0.9162561504355617,11.293572192999934,0.514138071615595,0.6162631083201825,1.226677013254889,9.420493640557325,23.17012467554663,1.226677013254889,
1900000000,Balongbendo,3,2,0,Tanpa perabotan,Tidak Ada,1,414,416,-7.4217,112.5322,13.817733754985147,5.633311883721431,6.851203125442745,20.825657647822325,7.105650917280584,21.494939892249818,19.873578324884207,1.7874400151432508,3.8789929303946247,6.643186608307286,29.542404693429454,3.8741381917402107,34.85677348259587
235000000,Prambon,2,1,0,"Garasi, Halaman terbuka, Jaringan internet, Tanpa perabotan",Tidak Ada,1,250,427,-7.4734,112.559,4.949826157878753,7.903281944202283,7.6570349675912075,20.251398126047615,7.576843769297857,19.288244640107315,16.912531114769465,9.58824328891351,6.021374631616242,8.042328050604258,30.809163945363228,5.859262663718121,25.892435913984226
695000000,Krembung,2,1,0,"Garasi, Dapur terpadu, Halaman terbuka, Listrik, Pendingin ruangan (AC), Pemandangan panorama, Air, Tanpa perabotan","Keamanan, Gym, Taman, Keamanan 24 jam, Cctv, Taman bermain anak, Rumah jaga",1,700,453,-7.50875445,112.6226665,4.047952020812177,10.390887302083632,11.026313884483448,10.243300529016283,8.071318606008576,14.294882158460563,9.489830731736859,9.12792718793622,7.255431005340285,14.434849740567536,26.84448635977937,7.255431005340285,21.431411430207987
978000000,Balongbendo,2,2,0,"Garasi, Tanpa perabotan, Halaman terbuka","Keamanan, Taman",1,400,516,-7.4217,112.5322,13.817733754985147,5.633311883721431,6.851203125442745,20.825657647822325,7.105650917280584,21.494939892249818,19.873578324884207,1.7874400151432508,3.8789929303946247,6.643186608307286,29.542404693429454,3.8741381917402107,34.85677348259587
400000000,Jabon,2,1,0,"Garasi, Tanpa perabotan","Keamanan, Taman, Taman bermain anak",1,528,528,-7.5411,112.7309,8.816549206654264,8.537327981552822,11.27775910578674,4.412330285971048,4.33893878377661,13.354817803727924,4.852639586546397,4.788846933283391,4.39281679265213,11.481739251285315,23.364833435725178,4.446958129641337,
1340000000,Waru,5,3,0,Sebagian perabotan,Keamanan 24 jam,2,120,656,-7.3399267,112.7562893,2.597476493043447,2.509802729772295,2.680404846698809,4.61074619100732,2.5521507917680872,6.533520774430655,1.9777849071346605,0.6872176685980418,5.149768390077884,6.626076657756205,6.35768863135578,5.130909239496241,4.3100229461736
900000000,Waru,2,1,0,Tanpa perabotan,Tidak Ada,1,160,765,-7.3549225,112.8122669,4.858228539857773,8.123362408623096,8.339819712463758,2.8280267807944943,5.258131603010219,12.888746685113974,7.011959208096881,5.2209537692389825,11.409809381602072,7.694801342535252,1.1096697663558213,11.390950231020426,5.254627006104197
675000000,Krembung,3,2,0,"Garasi, Balkon, Sebagian perabotan, Pendingin ruangan (AC), Halaman terbuka","Keamanan, Taman",1,765,765,-7.5268,112.6637,7.897964304890424,5.746944313646923,11.595983823228744,5.080471131588505,2.9084892085807916,13.86411005897739,4.327001334309074,3.2497048287726704,5.271918746566726,11.809318618554444,25.558949653543745,5.224403820950287,21.663263641896513
950000000,Jabon,4,2,0,"Garasi, Tanpa perabotan",Keamanan,1,600,915,-7.5411,112.7309,8.816549206654264,8.537327981552822,11.27775910578674,4.412330285971048,4.33893878377661,13.354817803727924,4.852639586546397,4.788846933283391,4.39281679265213,11.481739251285315,23.364833435725178,4.446958129641337,
750000000,Krembung,2,1,0,"Garasi, Setengah terpisah, Sebagian perabotan",Taman,1,700,918,-7.5268,112.6637,7.897964304890424,5.746944313646923,11.595983823228744,5.080471131588505,2.9084892085807916,13.86411005897739,4.327001334309074,3.2497048287726704,5.271918746566726,11.809318618554444,25.558949653543745,5.224403820950287,21.663263641896513
