Harga_Asli,kecamatan,bedroom,bathrooms,jumlah_guest_toilet,list_facilities,lantai,area_digunakan,luas_tanah,latitude,longitude
375000000.0,Krian,2,1,1,"Garasi, AC, Halaman, Tanpa perabotan, Internet, Pemandangan panorama, Listrik",1,72,72,-7.39462226,112.57985037
390000000.0,Sedati,2,1,1,"Garasi, AC, Air, Tanpa perabotan, Fully fenced, Internet, Halaman, Listrik, Teras, Wifi",1,36,72,-7.371738099999999,112.7637334
1470000000.0,Waru,3,3,3,"Garasi, Balkon, Ruang layanan, Air, Sebagian perabotan, AC, Dapur lengkap, Tangki air, Listrik, Teras",2,100,100,-7.3423873,112.7160201
587000000.0,Sidoarjo,2,1,0,"Garasi, Listrik, Wifi, Internet, Tanpa perabotan",1,90,45,-7.44977187,112.70154957
890000000.0,Candi,3,2,2,"Garasi, AC, Pemandangan panorama, Tangki air, Air, Rubanah, Teras, Fully fenced, Internet, Balkon, Halaman, Alarm, Listrik, Tanpa perabotan, Deck, Wifi",2,60,72,-7.4622498,112.6958457
600000000.0,Sedati,2,1,0,"Garasi, Listrik, Air, Tanpa perabotan",1,32,72,-7.38858856,112.80654229
560000000.0,Sukodono,2,1,1,"Garasi, AC, Listrik, Wifi, Internet, Kabel video, Tanpa perabotan",1,36,72,-7.40705114,112.69867659
655500000.0,Buduran,2,1,1,"Garasi, Listrik, Air, Tanpa perabotan",1,45,72,-7.41274316,112.75393019
1150000000.0,Waru,3,2,2,"Garasi, Balkon, Kabel video, Ruang layanan, Gas alam, Ruang kantor, Listrik, Tanpa perabotan, Deck, Wifi, Internet, Dapur lengkap, Halaman, Alarm, Perapian, Air, Rubanah, Teras, Fully fenced",2,180,150,-7.3517813,112.7846068
390000000.0,Sedati,2,1,1,"Dapur lengkap, Tanpa perabotan, Listrik",1,36,72,-7.40573552,112.76139334
758000000.0,Gedangan,2,2,2,"Garasi, AC, Pemandangan panorama, Air, Tanpa perabotan, Internet, Dapur terpadu, Halaman, Listrik",1,56,90,-7.3896762,112.7279598
800000000.0,Sedati,3,2,0,Tidak Ada,1,74,74,-7.3742329,112.7585991
400000000.0,Sedati,2,1,0,Tanpa perabotan,1,39,77,-7.3995145,112.8018209
770000000.0,Waru,3,1,0,Tanpa perabotan,1,110,120,-7.3450183,112.7493425
979000000.0,Sidoarjo,3,3,3,"Garasi, Balkon, Kabel video, Tangki air, Air, Rubanah, Teras, Wifi, Internet, Pemandangan panorama, Halaman, Alarm, Listrik, Tanpa perabotan, Fully fenced",2,85,72,-7.44986429,112.70226136
600000000.0,Sidoarjo,2,1,0,"Garasi, AC, Dapur terpadu, Kabel video, Listrik, Teras, Wifi, Internet, Dapur lengkap, Pemandangan panorama, Gas alam, Berperabot lengkap, Fully fenced",1,84,84,-7.44225619,112.69840669
2500000000.0,Taman,3,2,2,"Garasi, Fully fenced, Tanpa perabotan",2,100,121,-7.374592,112.6395609
500000000.0,Sidoarjo,2,2,0,"Garasi, Air, Halaman, Wifi",2,42,80,-7.4245342,112.6815738
375000000.0,Krian,2,1,1,"Garasi, Pemandangan panorama, Air, Tanpa perabotan, Internet, Halaman, Listrik",1,36,72,-7.40299,112.5873906
5900000000.0,Waru,22,22,2,Berperabot lengkap,2,550,238,-7.3517813,112.7846068
650000000.0,Candi,2,1,1,"Listrik, Fully fenced, Tanpa perabotan",1,202,202,-7.4849269,112.7435171
890000000.0,Candi,3,2,2,"Garasi, Balkon, Pemandangan panorama, Tangki air, Listrik, Teras, Internet, Dapur lengkap, Halaman, Air, Berperabot lengkap, Wifi",2,60,72,-7.4622498,112.6958457
555000000.0,Sukodono,2,1,1,"Garasi, Listrik, Air, Tanpa perabotan",1,40,90,-7.4214909,112.6838001
1100000000.0,Sidoarjo,2,1,0,Tanpa perabotan,1,60,96,-7.4356925,112.6881399
890000000.0,Sidoarjo,2,1,0,Sebagian perabotan,1,80,108,-7.4407717,112.7196817
635000000.0,Waru,2,1,1,"Garasi, AC, Kabel video, Tangki air, Air, Tanpa perabotan, Wifi, Internet, Balkon, Halaman, Ruang kantor, Listrik, Teras",1,36,72,-7.36052499,112.78848968
582000000.0,Candi,2,1,1,"Garasi, AC, Pemanasan, Kabel video, Ruang layanan, Alarm, Ruang kantor, Listrik, Tanpa perabotan, Deck, Internet, Balkon, Pemandangan panorama, Halaman, Tangki air, Perapian, Air, Rubanah, Teras, Wifi",1,38,72,-7.460157,112.6860198
970000000.0,Gedangan,2,1,0,Sebagian perabotan,1,80,158,-7.3885665,112.7323259
1080000000.0,Waru,3,2,0,"AC, Sebagian perabotan",1,110,156,-7.3621237,112.744203
1470000000.0,Waru,3,3,0,"Garasi, Dapur terpadu, Air, Sebagian perabotan, Deck, Wifi, Internet, Halaman, Listrik, Teras, Fully fenced",2,100,100,-7.3423873,112.7160201
499000000.0,Sedati,2,1,1,"Garasi, Tanpa perabotan, AC",1,40,90,-7.3667591,112.8073937
1900000000.0,Waru,2,2,0,"Garasi, Dapur lengkap, Tangki air, Listrik, Teras, AC, Halaman, Lemari pakaian bawaan, Sebagian perabotan, Fully fenced",1,70,150,-7.3432711,112.7683327
35000000.0,Waru,0,0,1,Garasi,1,6,6,-7.35174855,112.76726503
1470000000.0,Waru,3,3,0,Tanpa perabotan,2,100,100,-7.3423873,112.7160201
500000000.0,Sidoarjo,2,1,0,"Garasi, Air, Sebagian perabotan, AC, Listrik, Fully fenced",1,60,84,-7.44834168,112.70175073
1780000000.0,Sedati,0,3,2,Berperabot lengkap,2,90,94,-7.3788716,112.787289
595000000.0,Sukodono,2,1,1,"Garasi, Air, Tanpa perabotan, Wifi, Internet, Listrik, Deck",1,43,75,-7.408064,112.6943559
2500000000.0,Taman,5,2,0,Tanpa perabotan,2,400,200,-7.3682573,112.7077638
420000000.0,Sukodono,2,1,0,Tanpa perabotan,1,55,67,-7.3831573,112.6883969
2420000000.0,Waru,4,3,0,"Garasi, Dapur lengkap, Listrik, Fully fenced, AC, Dapur terpadu, Berperabot lengkap",1,200,247,-7.3590139,112.7420717
850000000.0,Taman,2,2,2,"Garasi, Tanpa perabotan",2,96,120,-7.36271,112.68037
550000000.0,Sukodono,3,2,0,Tanpa perabotan,1,120,90,-7.3992102,112.6761279
410000000.0,Waru,2,1,1,"Garasi, AC, Halaman, Air, Tanpa perabotan, Fully fenced, Internet, Dapur lengkap, Alarm, Listrik, Teras, Wifi",1,36,72,-7.3503078,112.7674661
391000000.0,Gedangan,2,1,1,"Garasi, AC, Halaman, Listrik, Teras, Wifi, Internet, Dapur lengkap, Air, Tanpa perabotan, Fully fenced",1,36,72,-7.3896762,112.7279598
390000000.0,Sedati,2,1,1,"Garasi, Halaman, Listrik, Teras, Wifi, Internet, Air, Tanpa perabotan, Fully fenced",1,36,72,-7.3717382,112.76373357
419000000.0,Buduran,2,1,1,"Garasi, AC, Pemanasan, Halaman, Tanpa perabotan, Wifi, Internet, Dapur lengkap, Kabel video, Air, Teras",1,36,72,-7.425129,112.7230909
382000000.0,Waru,2,1,1,"Garasi, AC, Kabel video, Air, Tanpa perabotan, Fully fenced, Internet, Dapur lengkap, Halaman, Listrik, Teras, Wifi",1,36,72,-7.3503078,112.7674661
90000000.0,Waru,2,2,2,"Garasi, AC, Kabel video, Ruang layanan, Berperabot lengkap, Internet, Dapur terpadu, Halaman, Air, Wifi",2,60,72,-7.35128,112.8135304
565000000.0,Gedangan,2,1,1,"Garasi, AC, Halaman, Listrik, Teras, Wifi, Internet, Dapur lengkap, Air, Tanpa perabotan, Fully fenced",1,44,96,-7.3896762,112.7279598
540000000.0,Sedati,2,1,1,"Garasi, AC, Kabel video, Air, Tanpa perabotan, Internet, Dapur lengkap, Halaman, Listrik, Wifi",1,44,90,-7.395451,112.769745
1050000000.0,Buduran,3,2,0,"Halaman, Tanpa perabotan, Air, Fully fenced",1,100,202,-7.44478681,112.70251416
407000000.0,Gedangan,2,1,1,"Garasi, Dapur lengkap, Halaman, Listrik, Teras, Wifi, Internet, Kabel video, Air, Tanpa perabotan, Fully fenced",1,36,72,-7.40567335,112.72605691
608000000.0,Gedangan,2,1,1,"Garasi, Halaman, Air, Deck, Pemandangan panorama, Ruang layanan, Listrik",1,43,75,-7.3896762,112.7279598
602000000.0,Sedati,2,1,0,"Garasi, Listrik, Air, Teras",1,45,75,-7.3717381,112.7637334
500000000.0,Sukodono,2,1,1,"Garasi, Dapur terpadu, Tanpa perabotan, AC, Air",1,40,90,-7.41472201,112.69134209
385000000.0,Wonoayu,2,1,1,"Internet, Air, Tanpa perabotan, Halaman, Listrik",1,40,91,-7.43716,112.62222
425000000.0,Krian,2,1,1,"Garasi, AC, Pemandangan panorama, Air, Tanpa perabotan, Internet, Dapur terpadu, Halaman, Listrik",1,36,72,-7.40132192,112.58808445
575000000.0,Sidoarjo,2,1,1,"Garasi, Halaman, Listrik, Dapur terpadu, Air, Tanpa perabotan",1,40,90,-7.422559,112.681056
650000000.0,Sidoarjo,2,1,1,"Garasi, Halaman, Listrik, Dapur terpadu, Air, Sebagian perabotan",1,39,105,-7.412324,112.5378369
585000000.0,Sukodono,2,1,1,"Garasi, AC, Pemandangan panorama, Air, Sebagian perabotan, Internet, Dapur terpadu, Halaman, Listrik",1,36,75,-7.3982913,112.6883969
390000000.0,Sedati,2,1,1,"Garasi, Halaman, Listrik, Fully fenced, Pemandangan panorama, Air, Tanpa perabotan",1,36,72,-7.40081,112.80328
600000000.0,Sukodono,2,1,0,"Garasi, Listrik, Halaman, Sebagian perabotan",1,45,75,-7.394061,112.6738809
455000000.0,Sukodono,2,1,1,Tidak Ada,1,66,78,-7.3884639,112.7037735
475000000.0,Candi,2,1,0,Tanpa perabotan,1,91,91,-7.4582129,112.6904798
355000000.0,Tulangan,2,1,1,Tidak Ada,1,90,90,-7.4494294,112.6391366
445000000.0,Gedangan,2,1,0,"Garasi, Air, Tanpa perabotan, Pemandangan panorama, Listrik, Teras",1,28,72,-7.3981827,112.70916636
900000000.0,Sukodono,3,2,2,"Garasi, AC, Dapur lengkap, Perapian, Tanpa perabotan, Internet, Balkon, Dapur terpadu, Listrik, Deck",2,60,72,-7.3801702,112.6900453
1500000000.0,Candi,4,3,3,"Garasi, AC, Kabel video, Tangki air, Tanpa perabotan, Deck, Internet, Balkon, Halaman, Air, Teras",2,126,131,-7.46987142,112.6988345
1600000000.0,Buduran,3,2,0,Tanpa perabotan,1,144,144,-7.436595,112.694927
585580000.0,Taman,1,1,0,"Garasi, Air, Teras, Pemandangan panorama, Listrik",1,36,72,-7.37362324,112.64100267
380000000.0,Krian,2,1,1,"Garasi, Kabel video, Internet, Listrik",1,72,72,-7.40299,112.5873906
340000000.0,Sukodono,2,1,1,"Garasi, Listrik, Teras, Internet, Tanpa perabotan, Wifi",2,120,90,-7.4191134,112.6764786
450000000.0,Sedati,2,1,0,"Garasi, Listrik, Air, Sebagian perabotan",1,99,99,-7.3952,112.7675
227000000.0,Tanggulangin,2,1,0,Tidak Ada,1,55,88,-7.50246405,112.70919353
1700000000.0,Buduran,4,3,3,"Garasi, Balkon, Tanpa perabotan, Internet, Listrik",3,1,122,-7.4251569,112.7230062
449000000.0,Sedati,2,1,1,"Garasi, Air, Tanpa perabotan, AC, Listrik",1,38,96,-7.40599519,112.77146269
650000000.0,Waru,2,1,1,"Halaman, Air, Tanpa perabotan, Tangki air, Listrik, Teras",1,38,72,-7.3517813,112.7846068
450000000.0,Sedati,2,1,0,"Air, Tanpa perabotan, Listrik",1,99,99,-7.4057354,112.7613933
849000000.0,Gedangan,2,1,0,Berperabot lengkap,1,69,90,-7.39615901,112.74628948
850000000.0,Waru,3,2,2,"Garasi, Dapur lengkap, Tangki air, Tanpa perabotan, Balkon, Halaman, Air, Teras",2,59,72,-7.35128,112.8135304
1110000000.0,Waru,2,1,1,"Garasi, Tanpa perabotan",1,55,119,-7.36133582,112.71242808
1970000000.0,Tanggulangin,3,2,2,"Garasi, Pemanasan, Tangki air, Listrik, AC, Halaman, Gas alam, Tanpa perabotan",1,180,295,-7.49958,112.69992
498000000.0,Taman,2,1,1,Tidak Ada,1,36,72,-7.35427935,112.67680116
499000000.0,Sedati,2,1,1,"Garasi, Halaman, Listrik, Fully fenced, Internet, Air, Tanpa perabotan, Wifi",1,40,72,-7.37121683,112.80501813
860000000.0,Waru,3,2,2,Tanpa perabotan,2,150,120,-7.3399267,112.7562893
4690000000.0,Sedati,5,4,4,"Pemandangan panorama, Berperabot lengkap",2,240,216,-7.36768,112.7751655
460000000.0,Sedati,2,1,1,"Balkon, Halaman, Dapur lengkap, Sebagian perabotan",2,48,48,-7.3717382,112.76373357
325000000.0,Krembung,2,1,0,"Garasi, Sebagian perabotan",1,36,50,-7.5268,112.6637
2700000000.0,Waru,4,2,2,"Internet, Tangki air, Listrik, Dapur lengkap, Air, Sebagian perabotan",1,120,180,-7.3525313,112.71572102
350000000.0,Tulangan,2,1,1,"Garasi, Tangki air, Air, Teras, Halaman, Ruang kantor, Tanpa perabotan, Wifi",1,60,90,-7.4785275,112.65230622
2160000000.0,Waru,4,2,2,"Air, Tanpa perabotan, Listrik",2,287,315,-7.3627361,112.7402295
800000000.0,Taman,3,2,2,"Internet, Tangki air, Sebagian perabotan, Dapur lengkap, Gas alam",3,190,84,-7.3570383,112.6934908
1880000000.0,Sedati,4,3,3,Tanpa perabotan,2,130,104,-7.36768,112.7751655
990000000.0,Waru,3,2,0,Tidak Ada,1,100,60,-7.3432711,112.7683327
1800000000.0,Waru,22,6,0,Tidak Ada,2,400,200,-7.3588392,112.7583752
425000000.0,Wonoayu,2,1,1,"Garasi, Air, Teras, Pemandangan panorama, Listrik",1,60,90,-7.4219617,112.6468617
2500000000.0,Waru,5,5,0,"Garasi, AC, Dapur lengkap, Dapur terpadu, Gas alam, Listrik, Teras, Wifi, Internet, Balkon, Pemanasan, Kabel video, Air, Sebagian perabotan, Deck",1,540,270,-7.3562163,112.7610386
970000000.0,Waru,3,2,0,"AC, Sebagian perabotan",2,100,60,-7.3517813,112.7846068
800000000.0,Waru,2,1,1,Tidak Ada,1,150,150,-7.3464372,112.799382
160000000.0,Sukodono,2,1,0,Tidak Ada,1,40,40,-7.4191007,112.6764056
1250000000.0,Sidoarjo,3,1,0,Tanpa perabotan,1,83,135,-7.44726655,112.69595079
330000000.0,Waru,2,1,0,Tanpa perabotan,1,40,60,-7.35128,112.8135304
1700000000.0,Tulangan,2,1,0,"AC, Tanpa perabotan",1,75,52,-7.46041,112.656837
1450000000.0,Sidoarjo,3,2,0,"AC, Sebagian perabotan, Dapur lengkap",1,110,150,-7.4217,112.5322
550000000.0,Sedati,2,1,0,Tanpa perabotan,1,40,72,-7.3952,112.7675
2000000000.0,Waru,4,4,4,Tidak Ada,1,210,178,-7.3664657,112.7283684
550000000.0,Sukodono,2,1,0,"Air, Tanpa perabotan, Listrik",1,96,96,-7.4254371,112.6815302
600000000.0,Buduran,2,1,0,"Air, Tanpa perabotan, Listrik",1,105,105,-7.422037499999999,112.751077
1500000000.0,Gedangan,5,3,3,Tidak Ada,1,180,105,-7.391717,112.7306136
750000000.0,Gedangan,2,2,2,Tidak Ada,1,60,105,-7.391717,112.7306136
750000000.0,Candi,2,1,1,"Air, Tanpa perabotan, Listrik",1,96,96,-7.4644539,112.7018048
270000000.0,Sukodono,2,1,0,"Air, Tanpa perabotan, Listrik",1,35,35,-7.394061,112.6738809
1700000000.0,Gedangan,4,2,2,Tidak Ada,1,300,200,-7.391717,112.7306136
525000000.0,Sukodono,3,1,1,"Garasi, Berperabot lengkap, Halaman, Fully fenced",2,60,60,-7.3831573,112.6883969
1500000000.0,Waru,3,2,0,Tidak Ada,1,160,180,-7.345876100000001,112.7748086
1350000000.0,Waru,3,3,0,Tidak Ada,2,120,90,-7.345331,112.7739507
1950000000.0,Waru,3,2,0,Tidak Ada,1,240,252,-7.345876100000001,112.7748086
850000000.0,Prambon,3,1,0,"Air, Tanpa perabotan, Listrik",1,116,116,-7.438294999999999,112.573007
585000000.0,Buduran,2,1,1,"Tangki air, Ruang kantor, Tanpa perabotan, Fully fenced, Alarm, Air, Teras",1,45,78,-7.419366600000001,112.7658623
395000000.0,Sedati,2,1,1,"Internet, Ruang layanan, Air, Tanpa perabotan, Fully fenced, Balkon, Alarm, Listrik, Teras",1,36,72,-7.405735399999999,112.7613933
825000000.0,Sidoarjo,2,2,2,"Garasi, Pemandangan panorama, Alarm, Air, Sebagian perabotan, Wifi, Pemanasan, Halaman, Perapian, Listrik, Fully fenced",2,54,73,-7.4502944,112.681783
780000000.0,Sukodono,3,2,2,"Garasi, Halaman, Alarm, Tanpa perabotan, Wifi, Internet, Ruang layanan, Air, Teras",2,62,75,-7.408064,112.6943559
1650000000.0,Sidoarjo,4,3,0,Tidak Ada,1,110,96,-7.447266399999999,112.6959507
650000000.0,Sidoarjo,3,2,0,Tanpa perabotan,1,88,88,-7.4463004,112.7107433
400000000.0,Candi,4,2,0,Tidak Ada,1,138,90,-7.4781286,112.7479374
700000000.0,Krian,3,2,2,"Garasi, Halaman, Listrik, Fully fenced, Dapur terpadu, Air, Tanpa perabotan",1,80,130,-7.4316249,112.5779178
565000000.0,Sukodono,4,2,0,Tidak Ada,2,200,90,-7.4092129,112.6698638
650000000.0,Sidoarjo,3,2,0,Tanpa perabotan,1,120,120,-7.4362461,112.6855113
500000000.0,Sidoarjo,2,1,0,Tanpa perabotan,1,120,99,-7.441595,112.6885379
800000000.0,Taman,3,2,0,Tanpa perabotan,2,156,78,-7.3654019,112.7126562
650000000.0,Candi,2,1,0,Tanpa perabotan,1,91,91,-7.4966669,112.7143688
2000000000.0,Waru,4,3,3,Tanpa perabotan,2,125,120,-7.3515939,112.7822375
2500000000.0,Waru,4,4,4,Tanpa perabotan,2,200,150,-7.3517813,112.7846068
2500000000.0,Waru,4,3,0,"Air, Listrik",1,180,180,-7.3432711,112.7683327
1050000000.0,Taman,4,2,0,Tidak Ada,2,225,168,-7.367875,112.6955381
850000000.0,Prambon,3,1,0,"AC, Listrik, Air, Sebagian perabotan",1,116,116,-7.438294999999999,112.573007
500000000.0,Sidoarjo,2,1,1,Tidak Ada,1,60,90,-7.4541053,112.7302448
600000000.0,Prambon,2,1,0,"Garasi, Listrik, Air, Tanpa perabotan",1,70,132,-7.4457506,112.5707595
695000000.0,Taman,2,1,0,Tanpa perabotan,2,80,66,-7.36625948,112.70658743
500000000.0,Sidoarjo,2,1,0,Tanpa perabotan,1,84,84,-7.45689945,112.73076855
764000000.0,Buduran,3,2,2,"Garasi, AC, Halaman, Alarm, Teras, Internet, Dapur terpadu, Tangki air, Tanpa perabotan, Wifi",2,80,91,-7.4193666,112.7658623
515000000.0,Sedati,2,1,1,"Garasi, Halaman, Listrik, Deck, Pemandangan panorama, Air, Sebagian perabotan",1,40,84,-7.3717382,112.76373357
950000000.0,Sidoarjo,4,2,0,Tanpa perabotan,2,200,120,-7.4577208,112.7308424
1100000000.0,Buduran,4,2,0,Tanpa perabotan,2,200,120,-7.4221052,112.7112938
600000000.0,Gedangan,2,1,1,Tanpa perabotan,1,75,90,-7.3965211,112.7462057
900000000.0,Waru,5,2,0,"Air, Tanpa perabotan, Listrik",2,135,135,-7.363997,112.7668821
600000000.0,Buduran,2,1,1,"Air, Sebagian perabotan, Listrik, Fully fenced",1,105,105,-7.422037499999999,112.751077
520000000.0,Sidoarjo,2,1,0,Tanpa perabotan,1,50,84,-7.4428037,112.6936111
600000000.0,Buduran,2,1,0,Tanpa perabotan,1,90,90,-7.436595,112.694927
600000000.0,Buduran,6,3,0,Tanpa perabotan,2,200,120,-7.443083,112.7029373
600200000.0,Candi,2,1,0,"Garasi, Listrik, Air, Teras",1,45,75,-7.4673674,112.7023641
601000000.0,Krian,2,1,0,"Garasi, Teras",1,45,75,-7.40299,112.5873906
2100000000.0,Buduran,7,4,0,"Garasi, Air, Tanpa perabotan, Fully fenced, Halaman, Listrik, Teras",2,200,200,-7.4355145,112.6987914
700000000.0,Sukodono,2,2,0,"Garasi, Air, Sebagian perabotan, AC, Listrik",2,75,75,-7.3949365,112.6771915
580000000.0,Sukodono,2,1,0,"AC, Air, Tanpa perabotan, Halaman, Listrik, Teras",1,72,72,-7.3992549,112.6761485
165000000.0,Sidoarjo,2,1,1,Tanpa perabotan,1,45,60,-7.43309838,112.66865697
1470000000.0,Waru,3,3,0,"Balkon, Dapur terpadu, Tangki air, Sebagian perabotan, Dapur lengkap, Halaman, Air",2,100,100,-7.3423873,112.7160201
475000000.0,Sidoarjo,2,1,1,"Garasi, Perapian, Wifi, Halaman, Listrik",1,60,84,-7.4578331,112.7278553
1700000000.0,Sidoarjo,4,3,0,Tanpa perabotan,2,110,96,-7.44726655,112.69595079
650000000.0,Krian,3,2,2,Garasi,1,120,240,-7.3964554,112.6212499
390000000.0,Sedati,2,1,0,"Halaman, Listrik, Teras, Air, Tanpa perabotan, Fully fenced",1,72,72,-7.405735399999999,112.7613933
600000000.0,Wonoayu,3,2,0,"Air, Tanpa perabotan, Listrik, Fully fenced",1,150,150,-7.4153401,112.6526416
1000000.0,Sukodono,2,1,0,"Halaman, Listrik, Teras, Air, Tanpa perabotan",1,75,75,-7.419976500000001,112.6839275
2000000.0,Sedati,2,1,0,"Halaman, Listrik, Teras, Air, Tanpa perabotan, Fully fenced",1,72,72,-7.405735399999999,112.7613933
600000000.0,Sukodono,2,1,0,"Garasi, Halaman, Tanpa perabotan, Balkon, Listrik",55,55,35,-7.3914287,112.6988252
500000000.0,Sukodono,2,0,1,"Garasi, Balkon, Berperabot lengkap, AC, Listrik, Deck",40,40,35,-7.4104743,112.7008186
500000000.0,Sedati,2,1,0,"Dapur lengkap, Listrik, Fully fenced, Air, Sebagian perabotan",1,39,90,-7.3788716,112.787289
390000000.0,Sedati,2,1,1,"Garasi, Halaman, Air, Tanpa perabotan, Dapur lengkap, Tangki air, Listrik, Teras",1,36,72,-7.4116156,112.7751727
1000000000.0,Buduran,3,3,0,"Garasi, Tangki air, Air, Tanpa perabotan, AC, Gas alam, Listrik, Fully fenced",2,180,140,-7.44390981,112.7027636
585000000.0,Taman,2,1,1,"Garasi, Pemandangan panorama, Listrik, Teras, Internet, Halaman, Tanpa perabotan, Wifi",1,40,72,-7.37612026,112.63371382
450000000.0,Sedati,2,1,1,"Garasi, Halaman, Tanpa perabotan, Fully fenced, Internet, Listrik, Teras",1,72,72,-7.3717382,112.76373357
500000000.0,Waru,3,1,0,Tanpa perabotan,1,140,134,-7.35691754,112.76493855
499000000.0,Buduran,3,2,0,Sebagian perabotan,1,70,108,-7.436595,112.694927
515000000.0,Sidoarjo,3,1,1,"Garasi, Halaman, Listrik, Fully fenced, Internet, Air, Teras, Wifi",1,90,108,-7.44977187,112.70154957
5000000.0,Gedangan,2,1,0,"Garasi, Tangki air, Listrik, Teras, Halaman, Air, Sebagian perabotan",1,75,75,-7.396154999999999,112.7047843
700000000.0,Sidoarjo,2,1,0,"Air, Tanpa perabotan, Listrik",1,163,163,-7.452051099999999,112.6849812
1100000000.0,Gedangan,2,2,0,"Air, Tanpa perabotan, Listrik",1,120,120,-7.408289399999999,112.7137227
456000000.0,Sukodono,2,1,0,"Air, Tanpa perabotan, Listrik",1,75,75,-7.419976500000001,112.6839275
650000000.0,Sidoarjo,3,1,0,"Air, Listrik",1,120,120,-7.4584767,112.7272666
600000000.0,Wonoayu,3,2,0,"Air, Tanpa perabotan, Listrik",1,150,150,-7.4153401,112.6526416
999000000.0,Waru,0,2,1,Tanpa perabotan,1,54,135,-7.3541506,112.8078629
1200000000.0,Candi,4,3,3,"Garasi, AC, Dapur lengkap, Ruang layanan, Air, Wifi, Internet, Balkon, Halaman, Ruang kantor, Listrik",2,91,90,-7.4578412,112.6839275
407100000.0,Buduran,2,1,1,"Garasi, AC, Dapur lengkap, Dapur terpadu, Pemandangan panorama, Halaman, Tangki air, Lemari pakaian bawaan, Perapian, Air, Rubanah, Teras, Fully fenced, Internet, Balkon, Pemanasan, Jacuzzi, Kabel video, Ruang layanan, Alarm, Gas alam, Ruang kantor, Listrik, Tanpa perabotan, Deck, Wifi",32,32,72,-7.42312285,112.70831075
575000000.0,Sukodono,3,2,2,"Garasi, Kabel video, Tangki air, Sebagian perabotan, Wifi, Pemandangan panorama, Halaman, Air, Fully fenced",1,130,90,-7.4202381,112.6796843
1500000000.0,Gedangan,3,2,0,"Garasi, Balkon, Listrik, Deck, AC, Air, Sebagian perabotan, Fully fenced",2,105,105,-7.3885636,112.732315
800000000.0,Gedangan,3,2,1,"Air, Tanpa perabotan, Listrik",2,136,136,-7.3896762,112.7279598
650000000.0,Buduran,2,1,0,"Air, Tanpa perabotan, Listrik",1,72,72,-7.4116365,112.7572029
525000000.0,Sidoarjo,2,1,1,"Garasi, Halaman, Gas alam, Listrik, Pemandangan panorama, Alarm, Air, Wifi",1,90,112,-7.4431189,112.6767891
600000000.0,Sukodono,3,2,0,"Air, Tanpa perabotan, Listrik",1,150,150,-7.394061,112.6738809
385000000.0,Sukodono,2,1,0,Tanpa perabotan,1,70,91,-7.409469,112.6710278
580000000.0,Sukodono,2,1,0,"Air, Sebagian perabotan, Listrik",1,72,72,-7.3992549,112.6761485
399900000.0,Sidoarjo,2,1,0,Tanpa perabotan,1,50,72,-7.4514112,112.6871692
564900000.0,Gedangan,2,1,1,"Garasi, AC, Dapur lengkap, Dapur terpadu, Pemandangan panorama, Halaman, Tangki air, Lemari pakaian bawaan, Perapian, Air, Rubanah, Teras, Fully fenced, Internet, Balkon, Pemanasan, Jacuzzi, Kabel video, Ruang layanan, Alarm, Gas alam, Ruang kantor, Listrik, Tanpa perabotan, Deck, Wifi",36,36,72,-7.38997397,112.72339716
532000000.0,Sukodono,2,1,1,Tanpa perabotan,1,40,75,-7.4067756,112.6990146
390000000.0,Buduran,2,1,0,Tanpa perabotan,1,36,108,-7.436595,112.694927
585000000.0,Gedangan,2,1,1,"Garasi, Alarm, Tanpa perabotan, Halaman, Perapian, Wifi",1,45,90,-7.3943502,112.7474056
2100000000.0,Buduran,7,4,0,"Air, Tanpa perabotan, Fully fenced, Listrik, Teras",3,200,200,-7.4355145,112.6987914
900000000.0,Waru,5,2,0,"Air, Tanpa perabotan, Listrik",2,135,135,-7.3642821,112.7700822
1100000000.0,Gedangan,2,2,0,"Air, Tanpa perabotan, Listrik",1,120,120,-7.4039631,112.7176157
580000000.0,Gedangan,2,1,1,"Garasi, AC, Air, Sebagian perabotan, Internet, Halaman, Listrik, Wifi",1,40,90,-7.3896762,112.7279598
860000000.0,Waru,2,2,0,Tidak Ada,1,90,112,-7.3668153,112.7658126
333000000.0,Sidoarjo,3,2,2,"Garasi, Halaman, Sebagian perabotan, Wifi, Balkon, Listrik, Fully fenced",1,72,72,-7.4506261,112.7315252
640000000.0,Sukodono,2,1,0,Tanpa perabotan,1,36,90,-7.3917448,112.7010238
365000000.0,Gedangan,3,2,1,"Garasi, Fully fenced, Balkon",2,60,60,-7.3896762,112.7279598
380000000.0,Krian,2,1,1,"Garasi, Listrik, Air, Teras",1,36,78,-7.3970707,112.601646
560000000.0,Sidoarjo,2,1,1,"Garasi, Air, Halaman, Tanpa perabotan",1,110,135,-7.4540491,112.7066448
450000000.0,Sedati,2,1,0,Tanpa perabotan,1,36,73,-7.3951247,112.8082562
674000000.0,Waru,2,1,1,"Garasi, AC, Dapur lengkap, Dapur terpadu, Pemandangan panorama, Halaman, Tangki air, Lemari pakaian bawaan, Perapian, Air, Rubanah, Teras, Fully fenced, Internet, Balkon, Pemanasan, Jacuzzi, Kabel video, Ruang layanan, Alarm, Gas alam, Ruang kantor, Listrik, Tanpa perabotan, Deck, Wifi",32,32,72,-7.35444594,112.81351872
270000000.0,Sukodono,2,1,0,Tanpa perabotan,1,36,90,-7.422997,112.6889953
1510000000.0,Sidoarjo,0,0,0,Tidak Ada,1,505,352,-7.4497718,112.7015495
990000000.0,Waru,3,1,0,Tidak Ada,1,120,213,-7.3503078,112.7674661
565000000.0,Candi,2,1,1,Tanpa perabotan,1,50,98,-7.4756283,112.6936111
299000000.0,Buduran,1,1,0,"Air, Tanpa perabotan, Listrik",1,72,72,-7.4507164,112.7926759
750000000.0,Buduran,3,2,2,"Garasi, Listrik, Fully fenced, Halaman, Deck, Wifi",2,170,119,-7.425129,112.7230909
700000000.0,Taman,2,1,0,"Halaman, Listrik, Air, Teras",1,40,90,-7.3778578,112.6411193
590000000.0,Buduran,2,1,0,Tanpa perabotan,1,70,91,-7.4092906,112.760245
1200000000.0,Tulangan,3,2,0,Tidak Ada,1,160,90,-7.4726134,112.6675398
850000000.0,Candi,2,1,0,"Air, Berperabot lengkap, Listrik",1,84,84,-7.4643015,112.6921823
1100000000.0,Gedangan,2,2,0,"Air, Tanpa perabotan, Listrik",1,105,105,-7.3885636,112.732315
650000000.0,Sidoarjo,3,1,0,"Air, Tanpa perabotan, Listrik",1,120,120,-7.4584767,112.7272666
1600000000.0,Sidoarjo,3,2,0,Tidak Ada,1,100,126,-7.4497718,112.7015495
1370000000.0,Sidoarjo,4,3,0,Sebagian perabotan,2,230,135,-7.4540785,112.7004778
401000000.0,Sedati,2,1,1,"Garasi, Tanpa perabotan",1,40,58,-7.39815958,112.76242062
1020000000.0,Candi,3,2,2,Tanpa perabotan,2,69,98,-7.4615323,112.6885253
640000000.0,Sukodono,2,1,1,"Halaman, Tanpa perabotan",1,43,75,-7.40917633,112.69773178
780000000.0,Tulangan,2,1,1,"Internet, Listrik, Halaman, Tanpa perabotan",1,40,90,-7.45093908,112.62433447
1700000000.0,Buduran,2,2,2,Tidak Ada,1,70,90,-7.436595,112.694927
375000000.0,Krian,2,1,1,"Internet, Air, Pemandangan panorama, Tanpa perabotan",1,36,72,-7.3970707,112.601646
622700000.0,Krembung,2,1,1,"Halaman, Tanpa perabotan, Listrik",1,39,72,-7.5087545,112.6226665
175000000.0,Sukodono,2,1,1,"Garasi, Teras, Tanpa perabotan, Deck",2,40,40,-7.4060912,112.6822027
235000000.0,Sidoarjo,2,1,1,"Garasi, Tanpa perabotan",1,52,52,-7.43052082,112.67650746
780000000.0,Sedati,3,1,0,"Air, Sebagian perabotan, Listrik",1,104,104,-7.3982079,112.7629051
800000000.0,Buduran,3,2,0,"Air, Tanpa perabotan, Listrik",1,135,135,-7.407272,112.7560469
751520000.0,Waru,2,1,1,"Garasi, AC, Dapur lengkap, Dapur terpadu, Pemandangan panorama, Halaman, Tangki air, Lemari pakaian bawaan, Perapian, Air, Rubanah, Deck, Wifi, Internet, Balkon, Pemanasan, Jacuzzi, Kabel video, Ruang layanan, Alarm, Gas alam, Ruang kantor, Listrik, Teras, Fully fenced",39,39,91,-7.35493108,112.78137144
423000000.0,Sedati,2,1,1,"Garasi, Halaman, Tanpa perabotan, AC, Listrik",1,166,166,-7.4039153,112.7718209
480000000.0,Sidoarjo,2,1,1,"Garasi, Ruang kantor, Kabel video, Tanpa perabotan",1,84,84,-7.4381103,112.732325
650000000.0,Buduran,2,1,0,Tidak Ada,2,68,72,-7.40990612,112.75773749
599900000.0,Waru,3,1,0,Tanpa perabotan,1,120,126,-7.3603867,112.74025
800000000.0,Waru,4,3,3,"Dapur terpadu, Gas alam, Listrik, Tangki air, Air, Tanpa perabotan",2,200,256,-7.3588392,112.7583752
675000000.0,Waru,2,1,1,"Garasi, AC, Dapur lengkap, Dapur terpadu, Pemandangan panorama, Halaman, Tangki air, Lemari pakaian bawaan, Perapian, Air, Rubanah, Teras, Fully fenced, Internet, Balkon, Pemanasan, Jacuzzi, Kabel video, Ruang layanan, Alarm, Gas alam, Ruang kantor, Listrik, Tanpa perabotan, Deck, Wifi",32,36,72,-7.3585605,112.78765853
1050000000.0,Gedangan,4,3,0,Tanpa perabotan,2,200,163,-7.3948237,112.7311082
245000000.0,Sukodono,2,1,1,"Garasi, Tanpa perabotan, Kabel video",1,36,50,-7.4060912,112.6822027
650000000.0,Taman,3,2,1,"Garasi, Listrik, Deck, Halaman, Tanpa perabotan, Fully fenced",2,135,155,-7.34367722,112.69904472
410000000.0,Taman,2,1,1,"Garasi, Sebagian perabotan, Internet",1,50,78,-7.340531,112.7077638
234000000.0,Krian,2,1,1,"Garasi, Tanpa perabotan",1,40,60,-7.4170186,112.5975167
1000000000.0,Sidoarjo,3,2,2,"Garasi, Dapur lengkap, Air, Teras, Internet, Gas alam, Tanpa perabotan, Fully fenced",1,120,144,-7.4497718,112.7015495
700000000.0,Sukodono,2,2,2,Tanpa perabotan,2,56,90,-7.3917448,112.7010238
685000000.0,Waru,2,1,1,"Tanpa perabotan, Fully fenced",1,36,90,-7.3564458,112.8066612
945000000.0,Sukodono,3,3,1,"Garasi, Tanpa perabotan, Listrik",2,91,90,-7.4121426,112.6952171
600000000.0,Candi,2,1,0,"Air, Listrik",1,105,105,-7.4815936,112.7255653
123.0,Waru,2,1,1,"Garasi, Tanpa perabotan, Listrik, Teras",1,45,70,-7.3537484,112.7481101
1600000000.0,Waru,8,3,0,Tidak Ada,2,240,200,-7.365102,112.7196817
335.0,Sukodono,2,1,1,"Garasi, Sebagian perabotan, Listrik, Fully fenced",1,60,75,-7.39918762,112.63656266
675050000.0,Waru,2,1,1,"Garasi, AC, Dapur lengkap, Dapur terpadu, Pemandangan panorama, Halaman, Tangki air, Lemari pakaian bawaan, Perapian, Air, Rubanah, Teras, Fully fenced, Internet, Balkon, Pemanasan, Jacuzzi, Kabel video, Ruang layanan, Alarm, Gas alam, Ruang kantor, Listrik, Tanpa perabotan, Deck, Wifi",36,36,72,-7.35698005,112.78599054
375100000.0,Krian,2,2,1,"Garasi, AC, Dapur lengkap, Pemandangan panorama, Halaman, Tangki air, Lemari pakaian bawaan, Ruang kantor, Listrik, Tanpa perabotan, Deck, Wifi, Internet, Balkon, Dapur terpadu, Kabel video, Ruang layanan, Alarm, Gas alam, Air, Rubanah, Teras, Fully fenced",72,36,72,-7.3970707,112.601646
375000000.0,Krian,2,1,1,"Garasi, AC, Dapur lengkap, Dapur terpadu, Pemandangan panorama, Halaman, Tangki air, Lemari pakaian bawaan, Perapian, Air, Rubanah, Teras, Fully fenced, Internet, Balkon, Pemanasan, Jacuzzi, Kabel video, Ruang layanan, Alarm, Gas alam, Ruang kantor, Listrik, Tanpa perabotan, Deck, Wifi",32,32,72,-7.4035807,112.5985785
780000000.0,Candi,3,1,0,"Dapur lengkap, Tanpa perabotan",1,90,113,-7.4582129,112.6904798
494780000.0,Tulangan,2,1,1,"Internet, Listrik, Air, Tanpa perabotan",1,73,73,-7.4726134,112.6675398
300000000.0,Wonoayu,2,1,1,"Garasi, Tanpa perabotan",1,36,72,-7.446138,112.6514882
360000000.0,Buduran,2,1,0,Tanpa perabotan,1,31,72,-7.425129,112.7230909
330000000.0,Buduran,2,1,0,Tanpa perabotan,1,59,163,-7.42211248,112.75105141
494780000.0,Candi,2,1,1,"Internet, Tanpa perabotan, Air",1,73,73,-7.4673674,112.7023641
600000000.0,Waru,2,1,1,Tanpa perabotan,1,36,72,-7.3503078,112.7674661
630.0,Waru,2,1,0,Tidak Ada,1,45,90,-7.3595767,112.7610365
599900000.0,Gedangan,2,2,0,Tidak Ada,1,90,105,-7.4085499,112.709222
365000000.0,Tulangan,2,1,1,"Garasi, Tanpa perabotan",1,36,72,-7.45723754,112.64817227
565000000.0,Waru,2,1,1,"Internet, Pemandangan panorama, Halaman, Air, Tanpa perabotan, AC, Kabel video, Tangki air, Listrik, Wifi",1,36,72,-7.3503078,112.7674661
563050000.0,Sidoarjo,2,1,1,"Garasi, AC, Kabel video, Tangki air, Listrik, Wifi, Internet, Pemandangan panorama, Halaman, Air, Tanpa perabotan",1,36,72,-7.44977187,112.70154957
564000000.0,Buduran,2,1,1,"Garasi, AC, Kabel video, Tangki air, Listrik, Wifi, Internet, Pemandangan panorama, Halaman, Air, Tanpa perabotan",1,36,72,-7.425129,112.7230909
720000000.0,Sidoarjo,3,1,0,"Garasi, Air, Tanpa perabotan, Tangki air, Listrik",1,65,120,-7.468436,112.7295944
320200000.0,Porong,2,1,1,"Garasi, Halaman, Listrik, Teras, Pemandangan panorama, Air, Tanpa perabotan",1,36,72,-7.5402368,112.69314
320100000.0,Prambon,2,1,1,"Garasi, Pemandangan panorama, Air, Tanpa perabotan, AC, Halaman, Listrik, Teras",1,36,72,-7.4457506,112.5707595
421000000.0,Tanggulangin,2,1,1,"Pemandangan panorama, Air, Tanpa perabotan, Halaman, Listrik, Teras",1,36,72,-7.50246405,112.70919353
420000000.0,Tulangan,2,1,1,"Garasi, Halaman, Listrik, Teras, Pemandangan panorama, Air, Tanpa perabotan",1,36,72,-7.4812926,112.6468606
830110000.0,Sidoarjo,3,2,1,"Garasi, Ruang layanan, Listrik, Balkon, Ruang kantor, Fully fenced",1,60,72,-7.457277399999999,112.7162018
300030000.0,Wonoayu,2,1,0,"Air, Tanpa perabotan",1,72,72,-7.446138,112.6514882
884080000.0,Sukodono,3,2,2,"Garasi, Air, Halaman, Listrik",2,60,72,-7.3914287,112.6988252
2000000000.0,Sidoarjo,3,2,0,Sebagian perabotan,2,150,175,-7.45253847,112.70497072
425000000.0,Krian,2,1,1,"Garasi, Halaman, Air, Tanpa perabotan, Pemandangan panorama, Ruang layanan, Listrik, Teras",1,36,75,-7.40299,112.5873906
301000000.0,Sidoarjo,2,1,1,"Garasi, Halaman, Listrik, Teras, Pemandangan panorama, Air, Tanpa perabotan",1,39,72,-7.412324,112.5378369
300000000.0,Tarik,2,1,1,"Garasi, Halaman, Listrik, Teras, Pemandangan panorama, Air, Tanpa perabotan",1,36,72,-7.4590581,112.516509
225000000.0,Waru,2,1,1,"Garasi, Pemandangan panorama, Teras, Dapur lengkap, Tanpa perabotan, Fully fenced",1,34,60,-7.3503078,112.7674661
765900000.0,Sidoarjo,2,1,1,"Garasi, Air, Halaman, Listrik",1,40,72,-7.44942446,112.68351305
1900000000.0,Sedati,3,3,2,"Garasi, Balkon, Ruang kantor, Listrik, Deck, Internet, Halaman, Air, Tanpa perabotan",2,126,126,-7.397797835830269,112.7721805125475
543000000.0,Tanggulangin,2,1,1,"Garasi, Dapur terpadu, Air, Tanpa perabotan, AC, Pemandangan panorama, Listrik",1,36,90,-7.50246405,112.70919353
515000000.0,Wonoayu,2,1,1,"Garasi, Dapur terpadu, Halaman, Listrik, AC, Pemandangan panorama, Air, Sebagian perabotan",1,36,90,-7.43367054,112.59304684
407000000.0,Sidoarjo,2,1,1,"Garasi, Dapur terpadu, Air, Tanpa perabotan, AC, Halaman, Listrik",1,36,72,-7.4509979,112.715437
1800000000.0,Gedangan,3,2,0,"Garasi, Halaman, Berperabot lengkap, Dapur lengkap, Tangki air, Teras",1,105,135,-7.3838815,112.7502002
10500000000.0,Sidoarjo,5,5,5,"Garasi, Halaman, Listrik, Fully fenced, Balkon, Air, Deck",2,700,918,-7.446089199999999,112.6983971
300060000.0,Sidoarjo,2,1,1,"Air, Listrik",1,36,72,-7.4572774,112.7162018
395500000.0,Buduran,2,1,1,"Garasi, AC, Air, Tanpa perabotan, Fully fenced, Internet, Halaman, Listrik, Teras, Wifi",1,36,72,-7.425129,112.7230909
400000000.0,Krian,2,1,1,"Garasi, Dapur terpadu, Halaman, Listrik, AC, Pemandangan panorama, Air, Tanpa perabotan",1,36,72,-7.40299,112.5873906
391000000.0,Sedati,2,1,1,"Garasi, AC, Halaman, Listrik, Teras, Wifi, Internet, Kabel video, Air, Tanpa perabotan, Fully fenced",1,36,72,-7.40573552,112.76139334
390000000.0,Waru,2,1,1,"Garasi, AC, Halaman, Listrik, Teras, Wifi, Internet, Kabel video, Air, Tanpa perabotan, Fully fenced",1,36,72,-7.344766,112.7703313
393000000.0,Gedangan,2,1,1,"Garasi, AC, Air, Tanpa perabotan, Fully fenced, Internet, Halaman, Listrik, Teras, Wifi",1,36,72,-7.3896762,112.7279598
394000000.0,Waru,2,1,1,"Garasi, AC, Alarm, Listrik, Teras, Wifi, Internet, Halaman, Air, Tanpa perabotan, Fully fenced",1,36,72,-7.3588392,112.7583752
405000000.0,Waru,2,1,1,"Garasi, Halaman, Listrik, Teras, Wifi, Internet, Air, Tanpa perabotan, Fully fenced",1,36,72,-7.3503078,112.7674661
406000000.0,Tulangan,2,1,1,"Garasi, AC, Air, Tanpa perabotan, Fully fenced, Internet, Halaman, Listrik, Teras, Wifi",1,36,72,-7.4726134,112.6675398
390000000.0,Sidoarjo,2,1,1,"Garasi, AC, Air, Tanpa perabotan, Fully fenced, Internet, Halaman, Listrik, Teras, Wifi",1,36,72,-7.4609599,112.7360198
398000000.0,Waru,2,1,1,"Garasi, Halaman, Listrik, Teras, Wifi, Internet, Air, Tanpa perabotan, Fully fenced",1,36,72,-7.3503078,112.7674661
399000000.0,Buduran,2,1,1,"Internet, Halaman, Listrik, Teras, Wifi, AC, Air, Tanpa perabotan, Fully fenced",1,36,72,-7.4193666,112.7658623
726630000.0,Candi,2,1,1,"Garasi, Air, Halaman, Fully fenced",1,40,72,-7.461281,112.68918693
700560000.0,Sidoarjo,2,1,1,"Internet, Halaman, Ruang kantor, Listrik, Fully fenced, Kabel video, Tangki air, Air, Tanpa perabotan",1,40,72,-7.4572774,112.7162018
590000000.0,Sedati,3,1,1,"AC, Air, Tanpa perabotan, Fully fenced, Halaman, Listrik, Teras, Wifi",1,36,108,-7.40573552,112.76139334
545000000.0,Buduran,2,1,1,"Garasi, Halaman, Air, Tanpa perabotan, Fully fenced, AC, Tangki air, Listrik, Teras, Wifi",1,44,90,-7.425129,112.7230909
410000000.0,Gedangan,2,1,1,"Garasi, Halaman, Listrik, Teras, Wifi, Internet, Air, Tanpa perabotan, Fully fenced",1,36,72,-7.3896762,112.7279598
400000000.0,Sedati,2,1,1,"Garasi, AC, Air, Tanpa perabotan, Fully fenced, Internet, Halaman, Listrik, Teras",1,36,72,-7.3717382,112.76373357
440000000.0,Sedati,2,1,0,"Kabel video, Wifi",1,32,72,-7.3928719,112.7896966
395000000.0,Buduran,2,1,1,"Garasi, AC, Air, Tanpa perabotan, Fully fenced, Internet, Halaman, Listrik, Teras, Wifi",1,36,72,-7.425129,112.7230909
419000000.0,Sedati,2,1,1,"Garasi, AC, Ruang layanan, Tanpa perabotan, Fully fenced, Internet, Halaman, Air, Teras, Wifi",1,32,72,-7.3717382,112.76373357
695000000.0,Krembung,2,1,1,"Garasi, Dapur terpadu, Halaman, Listrik, AC, Pemandangan panorama, Air, Tanpa perabotan",1,39,105,-7.50875445,112.62266647
760000000.0,Gedangan,2,2,2,"Garasi, Dapur terpadu, Halaman, Listrik, AC, Pemandangan panorama, Air, Tanpa perabotan",1,56,90,-7.396155,112.7047843
485000000.0,Krian,2,1,1,"Garasi, Halaman, Listrik, Teras, AC, Air, Tanpa perabotan",1,36,72,-7.40299,112.5873906
955000000.0,Candi,3,3,3,"Garasi, AC, Pemandangan panorama, Tangki air, Air, Rubanah, Teras, Internet, Balkon, Halaman, Alarm, Listrik, Tanpa perabotan, Wifi",2,85,72,-7.4622498,112.6958457
1120000000.0,Candi,3,3,3,"Garasi, Pemandangan panorama, Tangki air, Air, Tanpa perabotan, Wifi, Internet, Halaman, Alarm, Listrik, Teras",2,95,90,-7.4622498,112.6958457
750000000.0,Sedati,2,1,1,"Garasi, Tanpa perabotan, Listrik",1,6,90,-7.37335749,112.75904574
830000000.0,Candi,3,2,2,Garasi,2,60,72,-7.4588931,112.6995701
1750000000.0,Sidoarjo,7,6,0,"Dapur lengkap, Listrik, Teras, Halaman, Sebagian perabotan",1,200,241,-7.45642007,112.70822156
800000000.0,Sedati,2,1,0,"Garasi, Ruang layanan, Listrik, Teras, Halaman, Air, Tanpa perabotan",1,70,90,-7.3953232,112.8100897
408010000.0,Krembung,2,1,1,"Garasi, AC, Dapur lengkap, Dapur terpadu, Halaman, Alarm, Gas alam, Air, Rubanah, Fully fenced, Internet, Balkon, Pemanasan, Jacuzzi, Tangki air, Lemari pakaian bawaan, Perapian, Listrik, Deck, Wifi",1,30,80,-7.50875445,112.62266647
405000000.0,Wonoayu,2,1,1,"Kabel video, Ruang layanan, Air, Wifi, Halaman, Tangki air, Teras",1,37,80,-7.446138,112.6514882
30000000.0,Taman,2,1,1,"Pemandangan panorama, Tanpa perabotan, Halaman, Fully fenced",1,34,60,-7.3589157,112.6810879
390000000.0,Sedati,2,1,0,Wifi,1,32,72,-7.3717382,112.76373357
850000000.0,Taman,3,1,0,"Garasi, Dapur lengkap, Ruang layanan, Listrik, Wifi, Internet, Halaman, Air, Tanpa perabotan",2,120,96,-7.374592,112.6395609
471050000.0,Krian,2,1,1,"Pemandangan panorama, Halaman, Tangki air, Air, Teras, Kabel video, Ruang layanan, Ruang kantor, Tanpa perabotan, Wifi",1,36,72,-7.40299,112.5873906
457020000.0,Candi,2,1,1,"Garasi, Dapur terpadu, Kabel video, Ruang layanan, Lemari pakaian bawaan, Rubanah, Fully fenced, Internet, Jacuzzi, Halaman, Tangki air, Air, Teras, Wifi",1,37,72,-7.46736755,112.70236395
453500000.0,Sukodono,2,1,1,"Garasi, Balkon, Ruang layanan, Alarm, Air, Tanpa perabotan, Wifi, AC, Kabel video, Tangki air, Lemari pakaian bawaan, Rubanah, Deck",1,37,72,-7.394061,112.6738809
451000000.0,Buduran,2,1,1,"AC, Dapur lengkap, Ruang layanan, Alarm, Perapian, Listrik, Tanpa perabotan, Deck, Balkon, Kabel video, Tangki air, Lemari pakaian bawaan, Air, Rubanah, Teras, Wifi",1,37,72,-7.425129,112.7230909
450000000.0,Gedangan,2,1,1,"Balkon, Lemari pakaian bawaan, Tanpa perabotan, Alarm, Perapian",1,37,72,-7.3896762,112.7279598
466000000.0,Waru,2,1,1,"AC, Dapur terpadu, Kabel video, Ruang kantor, Pemanasan, Pemandangan panorama, Halaman, Tanpa perabotan",1,36,72,-7.3503078,112.7674661
465000000.0,Sedati,2,1,1,"Garasi, Wifi, Tanpa perabotan",1,37,72,-7.3717382,112.76373357
479850000.0,Sidoarjo,2,1,1,"Garasi, AC, Dapur lengkap, Dapur terpadu, Pemandangan panorama, Lemari pakaian bawaan, Perapian, Listrik, Tanpa perabotan, Fully fenced, Internet, Balkon, Pemanasan, Jacuzzi, Alarm, Gas alam, Ruang kantor, Rubanah, Deck",1,30,78,-7.412324,112.5378369
476520000.0,Jabon,2,1,1,"Garasi, AC, Dapur lengkap, Dapur terpadu, Alarm, Gas alam, Listrik, Tanpa perabotan, Fully fenced, Internet, Balkon, Pemanasan, Jacuzzi, Lemari pakaian bawaan, Perapian, Rubanah, Deck",1,31,77,-7.5480009,112.7312447
459850000.0,Tulangan,2,1,1,"Pemandangan panorama, Halaman, Tangki air, Air, Wifi, Kabel video, Ruang layanan, Ruang kantor, Teras",1,29,78,-7.4812926,112.6468606
401000000.0,Taman,2,1,1,"Garasi, AC, Dapur lengkap, Dapur terpadu, Kabel video, Tangki air, Lemari pakaian bawaan, Ruang kantor, Listrik, Tanpa perabotan, Deck, Wifi, Internet, Balkon, Pemanasan, Pemandangan panorama, Ruang layanan, Alarm, Perapian, Air, Rubanah, Teras, Fully fenced",1,32,70,-7.37355866,112.70556383
409500000.0,Sedati,2,1,1,"Pemandangan panorama, Halaman, Tangki air, Air, Teras, Kabel video, Ruang layanan, Ruang kantor, Tanpa perabotan, Wifi",1,38,70,-7.3717382,112.76373357
411000000.0,Waru,2,1,1,"Garasi, Balkon, Pemanasan, Lemari pakaian bawaan, Listrik, Tanpa perabotan, Fully fenced, AC, Dapur lengkap, Alarm, Perapian, Rubanah, Deck",1,30,80,-7.3503078,112.7674661
412000000.0,Gedangan,2,1,1,"Internet, Pemanasan, Jacuzzi, Gas alam, Ruang kantor, Fully fenced, Dapur lengkap, Dapur terpadu, Pemandangan panorama, Perapian, Tanpa perabotan",1,31,81,-7.3896762,112.7279598
483000000.0,Buduran,2,1,1,"Garasi, AC, Dapur lengkap, Dapur terpadu, Pemandangan panorama, Lemari pakaian bawaan, Perapian, Listrik, Tanpa perabotan, Fully fenced, Internet, Balkon, Pemanasan, Jacuzzi, Alarm, Gas alam, Ruang kantor, Rubanah, Deck",1,32,81,-7.425129,112.7230909
463200000.0,Sedati,2,1,1,"Garasi, Balkon, Halaman, Lemari pakaian bawaan, Listrik, Tanpa perabotan, AC, Kabel video, Alarm, Air, Rubanah, Deck",1,33,68,-7.3682379,112.75543448
464300000.0,Gedangan,2,1,1,"Garasi, Balkon, Pemanasan, Lemari pakaian bawaan, Listrik, Tanpa perabotan, Fully fenced, AC, Dapur lengkap, Alarm, Perapian, Rubanah, Deck",1,34,68,-7.3977218,112.7226611
465200000.0,Sedati,2,1,1,"Jacuzzi, Kabel video, Ruang layanan, Gas alam, Air, Teras, Pemandangan panorama, Halaman, Tangki air, Ruang kantor, Tanpa perabotan, Wifi",1,35,68,-7.37379474,112.76116636
466400000.0,Buduran,2,1,1,"AC, Dapur lengkap, Pemandangan panorama, Tangki air, Lemari pakaian bawaan, Air, Tanpa perabotan, Deck, Balkon, Pemanasan, Halaman, Alarm, Gas alam, Rubanah, Teras, Wifi",1,36,68,-7.4349235,112.7345789
481350000.0,Tarik,2,1,1,"Garasi, AC, Dapur lengkap, Dapur terpadu, Alarm, Gas alam, Listrik, Tanpa perabotan, Fully fenced, Internet, Balkon, Pemanasan, Jacuzzi, Lemari pakaian bawaan, Perapian, Rubanah, Deck",1,22,79,-7.4590581,112.516509
380000000.0,Waru,2,1,1,"Garasi, AC, Halaman, Listrik, Teras, Wifi, Internet, Kabel video, Air, Tanpa perabotan, Fully fenced",1,32,72,-7.3432711,112.7683327
669000000.0,Sukodono,2,1,1,"Garasi, Dapur terpadu, Air, Tanpa perabotan, AC, Halaman, Listrik",1,36,90,-7.394061,112.6738809
5000000000.0,Buduran,6,7,0,Sebagian perabotan,3,700,453,-7.4358073,112.7118659
1500000000.0,Buduran,2,1,0,Tanpa perabotan,1,140,162,-7.443083,112.7029373
517000000.0,Tulangan,2,1,1,"Garasi, Pemandangan panorama, Air, Tanpa perabotan, Dapur terpadu, Halaman, Listrik",1,36,72,-7.4812926,112.6468606
725000000.0,Gedangan,2,2,2,"Garasi, Dapur terpadu, Halaman, Listrik, AC, Pemandangan panorama, Air, Tanpa perabotan",2,56,90,-7.371733,112.728444
683000000.0,Candi,2,1,1,"Garasi, Dapur terpadu, Halaman, Listrik, AC, Pemandangan panorama, Air, Sebagian perabotan",1,39,105,-7.46736755,112.70236395
685000000.0,Balongbendo,2,1,1,"Garasi, Pemandangan panorama, Air, Sebagian perabotan, Dapur terpadu, Halaman, Listrik",1,39,105,-7.412324,112.5378369
75000000.0,Candi,1,1,1,"Air, Tanpa perabotan, Listrik",1,26,84,-7.491211,112.7488052
380000000.0,Candi,2,1,1,"Garasi, Halaman, Listrik, Wifi, Pemandangan panorama, Air, Tanpa perabotan",1,40,91,-7.46736755,112.70236395
320000000.0,Wonoayu,2,1,1,"Garasi, AC, Kabel video, Tangki air, Listrik, Teras, Internet, Pemandangan panorama, Halaman, Air, Tanpa perabotan, Wifi",1,36,72,-7.446138,112.6514882
315000000.0,Sidoarjo,2,1,1,"Garasi, Halaman, Teras, Pemandangan panorama, Tanpa perabotan",1,34,10,-7.4283263,112.5036493
564000000.0,Jabon,2,1,1,"Internet, Pemandangan panorama, Halaman, Air, Tanpa perabotan, Wifi, AC, Kabel video, Tangki air, Listrik, Teras",1,36,72,-7.5480009,112.7312447
564000000.0,Krembung,2,1,1,"Internet, Pemandangan panorama, Halaman, Air, Tanpa perabotan, Wifi, AC, Kabel video, Tangki air, Listrik, Teras",1,36,72,-7.50875445,112.62266647
1100000000.0,Waru,2,1,0,"Air, Tanpa perabotan, Listrik",1,115,140,-7.3546904,112.7872976
415000000.0,Sidoarjo,2,1,1,"Internet, Halaman, Listrik, Teras, Wifi, AC, Air, Tanpa perabotan, Fully fenced",1,36,72,-7.44977187,112.70154957
407000000.0,Waru,2,1,1,"Garasi, AC, Air, Tanpa perabotan, Fully fenced, Internet, Halaman, Listrik, Teras, Wifi",1,36,72,-7.3503078,112.7674661
564400000.0,Sedati,2,1,1,"Garasi, AC, Kabel video, Tangki air, Listrik, Teras, Internet, Pemandangan panorama, Halaman, Air, Tanpa perabotan, Wifi",1,36,72,-7.3717382,112.76373357
562000000.0,Taman,2,1,1,"Garasi, AC, Kabel video, Tangki air, Listrik, Wifi, Internet, Pemandangan panorama, Halaman, Air, Tanpa perabotan",1,36,72,-7.340531,112.7077638
382750000.0,Tulangan,2,1,1,"Garasi, Halaman, Air, Tanpa perabotan, Fully fenced, Internet, Ruang kantor, Listrik, Teras, Wifi",1,32,72,-7.4812926,112.6468606
382550000.0,Waru,2,1,1,"Garasi, Kabel video, Ruang kantor, Listrik, Teras, Wifi, Internet, Halaman, Air, Tanpa perabotan, Fully fenced",1,32,72,-7.34997987,112.76663605
382700000.0,Tanggulangin,2,1,1,"Garasi, Halaman, Air, Tanpa perabotan, Fully fenced, Internet, Ruang kantor, Listrik, Teras, Wifi",1,72,32,-7.50246405,112.70919353
382350000.0,Porong,2,1,1,"Garasi, Dapur lengkap, Kabel video, Ruang kantor, Listrik, Teras, Wifi, Internet, Pemandangan panorama, Halaman, Air, Tanpa perabotan, Fully fenced",1,72,32,-7.5402368,112.69314
382250000.0,Krembung,2,1,1,"Garasi, Dapur terpadu, Halaman, Air, Tanpa perabotan, Fully fenced, Internet, Kabel video, Ruang kantor, Listrik, Teras, Wifi",1,32,72,-7.50875445,112.62266647
380000000.0,Sedati,2,1,1,"Garasi, Dapur lengkap, Ruang kantor, Listrik, Fully fenced, Internet, Kabel video, Air, Tanpa perabotan, Wifi",1,32,72,-7.3717382,112.76373357
382000000.0,Waru,2,1,1,"Garasi, Kabel video, Ruang kantor, Tanpa perabotan, Fully fenced, Internet, Halaman, Listrik, Teras, Wifi",1,32,72,-7.3503078,112.7674661
561100000.0,Buduran,1,1,1,"Garasi, Dapur lengkap, Halaman, Listrik, Fully fenced, Internet, Kabel video, Ruang kantor, Tanpa perabotan, Wifi",1,45,60,-7.425129,112.7230909
561000000.0,Candi,1,1,1,"Garasi, Dapur terpadu, Ruang kantor, Listrik, Teras, Wifi, Internet, Halaman, Air, Tanpa perabotan, Fully fenced",1,45,60,-7.46736755,112.70236395
382200000.0,Jabon,2,1,1,"Garasi, Dapur terpadu, Halaman, Air, Tanpa perabotan, Fully fenced, Internet, Kabel video, Ruang kantor, Listrik, Teras, Wifi",1,36,90,-7.5480009,112.7312447
382300000.0,Prambon,2,1,1,"Garasi, Dapur terpadu, Halaman, Air, Tanpa perabotan, Fully fenced, Internet, Kabel video, Ruang kantor, Listrik, Teras, Wifi",1,32,72,-7.4457506,112.5707595
382450000.0,Sidoarjo,2,1,1,"Garasi, Dapur terpadu, Ruang layanan, Air, Tanpa perabotan, Fully fenced, Internet, Halaman, Ruang kantor, Listrik, Teras",1,32,72,-7.44977187,112.70154957
382400000.0,Sukodono,2,1,1,"Garasi, Dapur lengkap, Ruang kantor, Listrik, Teras, Wifi, Internet, Halaman, Air, Tanpa perabotan, Fully fenced",1,36,90,-7.394061,112.6738809
382150000.0,Sidoarjo,2,1,1,"Garasi, Dapur lengkap, Halaman, Air, Tanpa perabotan, Fully fenced, Internet, Kabel video, Ruang kantor, Listrik, Teras, Wifi",1,50,90,-7.412324,112.5378369
675000000.0,Taman,2,1,1,"Garasi, Dapur terpadu, Halaman, Listrik, AC, Pemandangan panorama, Air, Sebagian perabotan",1,39,105,-7.3589157,112.6810879
1600000000.0,Sedati,4,3,3,"AC, Sebagian perabotan, Listrik, Fully fenced",1,10,150,-7.36775677,112.76208434
800000000.0,Tulangan,3,2,0,"Garasi, Halaman, Gas alam, Listrik, Teras, Dapur terpadu, Tangki air, Air, Tanpa perabotan, Fully fenced",1,105,105,-7.4726134,112.6675398
600000000.0,Sedati,3,1,0,"Garasi, Tangki air, Listrik, Dapur terpadu, Air, Tanpa perabotan",1,84,84,-7.37341934,112.75790378
1300000000.0,Waru,3,3,0,"Air, Tanpa perabotan, Listrik",2,90,60,-7.3562163,112.7610386
640000000.0,Sukodono,2,1,1,"Garasi, Air, Tanpa perabotan, Halaman, Listrik",1,43,75,-7.4168096,112.69251622
300000000.0,Krian,2,1,1,"Dapur lengkap, Listrik, Teras, Air, Tanpa perabotan, Fully fenced",1,34,60,-7.3890992,112.6057228
300400000.0,Waru,2,1,1,"Garasi, Dapur terpadu, Air, Teras, Dapur lengkap, Halaman, Listrik, Deck",1,36,72,-7.3503078,112.7674661
687000000.0,Waru,2,1,1,"Garasi, Pemandangan panorama, Air, Tanpa perabotan, AC, Halaman, Listrik",1,36,90,-7.3503078,112.7674661
390000000.0,Taman,2,1,1,"Tanpa perabotan, Fully fenced",1,36,72,-7.3479081,112.6915096
580400000.0,Buduran,2,1,1,"Garasi, AC, Pemanasan, Kabel video, Ruang layanan, Alarm, Perapian, Air, Teras, Fully fenced, Internet, Balkon, Pemandangan panorama, Halaman, Tangki air, Gas alam, Ruang kantor, Listrik, Deck, Wifi",1,38,72,-7.4251569,112.7230062
800000000.0,Waru,3,2,2,"Garasi, Fully fenced",2,180,150,-7.3599876,112.742208
1200000000.0,Candi,4,3,3,"Garasi, Tanpa perabotan, Balkon",2,95,90,-7.46968659,112.69407492
700000000.0,Candi,3,2,2,"AC, Air, Sebagian perabotan, Wifi, Dapur terpadu, Listrik, Teras",2,70,84,-7.4869501,112.6973995
600000000.0,Sukodono,2,1,1,"Garasi, Kabel video, Tanpa perabotan, AC, Listrik",1,36,90,-7.3914287,112.6988252
700000000.0,Gedangan,2,1,1,"Garasi, Tanpa perabotan, Listrik, Fully fenced",1,110,98,-7.3977218,112.7226611
500000000.0,Sidoarjo,2,1,1,"Garasi, Pemandangan panorama, Tanpa perabotan, Wifi, Internet, Listrik, Fully fenced",1,36,73,-7.4459557,112.7243185
395000000.0,Krian,2,1,1,"Garasi, Halaman, Wifi, Internet, Tanpa perabotan",1,36,72,-7.4035807,112.5985785
550000000.0,Sukodono,2,1,1,"AC, Sebagian perabotan, Listrik",1,6,75,-7.40908657,112.69882511
720000000.0,Buduran,2,1,1,"Garasi, Tanpa perabotan, Halaman",1,45,77,-7.41274316,112.75393019
457500000.0,Candi,2,1,1,"Garasi, Tanpa perabotan, Halaman",1,36,73,-7.4954581,112.7172708
850000000.0,Sidoarjo,3,3,0,"Garasi, Ruang layanan, Listrik, Halaman, Air, Tanpa perabotan",2,150,120,-7.4514112,112.6871692
1300000000.0,Sidoarjo,3,2,0,Tanpa perabotan,2,160,96,-7.4544845,112.6991064
1800000000.0,Waru,4,4,0,Tanpa perabotan,1,204,102,-7.3503078,112.7674661
1700000000.0,Waru,4,2,0,Tanpa perabotan,2,130,150,-7.3503078,112.7674661
4800000000.0,Waru,5,4,1,Tanpa perabotan,2,500,300,-7.3503078,112.7674661
1100000000.0,Waru,5,2,0,Tanpa perabotan,2,210,105,-7.3503078,112.7674661
380000000.0,Candi,2,1,0,"Halaman, Listrik, Air, Tanpa perabotan",2,36,90,-7.491211,112.7488052
450000000.0,Buduran,2,1,0,"Halaman, Listrik, Air, Tanpa perabotan",1,38,90,-7.4219387,112.7532001
380000000.0,Buduran,2,1,0,"Halaman, Listrik, Air, Tanpa perabotan",1,70,105,-7.4223441,112.752444
480000000.0,Buduran,2,1,0,"Air, Tanpa perabotan, Listrik",1,54,90,-7.4219387,112.7532001
500000000.0,Sidoarjo,2,1,0,"Halaman, Listrik, Air, Tanpa perabotan",1,45,90,-7.4156902,112.5443916
480000000.0,Buduran,3,1,0,"Listrik, Teras, Tanpa perabotan",2,130,91,-7.4253929,112.7709556
800000000.0,Sukodono,4,2,0,"Air, Tanpa perabotan, Listrik, Teras",2,156,96,-7.3752179,112.6913732
300000000.0,Gedangan,2,1,0,"Air, Tanpa perabotan, Listrik, Teras",1,130,135,-7.3991599,112.7464556
300000000.0,Sukodono,2,1,0,"Air, Listrik",1,72,72,-7.4212851,112.6712643
400000000.0,Sukodono,4,1,0,"Air, Tanpa perabotan, Listrik",2,135,75,-7.401222,112.6571111
300000000.0,Krian,2,1,0,"Air, Tanpa perabotan, Listrik, Teras",1,72,90,-7.4113967,112.5938957
730000000.0,Candi,3,2,2,"Listrik, Tanpa perabotan",2,55,72,-7.4987052,112.7140956
310000000.0,Waru,2,1,1,"Garasi, Tanpa perabotan, Halaman",1,42,90,-7.3503078,112.7674661
1100000000.0,Taman,2,1,1,"AC, Air, Tanpa perabotan, Tangki air, Listrik",1,36,161,-7.3692421,112.693256
450000000.0,Sukodono,3,1,1,"AC, Tanpa perabotan",1,36,90,-7.4049961,112.6809479
650000000.0,Waru,2,1,0,"Garasi, Halaman, Listrik, Fully fenced, Internet, Air, Tanpa perabotan",1,70,91,-7.34506052,112.74935525
500000000.0,Buduran,2,1,1,"Garasi, Tanpa perabotan",1,6,60,-7.4213829,112.7047843
700000000.0,Candi,2,1,1,"Garasi, AC, Halaman, Air, Wifi, Internet, Dapur lengkap, Tangki air, Listrik",1,90,90,-7.46736755,112.70236395
982000000.0,Taman,2,1,1,"Garasi, Halaman, Tanpa perabotan, Fully fenced, AC, Tangki air, Teras",1,45,128,-7.35563868,112.69266609
789000000.0,Taman,3,2,2,"Garasi, AC, Pemanasan, Pemandangan panorama, Halaman, Tangki air, Lemari pakaian bawaan, Air, Tanpa perabotan, Deck, Wifi, Internet, Dapur lengkap, Dapur terpadu, Kabel video, Ruang layanan, Alarm, Ruang kantor, Listrik, Teras, Fully fenced",1,75,100,-7.36377,112.70935
300000000.0,Krian,2,1,0,"Garasi, Tanpa perabotan, Listrik",1,36,75,-7.4035807,112.5985785
335000000.0,Sukodono,2,1,1,"Garasi, Tanpa perabotan, Air, Fully fenced",1,75,75,-7.39918762,112.63656266
396000000.0,Sukodono,3,2,2,Tanpa perabotan,2,59,59,-7.4156799,112.6815785
410000000.0,Taman,2,1,1,Tanpa perabotan,1,81,81,-7.3683438,112.6824377
990000000.0,Waru,2,1,1,Tanpa perabotan,1,120,120,-7.3434451,112.7685874
475000000.0,Taman,2,1,1,"Garasi, Pemandangan panorama, Air, AC, Halaman, Tanpa perabotan",1,65,96,-7.37466,112.63835
1900000000.0,Sidoarjo,3,3,0,"Garasi, Tanpa perabotan",2,300,180,-7.4501427,112.6950608
1200000000.0,Waru,3,2,0,"Garasi, Halaman, Air, Tanpa perabotan, Fully fenced, Balkon, Ruang layanan, Listrik, Teras",2,100,73,-7.3434451,112.7685874
393150000.0,Krian,2,1,1,"Garasi, Halaman, Tanpa perabotan, Dapur terpadu, Air, Teras",1,39,105,-7.4035807,112.5985785
799000000.0,Candi,3,2,0,"Garasi, Pemandangan panorama, Tanpa perabotan, Deck, Balkon, Listrik, Teras",110,110,72,-7.48059252,112.7076925
660000000.0,Sidoarjo,2,1,1,"Garasi, AC, Air, Tanpa perabotan, Fully fenced, Internet, Halaman, Listrik, Teras",1,80,105,-7.4514112,112.6871692
765000000.0,Gedangan,2,1,1,"Listrik, Tanpa perabotan",1,60,90,-7.3850773,112.7531193
300000000.0,Krian,2,1,1,"Garasi, Sebagian perabotan, Air",1,36,75,-7.3970707,112.601646
600000000.0,Sukodono,2,2,1,"Garasi, Tanpa perabotan, Ruang kantor",2,42,78,-7.4277073,112.6809479
500000000.0,Sukodono,2,1,1,"Garasi, Air, Internet, Tanpa perabotan",1,36,90,-7.394061,112.6738809
495000000.0,Sedati,2,1,1,"Garasi, Air, Ruang kantor, Berperabot lengkap",1,45,78,-7.3717381,112.7637334
900000000.0,Balongbendo,2,1,0,Tanpa perabotan,1,70,90,-7.4217,112.5322
1300000000.0,Balongbendo,6,2,0,Tanpa perabotan,1,180,180,-7.4217,112.5322
600000000.0,Sukodono,2,2,1,"Garasi, Sebagian perabotan, Air",2,42,78,-7.4277073,112.6809479
500000000.0,Sukodono,1,2,1,"Garasi, Tanpa perabotan, Air",1,40,90,-7.394061,112.6738809
1300000000.0,Waru,3,2,0,Air,1,162,162,-7.344766,112.7703313
382000000.0,Krian,2,1,1,"Air, Sebagian perabotan, Listrik",1,72,72,-7.3970707,112.601646
600000000.0,Sukodono,2,2,1,"Garasi, Listrik, Air, Sebagian perabotan",1,45,90,-7.394061,112.6738809
450000000.0,Sidoarjo,2,1,1,"Halaman, Listrik, Air, Tanpa perabotan",1,40,72,-7.44977187,112.70154957
300000000.0,Waru,2,1,1,"Pemandangan panorama, Listrik, Fully fenced, Halaman, Tanpa perabotan",1,34,60,-7.3503078,112.7674661
2250000000.0,Buduran,5,4,0,Tidak Ada,2,350,302,-7.443082999999999,112.7029373
674930000.0,Wonoayu,3,1,1,"Tanpa perabotan, Fully fenced",1,90,36,-7.4390818,112.6571111
460000000.0,Porong,2,1,1,"Tanpa perabotan, Fully fenced",1,36,90,-7.5402368,112.69314
1300000000.0,Candi,3,2,2,"Garasi, AC, Dapur lengkap, Dapur terpadu, Pemandangan panorama, Halaman, Tangki air, Lemari pakaian bawaan, Perapian, Air, Rubanah, Teras, Fully fenced, Internet, Balkon, Pemanasan, Jacuzzi, Kabel video, Ruang layanan, Alarm, Gas alam, Ruang kantor, Listrik, Tanpa perabotan, Deck, Wifi",2,78,105,-7.46736755,112.70236395
1200000000.0,Sidoarjo,4,3,3,"Garasi, Balkon, Halaman, Listrik, Wifi, Internet, Pemandangan panorama, Air, Tanpa perabotan",2,95,90,-7.4656974,112.70677015
10500000000.0,Waru,9,6,0,"Garasi, Balkon, Halaman, Listrik, AC, Dapur lengkap, Air, Fully fenced",2,800,350,-7.3602558,112.7434242
480000000.0,Candi,2,1,1,"Air, Fully fenced, Tanpa perabotan",1,72,36,-7.48435287,112.74818547
728000000.0,Gedangan,2,2,2,"Garasi, Pemandangan panorama, Air, Sebagian perabotan, Dapur terpadu, Halaman, Listrik",2,56,90,-7.396155,112.7047843
390000000.0,Sedati,2,1,1,"Garasi, Air, Tanpa perabotan, Halaman, Listrik, Fully fenced",1,36,72,-7.4109236,112.7719291
620000000.0,Waru,2,1,1,"Air, Tanpa perabotan, Listrik",1,32,72,-7.3541506,112.8078629
527000000.0,Sedati,2,1,1,"Air, Tanpa perabotan, Listrik",1,33,72,-7.3978516,112.8151735
805000000.0,Waru,3,1,0,"Air, Wifi, Listrik",1,48,90,-7.355774,112.8064202
3200000000.0,Sidoarjo,3,3,1,"Dapur lengkap, Fully fenced, Lemari pakaian bawaan, Wifi",1,121,306,-7.44977187,112.70154957
665000000.0,Krian,2,2,2,"Halaman, Listrik, Teras, Air, Tanpa perabotan",2,49,84,-7.4170186,112.5975167
587000000.0,Candi,2,1,1,"Internet, Halaman, Air, Wifi, Pemandangan panorama, Tangki air, Listrik",1,38,72,-7.46736755,112.70236395
1010000000.0,Candi,3,3,3,"Garasi, Balkon, Halaman, Air, Tanpa perabotan, Internet, Pemandangan panorama, Tangki air, Listrik, Wifi",2,85,72,-7.46736755,112.70236395
350000000.0,Candi,2,1,0,Tanpa perabotan,1,72,72,-7.4980086,112.7133981
479820000.0,Taman,2,1,1,"Tanpa perabotan, Fully fenced",1,90,36,-7.340531,112.7077638
688000000.0,Porong,2,1,1,"Garasi, Halaman, Listrik, Dapur terpadu, Air, Sebagian perabotan",1,39,105,-7.5402368,112.69314
552000000.0,Prambon,2,1,1,"Garasi, Dapur terpadu, Air, Tanpa perabotan, AC, Halaman, Listrik",1,36,90,-7.4457506,112.5707595
417000000.0,Tarik,2,1,1,"Garasi, Dapur terpadu, Air, Tanpa perabotan, AC, Halaman, Listrik",1,36,72,-7.4590581,112.516509
275000000.0,Krian,2,1,1,"Garasi, Pemandangan panorama, Listrik, Teras, Dapur lengkap, Halaman, Tanpa perabotan, Fully fenced",1,34,60,-7.376482,112.6118688
300000000.0,Taman,2,1,1,"Dapur lengkap, Halaman, Listrik, Fully fenced, Pemandangan panorama, Alarm, Tanpa perabotan",1,34,60,-7.340531,112.7077638
320030000.0,Gedangan,2,1,1,"Garasi, Pemandangan panorama, Air, Tanpa perabotan, Dapur terpadu, Halaman, Listrik",1,36,72,-7.3896762,112.7279598
458460000.0,Sedati,3,1,1,"Air, Fully fenced, Tanpa perabotan",1,90,36,-7.3839793,112.7755718
382800000.0,Wonoayu,2,1,1,"Garasi, Halaman, Air, Tanpa perabotan, Fully fenced, Internet, Ruang kantor, Listrik, Teras, Wifi",1,32,72,-7.446138,112.6514882
382750000.0,Tarik,2,1,1,"Garasi, Halaman, Air, Tanpa perabotan, Fully fenced, Internet, Ruang kantor, Listrik, Teras, Wifi",1,32,72,-7.4590581,112.516509
382650000.0,Taman,2,1,1,"Garasi, Ruang kantor, Listrik, Teras, Wifi, Halaman, Air, Tanpa perabotan, Fully fenced",1,72,32,-7.3589157,112.6810879
382600000.0,Krian,2,1,1,"Garasi, Dapur terpadu, Ruang kantor, Listrik, Teras, Wifi, Internet, Halaman, Air, Tanpa perabotan, Fully fenced",1,32,72,-7.40299,112.5873906
390000000.0,Sedati,2,1,1,"Garasi, AC, Pemanasan, Jacuzzi, Kabel video, Ruang layanan, Alarm, Gas alam, Ruang kantor, Listrik, Tanpa perabotan, Deck, Wifi, Internet, Dapur lengkap, Dapur terpadu, Pemandangan panorama, Halaman, Tangki air, Lemari pakaian bawaan, Perapian, Air, Rubanah, Teras, Fully fenced",1,36,72,-7.4109236,112.7719291
405000000.0,Sukodono,3,1,1,"Air, Fully fenced, Tanpa perabotan",1,36,90,-7.394061,112.6738809
450000000.0,Candi,2,2,0,"Garasi, Air, Halaman, Tanpa perabotan",2,45,84,-7.4869445,112.6970147
300500000.0,Tulangan,2,1,1,"Garasi, Pemandangan panorama, Air, Tanpa perabotan, Dapur terpadu, Halaman, Listrik, Deck",1,36,72,-7.4812926,112.6468606
310000000.0,Sukodono,2,1,1,"Dapur terpadu, Air, Tanpa perabotan, Halaman, Listrik, Teras",1,36,72,-7.394061,112.6738809
395000000.0,Sidoarjo,2,1,1,Fully fenced,1,36,72,-7.4568788,112.7128512
3000000000.0,Buduran,5,4,4,Berperabot lengkap,2,300,180,-7.4379801,112.6999311
585000000.0,Wonoayu,2,1,1,"Garasi, Balkon, Kabel video, Ruang layanan, Perapian, Fully fenced, AC, Dapur lengkap, Halaman, Lemari pakaian bawaan, Tanpa perabotan, Wifi",1,38,72,-7.44424093,112.6472858
588000000.0,Sukodono,2,1,1,"Garasi, AC, Dapur lengkap, Dapur terpadu, Pemandangan panorama, Halaman, Tangki air, Lemari pakaian bawaan, Perapian, Air, Rubanah, Deck, Wifi, Internet, Balkon, Pemanasan, Jacuzzi, Kabel video, Ruang layanan, Alarm, Gas alam, Ruang kantor, Listrik, Teras, Fully fenced",1,30,72,-7.39308949,112.67592743
392000000.0,Buduran,2,1,1,"Air, Fully fenced, Tanpa perabotan",1,36,72,-7.4251569,112.7230062
400000000.0,Waru,2,1,1,"Air, Fully fenced, Tanpa perabotan",1,36,90,-7.3588392,112.7583752
1600000000.0,Waru,3,2,2,"Garasi, Listrik, Wifi, Air, Sebagian perabotan",2,150,98,-7.36463451,112.73444485
457460000.0,Gedangan,2,1,1,"Air, Fully fenced, Tanpa perabotan",1,36,90,-7.3896762,112.7279598
1300000000.0,Waru,3,3,3,"Garasi, Listrik, Air, Tanpa perabotan",2,90,60,-7.3650809,112.7694171
320000000.0,Krian,2,1,1,"Garasi, Air, Halaman, Tanpa perabotan",1,36,72,-7.40299,112.5873906
478280000.0,Sedati,2,1,1,"Tanpa perabotan, Fully fenced",1,36,72,-7.4109236,112.7719291
555000000.0,Sukodono,2,1,1,"Dapur terpadu, Air, Tanpa perabotan, Halaman, Listrik",1,40,90,-7.394061,112.6738809
680000000.0,Sukodono,2,1,1,"Dapur terpadu, Air, Tanpa perabotan, Halaman, Listrik, Teras",1,54,120,-7.41997638,112.68392745
493090000.0,Sedati,2,1,1,"Air, Tanpa perabotan, Listrik",1,36,90,-7.4174595,112.7736307
450000000.0,Sidoarjo,3,1,0,Tidak Ada,1,70,130,-7.4497718,112.7015495
460000000.0,Sidoarjo,3,2,0,Tidak Ada,1,252,150,-7.4497718,112.7015495
3800000000.0,Sidoarjo,0,4,0,Sebagian perabotan,1,643,381,-7.4497718,112.7015495
860000000.0,Sedati,3,2,2,"Garasi, Air, Fully fenced, Balkon, Listrik",1,68,90,-7.378833099999999,112.8165095
298000000.0,Krian,2,1,1,"Halaman, Air, Tanpa perabotan, Tangki air, Listrik",2,36,72,-7.40299,112.5873906
1350000000.0,Sidoarjo,4,3,0,Tidak Ada,2,240,240,-7.4472664,112.6959507
910000000.0,Buduran,3,3,3,"Garasi, Air, Halaman, Listrik",2,85,72,-7.41274316,112.75393019
800000000.0,Buduran,3,2,2,"Garasi, Listrik, Air, Tanpa perabotan",2,59,72,-7.41274316,112.75393019
749200000.0,Sukodono,3,2,2,"Internet, Halaman, Listrik, Balkon, Air, Tanpa perabotan",2,65,96,-7.394061,112.6738809
555000000.0,Sukodono,2,1,1,"Internet, Halaman, Listrik, Teras, Dapur terpadu, Air, Tanpa perabotan",1,40,90,-7.394061,112.6738809
900000000.0,Waru,2,2,2,"Garasi, Listrik, Air, Fully fenced",1,65,90,-7.3434451,112.7685874
200000000.0,Tulangan,2,1,1,"Air, Tanpa perabotan, Listrik",1,339,339,-7.487332,112.6288041
595000000.0,Sukodono,2,1,1,"Garasi, AC, Pemanasan, Pemandangan panorama, Halaman, Tangki air, Ruang kantor, Listrik, Teras, Fully fenced, Internet, Dapur lengkap, Dapur terpadu, Kabel video, Ruang layanan, Lemari pakaian bawaan, Air, Tanpa perabotan, Deck, Wifi",1,36,78,-7.3914287,112.6988252
200000000.0,Krembung,2,1,1,"Air, Tanpa perabotan, Listrik",1,90,90,-7.5078737,112.6228447
150000000.0,Tulangan,2,1,1,"Air, Tanpa perabotan, Listrik",1,94,94,-7.4618085,112.6571111
299000000.0,Krian,2,1,1,"Halaman, Tanpa perabotan",1,36,72,-7.40468655,112.57806201
285000000.0,Sidoarjo,2,1,1,"Halaman, Tanpa perabotan",1,36,72,-7.412324,112.5378369
320000000.0,Wonoayu,2,1,1,"Halaman, Tanpa perabotan",1,36,72,-7.446138,112.6514882
285000000.0,Sidoarjo,2,1,1,"Halaman, Tanpa perabotan",1,36,71,-7.412324,112.5378369
600000000.0,Waru,3,1,0,Tanpa perabotan,1,102,170,-7.3503078,112.7674661
1960000000.0,Candi,3,3,3,"Balkon, Halaman, Air, Teras, Dapur terpadu, Tangki air, Tanpa perabotan",2,180,126,-7.4622498,112.6958457
1960000000.0,Candi,4,3,3,"Garasi, Balkon, Dapur terpadu, Lemari pakaian bawaan, Listrik, Teras, AC, Dapur lengkap, Halaman, Air, Berperabot lengkap",3,183,108,-7.4622498,112.6958457
299000000.0,Wonoayu,2,1,1,Tanpa perabotan,1,36,72,-7.446138,112.6514882
299000000.0,Sidoarjo,2,1,1,Tanpa perabotan,1,36,72,-7.412324,112.5378369
1960000000.0,Candi,4,3,3,"Garasi, AC, Halaman, Air, Berperabot lengkap, Internet, Balkon, Lemari pakaian bawaan, Listrik, Teras",3,138,108,-7.4622498,112.6958457
299000000.0,Sidoarjo,2,1,1,"Halaman, Tanpa perabotan",1,36,72,-7.412324,112.5378369
498000000.0,Sidoarjo,2,1,1,Tanpa perabotan,1,36,72,-7.412324,112.5378369
498000000.0,Sidoarjo,2,1,1,"Halaman, Tanpa perabotan",1,36,72,-7.412324,112.5378369
498000000.0,Sidoarjo,2,1,1,Halaman,1,36,72,-7.412324,112.5378369
665000000.0,Krian,2,2,2,"Halaman, Tanpa perabotan, Wifi, Air, Teras",2,49,84,-7.4170186,112.5975167
285000000.0,Krian,2,1,1,"Halaman, Tanpa perabotan",1,36,72,-7.40299,112.5873906
560000000.0,Krian,2,1,1,"Garasi, Tangki air, Wifi, Internet, Tanpa perabotan",1,36,72,-7.4046864,112.5780619
1190000000.0,Wonoayu,3,2,2,"Halaman, Tanpa perabotan, Air",2,95,105,-7.4449197,112.6517872
460000000.0,Prambon,2,1,1,"Air, Tanpa perabotan, Listrik",1,36,90,-7.449034,112.569756
480000000.0,Prambon,2,1,1,"Air, Tanpa perabotan",1,45,91,-7.449034,112.569756
500000000.0,Prambon,2,1,0,"Air, Tanpa perabotan, Listrik",1,36,90,-7.449034,112.569756
1600000000.0,Sidoarjo,4,4,0,"Internet, Air, Tanpa perabotan, Halaman, Listrik, Fully fenced",2,160,160,-7.4479358,112.6956393
600000000.0,Waru,3,1,0,"Garasi, Tanpa perabotan, Listrik",1,84,84,-7.3588392,112.7583752
285000000.0,Sidoarjo,2,1,1,"Air, Tanpa perabotan",1,36,72,-7.412324,112.5378369
1300000000.0,Waru,2,1,0,"Garasi, Tanpa perabotan, Halaman",1,80,107,-7.3556673,112.7477881
285000000.0,Taman,3,2,2,"Tanpa perabotan, Teras",2,68,72,-7.3692421,112.693256
350000000.0,Gedangan,2,1,1,"Garasi, Fully fenced, Tanpa perabotan",1,40,90,-7.3885665,112.7323259
397000000.0,Sedati,2,1,1,"Garasi, AC, Dapur terpadu, Kabel video, Ruang layanan, Lemari pakaian bawaan, Air, Rubanah, Teras, Fully fenced, Internet, Dapur lengkap, Pemandangan panorama, Halaman, Tangki air, Ruang kantor, Listrik, Tanpa perabotan, Deck, Wifi",1,32,72,-7.3989951,112.8165095
756000000.0,Waru,2,1,1,"Garasi, AC, Pemanasan, Jacuzzi, Kabel video, Ruang layanan, Lemari pakaian bawaan, Ruang kantor, Listrik, Teras, Wifi, Internet, Dapur lengkap, Dapur terpadu, Pemandangan panorama, Halaman, Tangki air, Gas alam, Air, Tanpa perabotan, Deck",1,39,91,-7.3468093,112.7792692
637000000.0,Sukodono,2,1,1,"Garasi, Air",1,36,90,-7.3914287,112.6988252
215000000.0,Sidoarjo,2,1,1,"Halaman, Tanpa perabotan",1,42,90,-7.412324,112.5378369
450000000.0,Tulangan,2,1,1,Tanpa perabotan,1,36,78,-7.4812926,112.6468606
555000000.0,Sukodono,2,1,1,"Garasi, Halaman, Listrik, Teras, Internet, Air, Tanpa perabotan",1,40,90,-7.394061,112.6738809
320000000.0,Wonoayu,2,1,1,"Dapur terpadu, Tanpa perabotan, Air",1,36,72,-7.446138,112.6514882
834000000.0,Candi,3,2,2,"Garasi, Dapur terpadu, Tangki air, Tanpa perabotan, Balkon, Halaman, Listrik, Teras",2,120,78,-7.4869501,112.6973995
300000000.0,Sidoarjo,2,1,1,"Halaman, Tanpa perabotan, Air",1,36,72,-7.412324,112.5378369
1100000000.0,Buduran,4,2,2,Tanpa perabotan,2,120,120,-7.4221052,112.7112938
950000000.0,Sidoarjo,4,2,0,"Internet, Wifi",2,120,120,-7.4578331,112.7278553
500000000.0,Krian,2,1,1,"Garasi, Tanpa perabotan, Tangki air",1,36,90,-7.3980797,112.6213548
530000000.0,Krian,2,1,1,"Garasi, Listrik, Halaman, Tanpa perabotan",1,36,72,-7.40715473,112.57926353
685000000.0,Wonoayu,2,1,1,"Garasi, Pemandangan panorama, Tangki air, Listrik, Teras, Internet, Halaman, Air, Tanpa perabotan",1,52,84,-7.4478578,112.662473
1500000000.0,Gedangan,3,1,1,"Garasi, Air, Tanpa perabotan, Ruang layanan, Listrik, Teras",1,100,153,-7.3941638,112.7472474
1000000000.0,Candi,3,2,2,"Garasi, Halaman, Listrik, Teras, Internet, Air, Tanpa perabotan",2,85,72,-7.4618261,112.69071
425000000.0,Krian,2,1,1,"Garasi, Dapur terpadu, Listrik, Fully fenced, AC, Air, Sebagian perabotan",1,72,72,-7.4100257,112.5859965
285000000.0,Sidoarjo,2,1,1,"Air, Tanpa perabotan",1,36,72,-7.44977187,112.70154957
1110000000.0,Sidoarjo,3,2,2,"Garasi, Halaman, Air, Tanpa perabotan, Dapur lengkap, Alarm, Listrik",2,85,112,-7.4510326,112.6680905
325000000.0,Sukodono,2,1,0,Tidak Ada,1,36,60,-7.408064,112.6943559
1650000000.0,Sidoarjo,4,3,0,"Air, Tanpa perabotan, Listrik, Teras",2,120,104,-7.44726655,112.69595079
285000000.0,Sidoarjo,2,1,1,"Halaman, Tanpa perabotan, Air",1,36,72,-7.412324,112.5378369
1000000000.0,Candi,3,2,2,"Garasi, Air, Tanpa perabotan, Halaman, Listrik",2,85,72,-7.4622498,112.6958457
375000000.0,Krian,2,1,1,"Garasi, Tangki air, Listrik, Halaman, Air, Tanpa perabotan",1,36,72,-7.3970707,112.601646
799000000.0,Candi,3,2,0,"Internet, Listrik, Wifi, Balkon, Tanpa perabotan",2,72,72,-7.4869445,112.6970147
568000000.0,Taman,2,1,1,"AC, Halaman, Tanpa perabotan, Dapur terpadu, Tangki air",1,36,78,-7.3778578,112.6411193
655000000.0,Sukodono,2,1,1,"Garasi, Dapur terpadu, Tanpa perabotan, AC, Halaman",2,54,72,-7.392182,112.695822
698000000.0,Sukodono,2,1,1,"Garasi, Dapur terpadu, Tanpa perabotan, AC, Tangki air",2,56,90,-7.3917448,112.7010238
928000000.0,Candi,2,2,2,"Garasi, Balkon, Tangki air, Teras, AC, Dapur terpadu, Tanpa perabotan, Deck",2,117,72,-7.4869501,112.6973995
602300000.0,Krian,2,1,1,"Garasi, Dapur terpadu, Halaman, Air, Tanpa perabotan, Wifi, AC, Pemandangan panorama, Tangki air, Listrik, Fully fenced",1,36,72,-7.40517063,112.58526445
534850000.0,Krian,2,1,1,"Garasi, AC, Air, Fully fenced, Internet, Tangki air, Tanpa perabotan",1,36,72,-7.4000488,112.5747019
725000000.0,Sukodono,3,2,2,"Garasi, Halaman, Listrik, Teras, Balkon, Air, Tanpa perabotan, Wifi",2,65,96,-7.394061,112.6738809
1960000000.0,Candi,4,3,3,"Internet, Balkon, Lemari pakaian bawaan, Berperabot lengkap, AC, Tangki air, Air",3,138,108,-7.4615323,112.6885253
592000000.0,Sukodono,2,1,1,"Garasi, AC, Pemanasan, Jacuzzi, Kabel video, Ruang layanan, Alarm, Ruang kantor, Listrik, Sebagian perabotan, Deck, Wifi, Internet, Dapur lengkap, Dapur terpadu, Pemandangan panorama, Halaman, Tangki air, Lemari pakaian bawaan, Air, Rubanah, Teras, Fully fenced",1,40,75,-7.4028402,112.7004847
375000000.0,Tulangan,2,1,0,"Garasi, Halaman, Teras, Pemandangan panorama, Listrik",1,36,72,-7.4726134,112.6675398
750000000.0,Sidoarjo,2,2,0,"Air, Tanpa perabotan, Listrik",1,90,174,-7.4578331,112.7278553
1400000000.0,Waru,3,3,1,"Garasi, Air, Dapur terpadu, Sebagian perabotan",2,120,120,-7.350897,112.7384808
292500000.0,Wonoayu,2,1,0,"Air, Tanpa perabotan",1,36,72,-7.446138,112.6514882
1400000000.0,Gedangan,3,2,1,"Garasi, Listrik, Fully fenced, Air, Sebagian perabotan",2,90,90,-7.39499401,112.72666539
1100000000.0,Sedati,3,2,0,"AC, Listrik, Halaman",2,82,100,-7.3715178,112.7776958
564000000.0,Sukodono,2,1,1,"Garasi, AC, Dapur terpadu, Kabel video, Ruang layanan, Lemari pakaian bawaan, Air, Rubanah, Fully fenced, Internet, Pemanasan, Pemandangan panorama, Halaman, Tangki air, Ruang kantor, Listrik, Teras, Wifi",1,36,72,-7.41033202,112.69421909
600000000.0,Sukodono,2,1,0,Sebagian perabotan,1,45,6,-7.40888442,112.69653182
640000000.0,Candi,2,1,1,"Garasi, AC, Pemanasan, Jacuzzi, Kabel video, Ruang layanan, Alarm, Perapian, Air, Rubanah, Teras, Fully fenced, Internet, Dapur lengkap, Dapur terpadu, Pemandangan panorama, Halaman, Tangki air, Lemari pakaian bawaan, Ruang kantor, Listrik, Tanpa perabotan, Deck, Wifi",1,38,72,-7.460157,112.6860198
530000000.0,Sedati,2,1,1,"Garasi, AC, Pemandangan panorama, Halaman, Lemari pakaian bawaan, Air, Teras, Fully fenced, Internet, Dapur terpadu, Kabel video, Tangki air, Ruang kantor, Listrik, Deck, Wifi",1,36,72,-7.3670969,112.8077818
375000000.0,Krian,2,1,1,"Garasi, AC, Pemandangan panorama, Halaman, Lemari pakaian bawaan, Air, Tanpa perabotan, Deck, Wifi, Internet, Dapur terpadu, Kabel video, Alarm, Ruang kantor, Listrik, Teras, Fully fenced",1,36,72,-7.4035807,112.5985785
800000000.0,Waru,4,5,0,"Halaman, Listrik, Teras, Air, Tanpa perabotan, Fully fenced",1,90,102,-7.345331,112.7739507
875000000.0,Sidoarjo,2,1,2,"Garasi, Ruang layanan, Ruang kantor, Listrik, Teras, Halaman, Tangki air, Air, Tanpa perabotan, Fully fenced",2,112,98,-7.4527332,112.7376059
485000000.0,Buduran,2,1,1,"Garasi, AC, Pemandangan panorama, Lemari pakaian bawaan, Air, Tanpa perabotan, Deck, Wifi, Internet, Dapur terpadu, Halaman, Ruang kantor, Listrik, Teras, Fully fenced",1,40,75,-7.4281,112.7234
750000000.0,Gedangan,2,1,0,"Garasi, AC, Halaman, Air, Sebagian perabotan, Wifi, Internet, Dapur lengkap, Ruang layanan, Listrik, Teras",1,65,90,-7.3850773,112.7531193
390000000.0,Sukodono,3,1,1,"Garasi, Pemandangan panorama, Listrik, AC, Halaman, Tanpa perabotan",1,42,84,-7.41103853,112.68254913
375000000.0,Krian,2,1,1,"Garasi, Halaman, Tanpa perabotan, Pemandangan panorama, Listrik",1,37,72,-7.39687685,112.61009395
600000000.0,Sukodono,2,2,2,"Garasi, Tanpa perabotan",1,37,72,-7.39147691,112.70147245
750000000.0,Sukodono,2,2,2,"Dapur lengkap, Pemandangan panorama, Ruang layanan, Berperabot lengkap, Dapur terpadu, Halaman, Lemari pakaian bawaan, Teras",2,75,75,-7.3953751,112.6854713
100000000.0,Sidoarjo,3,1,0,"Air, Tanpa perabotan, Listrik",1,60,181,-7.4355986,112.6612219
1500000000.0,Gedangan,5,2,0,"Garasi, Dapur lengkap, AC, Sebagian perabotan",1,100,195,-7.3885665,112.7323259
330000000.0,Prambon,4,1,0,"Air, Tanpa perabotan, Listrik, Teras",1,160,765,-7.4607526,112.5826176
365000000.0,Jabon,3,1,0,"Air, Teras, Listrik",1,250,250,-7.572655,112.7680968
256000000.0,Jabon,4,1,0,"Air, Tanpa perabotan, Listrik, Teras",2,150,97,-7.5491177,112.7201178
1960000000.0,Candi,4,3,3,"Garasi, AC, Dapur lengkap, Tangki air, Listrik, Teras, Internet, Balkon, Pemandangan panorama, Air, Berperabot lengkap",3,138,108,-7.4584834,112.70056
950000000.0,Candi,3,2,2,"Garasi, Halaman, Internet, Tanpa perabotan",2,90,90,-7.48448617,112.72538368
250000000.0,Candi,2,1,1,Tidak Ada,2,80,60,-7.48588066,112.74769597
1890000000.0,Candi,3,3,3,"Internet, Balkon, Halaman, Berperabot lengkap, AC, Dapur lengkap, Air",2,91,126,-7.4622498,112.6958457
750000000.0,Gedangan,2,1,0,"Garasi, Dapur terpadu, Air, Tanpa perabotan, AC, Tangki air, Listrik, Teras",1,65,90,-7.386163,112.7499239
375000000.0,Krian,2,1,1,"Dapur terpadu, Air, Fully fenced, Halaman, Teras",1,36,72,-7.4035807,112.5985785
1930000000.0,Candi,3,3,3,"Garasi, Balkon, Air, Teras, Internet, Halaman, Tanpa perabotan, Fully fenced",2,119,162,-7.4584834,112.70056
691000000.0,Sukodono,2,2,2,"Garasi, Halaman, Tanpa perabotan, Internet, Listrik",2,56,90,-7.3914287,112.6988252
585000000.0,Sukodono,2,1,1,"Listrik, Tanpa perabotan",1,40,72,-7.408064,112.6943559
1750000000.0,Gedangan,4,4,0,"Garasi, AC, Halaman, Air, Berperabot lengkap, Wifi, Internet, Dapur lengkap, Ruang layanan, Listrik, Teras",2,104,90,-7.3850773,112.7531193
1700000000.0,Waru,4,2,0,"Garasi, Dapur lengkap, Ruang layanan, Listrik, Teras, Internet, Halaman, Air, Tanpa perabotan, Wifi",2,130,150,-7.3434451,112.7685874
2240000000.0,Sidoarjo,3,3,0,"Garasi, Balkon, Halaman, Air, Sebagian perabotan, Fully fenced, Internet, Dapur lengkap, Tangki air, Listrik, Teras",2,190,190,-7.4501427,112.6950608
600000000.0,Wonoayu,3,2,0,"Pemandangan panorama, Tanpa perabotan, Halaman",105,95,105,-7.44593044,112.65272129
600870000.0,Waru,2,1,1,"Garasi, Tanpa perabotan, Listrik",1,40,50,-7.3402008,112.7625753
349990000.0,Sidoarjo,3,1,0,"Internet, Tanpa perabotan, Air",1,105,105,-7.4585763,112.7262956
250000000.0,Wonoayu,2,1,1,"Garasi, Tanpa perabotan, Air",1,36,60,-7.446138,112.6514882
600000000.0,Candi,2,1,1,"Garasi, Berperabot lengkap, Air",1,45,91,-7.4578412,112.6839275
400000000.0,Sukodono,2,1,1,"Garasi, Sebagian perabotan, Air",1,45,90,-7.394061,112.6738809
2600000000.0,Waru,3,3,0,Berperabot lengkap,2,150,135,-7.3432711,112.7683327
540500000.0,Sidoarjo,2,1,1,"Garasi, AC, Dapur lengkap, Jacuzzi, Kabel video, Ruang layanan, Lemari pakaian bawaan, Perapian, Air, Rubanah, Teras, Fully fenced, Internet, Balkon, Dapur terpadu, Pemandangan panorama, Halaman, Alarm, Gas alam, Ruang kantor, Listrik, Sebagian perabotan, Deck, Wifi",1,45,78,-7.44977187,112.70154957
550000000.0,Sidoarjo,2,2,0,Tanpa perabotan,1,60,90,-7.4497718,112.7015495
790000000.0,Gedangan,8,8,8,"Garasi, AC, Halaman, Air, Sebagian perabotan, Wifi, Internet, Kabel video, Tangki air, Listrik, Fully fenced",2,192,96,-7.3931554,112.7137227
1200000000.0,Waru,2,3,0,Tanpa perabotan,1,130,150,-7.3517813,112.7846068
500000000.0,Candi,2,1,0,"Garasi, Kabel video, Air, Tanpa perabotan, Wifi, Internet, Halaman, Listrik, Fully fenced",1,36,85,-7.4954581,112.7172708
825000000.0,Sidoarjo,3,2,0,Sebagian perabotan,1,120,200,-7.4538538,112.7076869
490000000.0,Sedati,2,1,1,"Garasi, Dapur terpadu, Kabel video, Ruang layanan, Alarm, Perapian, Listrik, Tanpa perabotan, Wifi, Internet, Pemandangan panorama, Halaman, Tangki air, Gas alam, Air, Rubanah, Fully fenced",1,77,77,-7.3987466,112.7999127
890000000.0,Gedangan,4,2,0,Tidak Ada,1,90,135,-7.3885665,112.7323259
522000000.0,Taman,2,1,0,Sebagian perabotan,1,60,90,-7.3730239,112.6471451
915000000.0,Waru,3,2,2,"Balkon, Listrik, Deck, Air, Sebagian perabotan, Wifi",2,90,90,-7.3668722,112.7359958
499000000.0,Taman,3,1,1,"Air, Tanpa perabotan, Listrik, Fully fenced",1,84,84,-7.3659469,112.7076701
649200000.0,Buduran,4,2,2,"Internet, Listrik, Air, Tanpa perabotan",2,292,292,-7.4213829,112.7047843
200000000.0,Candi,2,2,2,"Internet, Listrik, Air, Tanpa perabotan",1,73,73,-7.4867001,112.7107433
1410000000.0,Gedangan,3,2,2,"Air, Tanpa perabotan, Listrik",2,240,240,-7.3784822,112.7365884
1380000000.0,Gedangan,3,3,3,"Internet, Air, Tanpa perabotan, Halaman, Listrik",1,300,300,-7.3885636,112.732315
490000000.0,Taman,3,2,2,"Internet, Listrik, Air, Tanpa perabotan",1,150,150,-7.3672397,112.7019466
1320000000.0,Buduran,3,3,3,"Internet, Listrik, Air, Tanpa perabotan",2,180,180,-7.4358123,112.6950017
599000000.0,Taman,4,2,0,"Listrik, Fully fenced",1,100,117,-7.3654212,112.7087058
475000000.0,Sidoarjo,2,1,0,"Listrik, Tanpa perabotan",1,60,90,-7.45404378,112.72975836
775000000.0,Waru,3,1,1,"Air, Tanpa perabotan, Listrik, Fully fenced",1,120,120,-7.3480732,112.7539777
575000000.0,Taman,3,1,0,"Garasi, Air",1,84,84,-7.3654212,112.7087058
610000000.0,Buduran,3,1,1,"Garasi, Tangki air, Listrik, Teras, Ruang layanan, Air, Tanpa perabotan",1,105,105,-7.42024,112.73192
950000000.0,Sukodono,2,1,0,"Garasi, Tangki air, Listrik, Halaman, Air, Wifi",1,80,202,-7.3673611,112.7042937
775000000.0,Waru,3,1,1,"Garasi, Halaman, Air, Tanpa perabotan, AC, Tangki air, Listrik, Wifi",1,100,120,-7.34506052,112.74935525
400000000.0,Sedati,2,1,0,Tidak Ada,1,36,90,-7.4169222,112.7740856
585000000.0,Taman,3,2,0,"Garasi, AC, Tangki air, Listrik, Teras, Internet, Halaman, Air, Tanpa perabotan, Wifi",1,110,56,-7.3682573,112.7077638
975000000.0,Waru,4,2,2,"Garasi, Air, Tanpa perabotan, Wifi, Balkon, Listrik, Deck",2,185,98,-7.36466144,112.73427051
1650000000.0,Sidoarjo,4,2,2,"Garasi, Air, AC, Listrik",1,160,135,-7.4488941,112.7016046
969000000.0,Candi,3,2,0,"Garasi, Dapur terpadu, Kabel video, Listrik, Teras, Internet, Pemandangan panorama, Air, Tanpa perabotan, Wifi",2,69,90,-7.4578412,112.6839275
600000000.0,Buduran,6,3,3,"Garasi, Air, Tanpa perabotan, Balkon, Listrik, Deck",2,120,120,-7.443083,112.7029373
890000000.0,Waru,3,3,0,Sebagian perabotan,2,200,150,-7.3652174,112.7343734
1500000000.0,Sidoarjo,3,2,0,"Garasi, Air, Tanpa perabotan, Tangki air, Listrik, Fully fenced",1,100,192,-7.44726655,112.69595079
540500000.0,Sedati,2,1,1,"Garasi, AC, Dapur lengkap, Kabel video, Tangki air, Air, Sebagian perabotan, Deck, Internet, Balkon, Dapur terpadu, Halaman, Alarm, Listrik, Teras, Wifi",1,45,78,-7.3717382,112.76373357
545000000.0,Tulangan,2,1,1,"Garasi, Dapur lengkap, Kabel video, Ruang layanan, Lemari pakaian bawaan, Air, Sebagian perabotan, Wifi, AC, Dapur terpadu, Halaman, Alarm, Perapian, Listrik, Fully fenced",1,60,90,-7.4546837,112.6497945
715000000.0,Sukodono,3,2,0,"Garasi, Balkon, Kabel video, Air, Tanpa perabotan, Internet, Dapur lengkap, Halaman, Listrik, Fully fenced",2,90,90,-7.4197177,112.6846081
1200000000.0,Buduran,3,2,2,"Garasi, Dapur lengkap, Dapur terpadu, Halaman, Gas alam, Air, Sebagian perabotan, Internet, Pemanasan, Kabel video, Lemari pakaian bawaan, Ruang kantor, Listrik, Wifi",1,145,200,-7.4404444,112.7155016
1790000000.0,Waru,22,6,0,Tidak Ada,2,400,200,-7.3588392,112.7583752
674000000.0,Waru,3,2,0,"Garasi, Tanpa perabotan, Halaman",1,70,90,-7.3399267,112.7562893
795000000.0,Taman,2,1,0,Tidak Ada,1,52,72,-7.374592,112.6395609
5800000000.0,Waru,6,4,4,"Tanpa perabotan, Fully fenced",2,400,516,-7.3495314,112.7295359
500000000.0,Buduran,3,2,0,"Garasi, Halaman, Air, Tanpa perabotan, AC, Tangki air, Listrik, Wifi",1,70,108,-7.436595,112.694927
850000000.0,Buduran,2,1,1,Tanpa perabotan,1,75,105,-7.4288422,112.6956863
451000000.0,Buduran,2,1,1,"Garasi, Halaman, Listrik, Wifi, Internet, Air, Tanpa perabotan",1,46,78,-7.425129,112.7230909
452000000.0,Buduran,2,1,1,"Garasi, Halaman, Listrik, Wifi, Internet, Air, Tanpa perabotan",1,46,79,-7.4257956,112.7229641
595000000.0,Sidoarjo,2,1,1,"Garasi, Listrik, Air, Tanpa perabotan",1,91,91,-7.4490842,112.6824377
594000000.0,Sidoarjo,2,1,1,"Garasi, Listrik, Air, Tanpa perabotan",1,91,91,-7.4490842,112.6824377
593000000.0,Sidoarjo,2,1,1,"Garasi, Listrik, Air, Tanpa perabotan",1,91,91,-7.4490842,112.6824377
592000000.0,Sidoarjo,2,1,1,"Garasi, Listrik, Air, Tanpa perabotan",1,91,91,-7.4490842,112.6824377
591000000.0,Sidoarjo,2,1,1,"Garasi, Listrik, Air, Tanpa perabotan",1,91,91,-7.44488422,112.67302025
590000000.0,Sidoarjo,2,1,1,"Garasi, Listrik, Air, Tanpa perabotan",1,91,91,-7.4490842,112.6824377
630000000.0,Tulangan,3,3,3,"Garasi, Halaman, Listrik, Teras, Wifi, Internet, Air, Tanpa perabotan, Fully fenced",1,228,228,-7.4444527,112.63063028
631000000.0,Tulangan,3,3,3,"Garasi, Air, Tanpa perabotan, Fully fenced, Halaman, Listrik, Teras, Wifi",1,228,228,-7.4812926,112.6468606
634000000.0,Tulangan,3,3,3,"Garasi, Listrik, Teras, Air, Tanpa perabotan, Fully fenced",1,228,228,-7.4446995,112.6306427
635000000.0,Tulangan,3,3,3,"Garasi, Air, Tanpa perabotan, Fully fenced, Halaman, Listrik, Teras",1,228,228,-7.4446995,112.6306427
636000000.0,Tulangan,3,3,3,"Garasi, Air, Tanpa perabotan, Fully fenced, Halaman, Listrik, Teras",1,228,228,-7.45667206,112.63637792
350000000.0,Candi,2,1,1,"Garasi, Halaman, Listrik, Internet, Air, Tanpa perabotan",1,60,90,-7.4777576,112.7313755
633000000.0,Tulangan,3,3,3,"Garasi, Air, Tanpa perabotan, Fully fenced, Halaman, Listrik, Teras",1,228,228,-7.4446995,112.6306427
632000000.0,Tulangan,3,3,3,"Garasi, Air, Tanpa perabotan, Internet, Listrik, Fully fenced",1,228,228,-7.44399425,112.63086129
300000000.0,Taman,2,1,0,Tanpa perabotan,1,72,72,-7.3589157,112.6810879
1090000000.0,Waru,3,2,2,"Balkon, Listrik, Teras, Air, Sebagian perabotan",2,130,90,-7.3503078,112.7674661
2450000000.0,Sidoarjo,5,4,4,"Garasi, AC, Dapur lengkap, Dapur terpadu, Pemandangan panorama, Halaman, Tangki air, Lemari pakaian bawaan, Perapian, Air, Rubanah, Teras, Fully fenced, Internet, Balkon, Pemanasan, Jacuzzi, Kabel video, Ruang layanan, Alarm, Gas alam, Ruang kantor, Listrik, Sebagian perabotan, Deck, Wifi",2,450,302,-7.44011612,112.70100831
1800000000.0,Waru,5,3,3,"Garasi, Listrik, Air, Sebagian perabotan",1,230,210,-7.3503078,112.7674661
695000000.0,Taman,2,1,1,"AC, Tangki air, Wifi, Halaman, Sebagian perabotan",2,80,66,-7.36625948,112.70658743
500000000.0,Sedati,2,1,1,Tanpa perabotan,1,36,60,-7.36823624,112.80762658
600000000.0,Sukodono,2,1,1,Tanpa perabotan,1,45,75,-7.41037491,112.69608054
780000000.0,Taman,2,2,1,"Kabel video, Tanpa perabotan, Listrik, Wifi",1,100,136,-7.3591519,112.709069
475000000.0,Candi,2,2,1,Tidak Ada,1,102,102,-7.48724258,112.72375289
525000000.0,Sidoarjo,2,1,0,"Internet, Halaman, Listrik, Wifi, AC, Air, Tanpa perabotan",1,112,112,-7.44427949,112.67682899
1150000000.0,Waru,3,2,1,Tanpa perabotan,1,180,180,-7.3517813,112.7846068
70000000.0,Taman,3,2,0,Tanpa perabotan,1,75,100,-7.3659072,112.7111417
800000000.0,Sidoarjo,10,10,0,"Internet, Kabel video, Listrik, Teras, Fully fenced, Balkon, Air, Berperabot lengkap, Deck, Wifi",2,240,120,-7.412324,112.5378369
1350000000.0,Taman,3,2,0,Tanpa perabotan,1,60,290,-7.36865088,112.67462958
400000000.0,Jabon,2,1,0,"Garasi, Tanpa perabotan",1,40,75,-7.5411,112.7309
1650000000.0,Sidoarjo,3,2,2,"Garasi, Balkon, Ruang layanan, Air, Sebagian perabotan, AC, Dapur lengkap, Tangki air, Listrik, Teras",2,140,90,-7.4462352,112.7178195
3500000000.0,Waru,10,10,10,"Garasi, Balkon, Ruang layanan, Air, Berperabot lengkap, Deck, AC, Dapur lengkap, Tangki air, Listrik, Teras",3,650,366,-7.35098,112.72223
750000000.0,Taman,2,1,1,"Garasi, Dapur lengkap, Air, Sebagian perabotan, AC, Tangki air, Listrik, Teras",1,91,91,-7.3599061,112.7089609
399000000.0,Buduran,2,1,0,Tanpa perabotan,2,40,40,-7.425129,112.7230909
410000000.0,Taman,2,1,0,Tanpa perabotan,1,41,81,-7.3589157,112.6810879
1090000000.0,Waru,4,2,0,Tidak Ada,1,150,150,-7.3652174,112.7343734
1250000000.0,Sidoarjo,2,1,0,"Garasi, Tanpa perabotan, Internet",1,125,144,-7.4464,112.6933
500000000.0,Waru,4,1,0,Tanpa perabotan,1,60,90,-7.3584727,112.7566227
625000000.0,Sukodono,3,1,0,Tanpa perabotan,1,65,90,-7.3831573,112.6883969
590000000.0,Sidoarjo,2,2,2,Tanpa perabotan,2,66,78,-7.4245342,112.6815738
450000000.0,Sidoarjo,2,1,0,"Garasi, Balkon, Air, Tanpa perabotan, Deck, Wifi, Internet, Gas alam, Listrik, Teras, Fully fenced",1,103,84,-7.44011612,112.70100831
1400000000.0,Waru,4,2,2,"Garasi, Kabel video, Tangki air, Tanpa perabotan, AC, Halaman, Air, Wifi",1,180,200,-7.34506052,112.74935525
365000000.0,Sedati,2,1,0,"Halaman, Listrik, Air, Tanpa perabotan",1,60,60,-7.40573552,112.76139334
1000000000.0,Sidoarjo,3,3,2,"Garasi, AC, Dapur lengkap, Halaman, Teras, Internet, Balkon, Kabel video, Sebagian perabotan, Setengah terpisah",2,96,96,-7.459435,112.709638
450000000.0,Buduran,2,1,1,"Garasi, Pemandangan panorama, Air, Tanpa perabotan, Internet, Halaman, Listrik, Wifi",1,45,78,-7.4218622,112.7532509
450000000.0,Buduran,2,1,1,"Garasi, Pemandangan panorama, Air, Tanpa perabotan, Internet, Halaman, Listrik, Wifi",1,45,78,-7.425129,112.7230909
550000000.0,Sukodono,2,1,1,Tanpa perabotan,1,80,90,-7.41997638,112.68392745
625000000.0,Sukodono,2,1,0,Tanpa perabotan,1,80,96,-7.3935594,112.6985145
1400000000.0,Waru,4,2,0,"Garasi, Tanpa perabotan",1,180,200,-7.347262,112.7530496
700000000.0,Sukodono,3,1,1,Tanpa perabotan,1,100,112,-7.394061,112.6738809
450000000.0,Sidoarjo,5,5,0,Tanpa perabotan,1,80,99,-7.4582209,112.71255098
690000000.0,Gedangan,2,1,1,"Air, Listrik",1,70,90,-7.391717,112.7306136
395000000.0,Candi,2,1,1,"Garasi, Balkon, Kabel video, Listrik, Teras, Wifi, Internet, Dapur lengkap, Halaman, Tanpa perabotan, Fully fenced",1,60,75,-7.4588931,112.6995701
1880000000.0,Gedangan,5,3,3,"Garasi, AC, Dapur lengkap, Ruang layanan, Air, Berperabot lengkap, Deck, Internet, Balkon, Halaman, Tangki air, Listrik, Teras",2,200,195,-7.386163,112.7499239
2300000000.0,Waru,4,2,0,"Balkon, Air, Tanpa perabotan, Tangki air, Listrik, Fully fenced",3,260,180,-7.3399267,112.7562893
70000000.0,Waru,3,2,2,Tanpa perabotan,2,240,120,-7.34869667,112.76591018
1750000000.0,Waru,5,3,0,Tanpa perabotan,1,200,165,-7.3645565,112.73553
800000000.0,Tulangan,3,2,0,Tanpa perabotan,1,154,94,-7.454684,112.649794
800000000.0,Sidoarjo,3,2,2,"Garasi, Halaman, Air, Sebagian perabotan, Balkon, Tangki air, Listrik, Teras",2,100,90,-7.4522507,112.6944735
500000000.0,Sidoarjo,2,1,1,"Garasi, Ruang layanan, Air, Tanpa perabotan, AC, Tangki air, Listrik, Teras",1,84,84,-7.45347914,112.69806428
425000000.0,Sedati,2,1,0,"Halaman, Listrik, Air, Tanpa perabotan",1,50,84,-7.40573552,112.76139334
305000000.0,Gedangan,2,1,0,Tanpa perabotan,1,41,90,-7.3896762,112.7279598
850000000.0,Taman,3,2,0,"Garasi, Tangki air, Wifi, AC, Air",2,98,67,-7.34441775,112.70703234
1200000000.0,Tulangan,3,2,0,Tidak Ada,2,150,112,-7.4726134,112.6675398
1100000000.0,Buduran,4,2,2,"Garasi, Ruang layanan, Gas alam, Listrik, Teras, AC, Tangki air, Air, Sebagian perabotan",1,150,150,-7.4314275,112.7103755
625000000.0,Sidoarjo,2,1,0,"Air, Listrik",1,70,94,-7.4540491,112.7066448
1400000000.0,Tulangan,3,2,0,Tanpa perabotan,1,160,150,-7.472613,112.66754
9000000000.0,Sidoarjo,5,3,0,Tanpa perabotan,1,433,376,-7.4501427,112.6950608
1400000000.0,Waru,3,3,0,Tanpa perabotan,1,115,100,-7.34231,112.76803
690000000.0,Sukodono,2,1,0,Tanpa perabotan,1,60,141,-7.38897,112.70071
1000000000.0,Gedangan,3,2,0,Tanpa perabotan,1,90,120,-7.39003,112.73619
390000000.0,Taman,3,2,2,"Garasi, AC, Kabel video, Air, Sebagian perabotan, Deck, Wifi, Internet, Dapur lengkap, Halaman, Listrik, Teras, Fully fenced",2,140,78,-7.3659072,112.7111417
1000000000.0,Gedangan,3,2,0,"Garasi, Tanpa perabotan, Internet",1,72,120,-7.3970813,112.7469881
1470000000.0,Waru,3,3,0,"Garasi, Tanpa perabotan, Internet",1,100,100,-7.3423873,112.7160201
425000000.0,Taman,2,1,1,"Garasi, Halaman, AC, Tanpa perabotan",1,40,72,-7.3682573,112.7077638
2000000000.0,Waru,3,3,0,"Garasi, Ruang layanan, Fully fenced, Kabel video, Tanpa perabotan, Wifi",1,115,160,-7.3620313,112.7410223
498000000.0,Sedati,3,2,2,"Garasi, Dapur lengkap, Kabel video, Gas alam, Ruang kantor, Listrik, Tanpa perabotan, Fully fenced, Internet, Dapur terpadu, Halaman, Perapian, Air, Rubanah, Teras, Wifi",1,91,91,-7.3691674,112.7852277
1550000000.0,Waru,4,3,1,"Garasi, Tangki air, Tanpa perabotan, AC, Air, Wifi",1,101,150,-7.3645565,112.73553
625000000.0,Sedati,2,1,0,Tanpa perabotan,1,42,90,-7.3951247,112.8082562
2680000000.0,Waru,4,2,0,"Internet, Tanpa perabotan, Dapur lengkap",1,150,180,-7.34218,112.76802
1300000000.0,Sidoarjo,5,3,1,"AC, Tanpa perabotan",2,137,137,-7.4520511,112.6849812
415000000.0,Sukodono,2,1,0,"Garasi, Dapur lengkap, Halaman, Listrik, Wifi, Internet, Kabel video, Air, Tanpa perabotan",1,65,65,-7.3981,112.6737
600000000.0,Sidoarjo,2,1,1,"AC, Tanpa perabotan",1,56,84,-7.44011612,112.70100831
720000000.0,Gedangan,2,1,0,"Garasi, Tanpa perabotan, Kabel video, Wifi",1,65,96,-7.3892027,112.7369973
850000000.0,Sidoarjo,2,1,0,"Garasi, Tanpa perabotan, Listrik",1,60,120,-7.4295139,112.6905109
875000000.0,Buduran,2,1,0,"Air, Listrik",1,36,90,-7.4300171,112.6957181
750000000.0,Taman,2,1,0,"Air, Fully fenced, Tanpa perabotan",1,70,91,-7.3640361,112.7108056
260000000.0,Sukodono,2,1,0,"Garasi, Kabel video, Air, Tanpa perabotan, Wifi, Internet, Halaman, Listrik, Teras",1,50,50,-7.3981,112.6737
250000000.0,Prambon,2,1,0,"Garasi, Kabel video, Air, Tanpa perabotan, Internet, Halaman, Listrik, Wifi",1,91,91,-7.4443603,112.5842817
1100000000.0,Gedangan,2,2,0,"Garasi, Dapur lengkap, Halaman, Air, Tanpa perabotan, AC, Pemandangan panorama, Lemari pakaian bawaan, Listrik, Teras",1,70,105,-7.391717,112.7306136
3100000000.0,Waru,4,2,0,"Garasi, Air, Tanpa perabotan, Tangki air, Listrik, Fully fenced",1,340,180,-7.3434451,112.7685874
500000000.0,Waru,4,1,0,"Garasi, Tanpa perabotan",1,70,90,-7.3559,112.75598
1800000000.0,Sidoarjo,3,2,0,"Garasi, Gas alam, Listrik, Deck, Internet, Ruang kantor, Tanpa perabotan, Fully fenced",1,260,266,-7.4217,112.5322
850000000.0,Taman,3,2,0,"Garasi, AC, Listrik, Wifi, Internet, Dapur lengkap, Tanpa perabotan",2,100,135,-7.3778578,112.6411193
790000000.0,Candi,3,2,2,"Balkon, Tangki air, Listrik, Teras, Halaman, Air, Tanpa perabotan, Deck",2,110,72,-7.4869501,112.6973995
480000000.0,Sedati,3,1,0,"Garasi, Tanpa perabotan, Air",1,55,70,-7.40345,112.76539
230000000.0,Sedati,2,1,1,"Garasi, Tanpa perabotan, Air",1,55,102,-7.3952,112.7675
865000000.0,Waru,2,1,1,"Garasi, Air, Sebagian perabotan, Dapur terpadu, Listrik",1,45,67,-7.3645565,112.73553
950000000.0,Waru,3,2,2,"Garasi, Air, Sebagian perabotan, Dapur terpadu, Listrik",1,128,128,-7.3503078,112.7674661
1700000000.0,Waru,3,1,0,Tidak Ada,1,200,200,-7.3433654,112.768599
1000000000.0,Waru,6,3,0,Tidak Ada,3,240,145,-7.3608225,112.7293455
1700000000.0,Waru,4,2,0,Tidak Ada,1,200,200,-7.3433654,112.768599
750000000.0,Gedangan,2,2,0,Tidak Ada,2,46,72,-7.3917721,112.7306701
3250000000.0,Taman,5,3,0,Tidak Ada,1,360,360,-7.3742771,112.6395931
2200000000.0,Waru,3,2,0,Tidak Ada,2,130,120,-7.3432711,112.7683327
14000000000.0,Waru,10,8,0,Tidak Ada,3,600,915,-7.3646948,112.7351961
6250000000.0,Gedangan,2,1,0,Tidak Ada,1,54,105,-7.3917721,112.7306701
800000000.0,Sidoarjo,3,1,0,Tidak Ada,1,120,120,-7.4514112,112.6871692
1500000000.0,Gedangan,2,1,0,Tidak Ada,1,70,120,-7.3917721,112.7306701
1600000000.0,Waru,3,2,0,Tidak Ada,1,100,200,-7.3433654,112.768599
800000000.0,Gedangan,2,1,0,Tidak Ada,1,55,90,-7.3917721,112.7306701
895000000.0,Waru,4,3,0,Tidak Ada,1,120,130,-7.365102,112.7196817
2250000000.0,Waru,3,2,0,Tidak Ada,2,130,120,-7.3433654,112.768599
675000000.0,Gedangan,3,1,0,Tidak Ada,1,58,120,-7.3917721,112.7306701
820000000.0,Gedangan,2,1,0,Tidak Ada,1,70,91,-7.3917721,112.7306701
1250000000.0,Gedangan,3,2,0,Tidak Ada,1,79,135,-7.3917721,112.7306701
500000000.0,Sidoarjo,2,1,0,Tidak Ada,1,91,91,-7.4514112,112.6871692
575000000.0,Gedangan,2,1,0,Tidak Ada,1,36,72,-7.3917721,112.7306701
780000000.0,Gedangan,2,1,0,Tidak Ada,1,84,135,-7.3917721,112.7306701
915000000.0,Gedangan,2,2,0,Tidak Ada,2,165,115,-7.3917721,112.7306701
490000000.0,Gedangan,2,1,0,Tidak Ada,1,36,73,-7.3917721,112.7306701
2300000000.0,Gedangan,5,2,0,Tidak Ada,2,250,187,-7.3917721,112.7306701
950000000.0,Gedangan,3,2,0,Tidak Ada,1,77,128,-7.3917721,112.7306701
1950000000.0,Waru,3,2,0,Tidak Ada,2,105,105,-7.3433654,112.768599
1050000000.0,Gedangan,3,2,0,Tidak Ada,1,100,128,-7.3917721,112.7306701
575000000.0,Gedangan,2,1,0,Tidak Ada,1,60,90,-7.3917721,112.7306701
400000000.0,Buduran,2,1,0,Tanpa perabotan,1,36,90,-7.425129,112.7230909
400000000.0,Taman,3,1,0,Sebagian perabotan,1,54,90,-7.3589157,112.6810879
410000000.0,Taman,3,1,0,Tanpa perabotan,1,41,82,-7.3589157,112.6810879
400000000.0,Sukodono,2,1,0,Tanpa perabotan,1,42,72,-7.394061,112.6738809
925000000.0,Buduran,2,1,1,"Garasi, Halaman, Tanpa perabotan, Wifi, Internet, Air, Fully fenced",1,126,126,-7.425492999999999,112.7081808
1600000000.0,Taman,1,2,0,"Garasi, Air, Tanpa perabotan, Halaman, Listrik, Fully fenced",1,210,210,-7.374592,112.6395609
2500000000.0,Sedati,4,2,0,Tidak Ada,1,267,267,-7.371738099999999,112.7637334
1300000000.0,Sedati,2,2,0,"Garasi, Halaman, Air, Tanpa perabotan, AC, Tangki air, Listrik, Fully fenced",2,133,77,-7.3756404,112.758414
353000000.0,Candi,2,1,1,"Garasi, Air, Tanpa perabotan, Halaman, Listrik",1,60,90,-7.46736755,112.70236395
352000000.0,Candi,2,1,1,"Garasi, Air, Tanpa perabotan, Halaman, Listrik",1,60,90,-7.49567427,112.73159936
351000000.0,Candi,2,1,1,"Garasi, Halaman, Listrik, Internet, Air, Tanpa perabotan",1,60,90,-7.46736755,112.70236395
1100000000.0,Sedati,3,2,0,"AC, Dapur lengkap, Air, Balkon, Jacuzzi, Berperabot lengkap",2,100,100,-7.375620499999999,112.7575683
633500000.0,Wonoayu,3,3,3,"Garasi, Air, Tanpa perabotan, Halaman, Listrik, Fully fenced",1,228,228,-7.446138,112.6514882
632500000.0,Tulangan,3,3,3,"Garasi, Air, Fully fenced, Halaman, Listrik",1,228,228,-7.4812926,112.6468606
1900000000.0,Tulangan,3,3,0,"Garasi, Tanpa perabotan, Halaman, Teras",2,150,135,-7.472613399999998,112.6675398
1350000000.0,Waru,3,2,2,Tanpa perabotan,1,120,180,-7.3434451,112.7685874
750000000.0,Waru,3,2,2,"Internet, Air, Tanpa perabotan, Halaman, Listrik",2,160,160,-7.3588392,112.7583752
260000000.0,Sukodono,2,1,1,"Internet, Air, Tanpa perabotan, Halaman, Listrik",1,90,90,-7.394061,112.6738809
385000000.0,Sukodono,2,1,0,Tanpa perabotan,1,72,72,-7.394061,112.6738809
400000000.0,Sukodono,2,1,0,Sebagian perabotan,1,72,90,-7.394061,112.6738809
750000000.0,Waru,2,1,0,Tanpa perabotan,1,105,105,-7.3517813,112.7846068
200000000.0,Krian,2,1,1,"Internet, Air, Tanpa perabotan, Halaman, Listrik",1,113,113,-7.4204349,112.5888673
28000000000.0,Waru,9,4,2,"Halaman, Air, Ruang kantor",2,870,1,-7.3520524,112.7290348
850000000.0,Buduran,2,1,0,"Garasi, Tangki air, Dapur terpadu, Tanpa perabotan",1,80,120,-7.435732094585398,112.71526554282224
453000000.0,Buduran,2,1,1,"Garasi, Halaman, Listrik, Wifi, Internet, Air, Tanpa perabotan",1,45,78,-7.4218622,112.7532509
520000000.0,Gedangan,0,0,0,"Garasi, Listrik, Halaman",1,40,100,-7.40905598,112.74649635
420000000.0,Tulangan,2,1,0,Tidak Ada,1,100,100,-7.4726134,112.6675398
250000000.0,Tulangan,3,1,0,Tidak Ada,1,153,153,-7.4726134,112.6675398
1030000000.0,Tulangan,3,2,0,Tidak Ada,1,200,200,-7.4726134,112.6675398
400000000.0,Tulangan,3,2,0,Tidak Ada,1,104,104,-7.4726134,112.6675398
750000000.0,Tulangan,3,2,0,Tidak Ada,1,160,160,-7.4726134,112.6675398
260000000.0,Tulangan,2,1,0,Tidak Ada,1,90,90,-7.4726134,112.6675398
200000000.0,Tulangan,2,1,0,Tidak Ada,1,114,113,-7.4726134,112.6675398
475000000.0,Sedati,2,1,1,Tanpa perabotan,1,72,72,-7.3953232,112.8100897
2500000000.0,Gedangan,5,3,0,Tanpa perabotan,1,360,200,-7.38388144,112.75020014
1890000000.0,Waru,5,4,0,Sebagian perabotan,2,165,157,-7.3399267,112.7562893
900000000.0,Waru,2,1,1,"Air, Tanpa perabotan, Listrik",1,133,133,-7.3566934,112.7524203
900000000.0,Sidoarjo,3,2,0,"Halaman, Listrik, Air, Sebagian perabotan",1,135,135,-7.461408,112.7315635
900000000.0,Waru,2,1,0,Tanpa perabotan,1,60,133,-7.3549903,112.7519191
1440000000.0,Waru,4,2,0,Sebagian perabotan,2,200,150,-7.3399267,112.7562893
2500000000.0,Waru,4,3,0,Tanpa perabotan,2,180,180,-7.3434451,112.7685874
400000000.0,Gedangan,3,1,0,Tanpa perabotan,1,54,90,-7.389676199999999,112.7279598
900000000.0,Sidoarjo,2,1,0,Sebagian perabotan,1,70,105,-7.449771799999999,112.7015495
900000000.0,Sidoarjo,2,1,0,Sebagian perabotan,1,105,70,-7.449771799999999,112.7015495
690000000.0,Taman,2,1,1,"Air, Tanpa perabotan, Fully fenced, Listrik, Deck, Wifi",2,60,60,-7.36625948,112.70658743
800000000.0,Taman,3,2,0,Tanpa perabotan,2,60,72,-7.3589157,112.6810879
405000000.0,Gedangan,3,1,0,Tanpa perabotan,1,90,90,-7.389676199999999,112.7279598
410000000.0,Taman,2,2,0,Sebagian perabotan,1,41,81,-7.340531,112.7077638
151000000.0,Sukodono,2,1,0,Tanpa perabotan,1,35,35,-7.394061,112.6738809
500000000.0,Sidoarjo,2,1,0,"Listrik, Fully fenced, Tanpa perabotan",1,45,84,-7.4578331,112.7278553
1850000000.0,Waru,3,2,1,"Air, Tanpa perabotan",2,100,120,-7.3541007,112.7842655
2300000000.0,Waru,6,5,5,Tanpa perabotan,2,250,158,-7.3517813,112.7846068
500000000.0,Buduran,3,2,2,"Air, Tanpa perabotan, Listrik",1,108,108,-7.436595,112.694927
1850000000.0,Sedati,3,3,0,Tidak Ada,2,106,108,-7.367143,112.773136
625000000.0,Gedangan,2,1,1,"Air, Tanpa perabotan, Listrik",1,98,98,-7.3988445,112.74768557
3200000000.0,Waru,14,9,9,Sebagian perabotan,2,300,135,-7.3645565,112.73553
1470000000.0,Waru,3,3,3,"Garasi, Listrik, Deck, Wifi, Air, Sebagian perabotan, Fully fenced",2,100,100,-7.3423873,112.7160201
250000000.0,Sukodono,2,1,1,"Air, Tanpa perabotan, Listrik",1,54,54,-7.4081898,112.680203
400000000.0,Sukodono,2,1,0,Tanpa perabotan,1,72,72,-7.394061,112.6738809
650000000.0,Taman,4,2,0,Tanpa perabotan,2,210,210,-7.3589157,112.6810879
375000000.0,Krian,2,1,0,Sebagian perabotan,1,36,72,-7.40299,112.5873906
1290000000.0,Waru,3,3,0,Sebagian perabotan,2,160,150,-7.363398,112.7426543
1350000000.0,Tulangan,3,1,0,Tidak Ada,1,198,198,-7.4726134,112.6675398
750000000.0,Tulangan,2,2,0,Tidak Ada,1,174,174,-7.4726134,112.6675398
890000000.0,Gedangan,3,1,0,"Garasi, Listrik, Air, Tanpa perabotan",1,90,135,-7.39429077,112.73234434
650000000.0,Sukodono,3,2,0,Tanpa perabotan,2,210,210,-7.394061,112.6738809
3890000000.0,Waru,4,3,0,"Internet, Tanpa perabotan",2,400,309,-7.3652174,112.7343734
410000000.0,Sukodono,2,1,0,Sebagian perabotan,1,72,90,-7.394061,112.6738809
300000000.0,Taman,2,1,0,Sebagian perabotan,1,72,72,-7.3589157,112.6810879
150000000.0,Gedangan,2,1,0,Sebagian perabotan,1,35,35,-7.389676199999999,112.7279598
350000000.0,Krian,3,1,0,Tidak Ada,1,78,78,-7.40299,112.5873906
1100000000.0,Sidoarjo,3,2,0,Tanpa perabotan,2,56,90,-7.44977187,112.70154957
1500000000.0,Sedati,4,2,0,"Air, Berperabot lengkap, Listrik, Fully fenced",2,160,142,-7.3756404,112.758414
1500000000.0,Waru,5,3,3,Tanpa perabotan,2,154,210,-7.3686011,112.7260764
1240000000.0,Waru,3,2,2,"Garasi, Listrik, Air, Tanpa perabotan",1,150,220,-7.3478182,112.7369717
980000000.0,Gedangan,2,1,0,Tidak Ada,1,65,159,-7.391717,112.7306136
980000000.0,Gedangan,2,1,0,Tidak Ada,1,159,65,-7.3885636,112.732315
385000000.0,Taman,2,1,0,Sebagian perabotan,1,36,72,-7.3589157,112.6810879
150000000.0,Sukodono,2,1,0,Tanpa perabotan,1,35,35,-7.394061,112.6738809
1400000000.0,Taman,3,2,0,"Garasi, Halaman, Air, Wifi, AC, Tangki air, Tanpa perabotan",1,150,210,-7.3758656,112.6435652
975000000.0,Gedangan,2,1,1,"Garasi, Air, Sebagian perabotan, Fully fenced, AC, Listrik, Teras",1,65,159,-7.389676199999999,112.7279598
775000000.0,Waru,3,1,1,"Garasi, Listrik, Teras, Air, Tanpa perabotan",1,110,120,-7.3503078,112.7674661
978000000.0,Gedangan,2,1,0,"Garasi, AC, Dapur terpadu, Halaman, Alarm, Air, Sebagian perabotan, Wifi, Internet, Dapur lengkap, Kabel video, Ruang layanan, Lemari pakaian bawaan, Listrik, Fully fenced",1,80,158,-7.3970813,112.7469881
1490000000.0,Waru,6,4,0,"Garasi, AC, Dapur lengkap, Kabel video, Ruang layanan, Lemari pakaian bawaan, Listrik, Teras, Wifi, Internet, Balkon, Dapur terpadu, Halaman, Tangki air, Air, Sebagian perabotan, Fully fenced",2,230,135,-7.3599547,112.7417036
1090000000.0,Waru,3,2,0,"Garasi, AC, Dapur terpadu, Halaman, Air, Tanpa perabotan, Wifi, Internet, Dapur lengkap, Kabel video, Lemari pakaian bawaan, Listrik, Fully fenced",1,110,156,-7.3616718,112.7441901
1100000000.0,Gedangan,3,2,0,"Garasi, Halaman, Air, Tanpa perabotan, AC, Tangki air, Listrik, Wifi",2,200,137,-7.391717,112.7306136
475000000.0,Wonoayu,1,1,0,Tidak Ada,1,54,54,-7.446137999999999,112.6514882
900000000.0,Sedati,2,1,0,Tanpa perabotan,1,105,70,-7.371738099999999,112.7637334
890000000.0,Waru,3,2,0,Sebagian perabotan,1,100,188,-7.3648872,112.7702531
775000000.0,Waru,3,1,0,"Garasi, Halaman, Air, Tanpa perabotan, Fully fenced, Internet, Tangki air, Listrik, Teras",1,110,120,-7.3528001,112.7613933
550000000.0,Sedati,2,1,0,"Garasi, Tanpa perabotan, Air",1,50,75,-7.38084109,112.75543448
2300000000.0,Waru,5,3,0,Tidak Ada,1,240,120,-7.3503078,112.7674661
1250000000.0,Sidoarjo,1,2,2,"Garasi, Dapur lengkap, Listrik, Fully fenced, Balkon, Pemandangan panorama, Tanpa perabotan",2,150,95,-7.46476925,112.73406565
400000000.0,Sukodono,3,1,0,Berperabot lengkap,1,90,90,-7.394061,112.6738809
575000000.0,Sukodono,2,1,1,"Listrik, Tanpa perabotan",1,36,78,-7.39312872,112.69578215
450000000.0,Buduran,2,1,1,"Garasi, Halaman, Listrik, Wifi, Internet, Air, Tanpa perabotan",1,45,78,-7.425129,112.7230909
675000000.0,Candi,3,3,3,"Internet, Halaman, Air, Tanpa perabotan, Deck, Balkon, Tangki air, Listrik, Teras",2,95,91,-7.458909,112.699393
385000000.0,Buduran,2,1,0,Tanpa perabotan,1,72,72,-7.425129,112.7230909
375000000.0,Krian,2,1,0,Tanpa perabotan,1,72,72,-7.40299,112.5873906
250000000.0,Candi,2,1,1,"Garasi, Wifi, Halaman",1,36,96,-7.4588931,112.6995701
1500000000.0,Waru,2,1,1,Tanpa perabotan,1,135,135,-7.35291669,112.79196449
650000000.0,Taman,2,1,0,"Garasi, Tangki air, Halaman, Tanpa perabotan",1,80,135,-7.3758656,112.6435652
1600000000.0,Taman,4,3,3,"Garasi, AC, Dapur lengkap, Kabel video, Alarm, Gas alam, Air, Teras, Fully fenced, Internet, Balkon, Dapur terpadu, Tangki air, Lemari pakaian bawaan, Perapian, Listrik, Deck, Wifi",2,285,150,-7.37289066,112.71101307
475000000.0,Candi,3,2,2,"Garasi, Kabel video, Tanpa perabotan, Internet, Air, Wifi",2,85,131,-7.4582505,112.6780867
3300000000.0,Waru,7,5,5,"Garasi, Halaman, Listrik, AC, Air, Sebagian perabotan",1,395,315,-7.3503078,112.7674661
1400000000.0,Waru,1,1,0,Tanpa perabotan,1,100,255,-7.3434451,112.7685874
746000000.0,Taman,2,1,0,Sebagian perabotan,1,91,91,-7.363992,112.7091624
1800000000.0,Waru,5,3,0,"Garasi, Halaman, Air, Wifi, AC, Tangki air, Tanpa perabotan",2,230,210,-7.36463451,112.73444485
1190000000.0,Gedangan,4,3,0,Sebagian perabotan,2,160,105,-7.3885665,112.7323259
3300000000.0,Waru,7,4,0,"Garasi, Halaman, Air, Tanpa perabotan, Wifi, AC, Tangki air, Listrik, Fully fenced",2,395,315,-7.36463451,112.73444485
1200000000.0,Sidoarjo,4,2,2,"Garasi, AC, Dapur lengkap, Dapur terpadu, Gas alam, Deck, Wifi, Internet, Balkon, Pemanasan, Ruang layanan, Ruang kantor, Fully fenced",2,85,126,-7.4540491,112.7066448
1500000000.0,Waru,3,1,0,"Internet, Air, Fully fenced, Halaman, Tanpa perabotan",1,154,154,-7.3450604,112.7493551
3200000000.0,Gedangan,14,9,0,Sebagian perabotan,2,300,135,-7.3662574,112.7382525
1100000000.0,Waru,3,2,0,"Garasi, Halaman, Air, Wifi, AC, Tangki air, Sebagian perabotan",2,130,90,-7.3432711,112.7683327
650000000.0,Sukodono,4,2,0,Tanpa perabotan,2,210,210,-7.394061,112.6738809
1900000000.0,Waru,4,4,0,Tanpa perabotan,2,142,142,-7.3517813,112.7846068
911000000.0,Waru,3,2,0,Sebagian perabotan,2,180,90,-7.3652174,112.7343734
2250000000.0,Buduran,4,4,0,"Garasi, Air, Tanpa perabotan, Fully fenced, Halaman, Listrik, Deck",2,210,210,-7.4316132,112.6961966
1300000000.0,Gedangan,3,2,0,"Garasi, Halaman, Air, Wifi, AC, Tangki air, Berperabot lengkap",2,200,105,-7.391717,112.7306136
1290000000.0,Gedangan,3,3,0,Sebagian perabotan,2,140,105,-7.3885665,112.7323259
2250000000.0,Waru,3,2,0,Tanpa perabotan,1,258,258,-7.3517813,112.7846068
6500000000.0,Waru,23,23,0,"AC, Air, Sebagian perabotan, Tangki air, Listrik, Fully fenced",2,550,238,-7.3399267,112.7562893
1250000000.0,Waru,3,2,1,Tanpa perabotan,1,180,180,-7.3404656,112.7768891
150000000.0,Sukodono,2,1,0,Tanpa perabotan,1,30,35,-7.394061,112.6738809
565000000.0,Buduran,2,1,0,Tanpa perabotan,1,40,90,-7.425129,112.7230909
2500000000.0,Buduran,5,2,1,"Garasi, Dapur lengkap, Listrik, AC, Air",2,450,302,-7.443083,112.7029373
990000000.0,Gedangan,3,2,0,"Garasi, AC, Halaman, Air, Internet, Dapur terpadu, Tangki air, Listrik",2,110,127,-7.3862316,112.7174724
875000000.0,Waru,3,2,0,Tanpa perabotan,2,170,120,-7.3434451,112.7685874
790000000.0,Taman,2,1,0,Sebagian perabotan,1,80,98,-7.363992,112.7091624
779000000.0,Taman,2,1,0,Tidak Ada,1,85,91,-7.363992,112.7091624
749000000.0,Taman,2,2,0,Sebagian perabotan,2,110,98,-7.363992,112.7091624
875000000.0,Waru,3,2,2,Tanpa perabotan,2,170,120,-7.3517813,112.7846068
1900000000.0,Waru,5,3,0,"Garasi, Kabel video, Tangki air, Listrik, Wifi, AC, Halaman, Air, Tanpa perabotan",2,151,156,-7.3432711,112.7683327
800000000.0,Sukodono,5,3,3,"Garasi, Teras, Tanpa perabotan",1,100,191,-7.394061,112.6738809
1250000000.0,Sidoarjo,3,3,0,Tanpa perabotan,1,135,135,-7.4497718,112.7015495
2000000000.0,Sidoarjo,3,2,0,"Air, Berperabot lengkap, Listrik",2,150,175,-7.4540491,112.7066448
1400000000.0,Waru,5,2,2,"Garasi, Tangki air, Listrik, Teras, Ruang layanan, Air, Tanpa perabotan",1,200,200,-7.3450604,112.7493551
680000000.0,Candi,2,1,0,"Garasi, Pemandangan panorama, Air, Tanpa perabotan, Internet, Halaman, Listrik",2,42,84,-7.4869563,112.6970489
800000000.0,Taman,5,3,2,"AC, Tangki air, Wifi, Halaman, Sebagian perabotan",2,120,191,-7.3807457,112.700583
1100000000.0,Waru,3,2,2,"Garasi, Balkon, Tangki air, Listrik, Teras, AC, Ruang layanan, Air, Berperabot lengkap",2,160,91,-7.3517813,112.7846068
860000000.0,Waru,4,2,2,"AC, Halaman, Wifi, Kabel video, Sebagian perabotan",1,90,120,-7.3668153,112.7658126
860000000.0,Waru,4,2,0,"Garasi, Kabel video, Tangki air, Tanpa perabotan, AC, Halaman, Air, Wifi",1,90,112,-7.3668153,112.7658126
800000000.0,Waru,3,2,2,"Garasi, Fully fenced, Sebagian perabotan",1,120,140,-7.3503078,112.7674661
1250000000.0,Sidoarjo,3,2,0,"Garasi, AC, Dapur lengkap, Ruang layanan, Air, Sebagian perabotan, Deck, Internet, Balkon, Halaman, Lemari pakaian bawaan, Listrik, Teras, Fully fenced",2,200,180,-7.4393008,112.6859171
1300000000.0,Waru,3,2,0,Tidak Ada,1,165,165,-7.342707,112.7698192
1960000000.0,Gedangan,4,3,0,Tidak Ada,1,200,233,-7.3885665,112.7323259
850000000.0,Taman,2,1,1,"Garasi, Tangki air, Listrik, Teras, Ruang layanan, Air, Tanpa perabotan",1,91,91,-7.3758656,112.6435652
1350000000.0,Buduran,2,1,1,"Garasi, Halaman, Tangki air, Listrik, Teras, AC, Ruang layanan, Air, Tanpa perabotan",1,144,144,-7.436595,112.694927
1800000000.0,Buduran,3,4,4,"Garasi, Balkon, Ruang layanan, Air, Sebagian perabotan, Deck, AC, Halaman, Tangki air, Listrik, Teras",3,290,144,-7.436595,112.694927
675000000.0,Candi,3,2,2,"Garasi, AC, Alarm, Gas alam, Air, Berperabot lengkap, Fully fenced, Internet, Halaman, Lemari pakaian bawaan, Ruang kantor, Listrik, Teras, Wifi",1,105,105,-7.4605473,112.6795169
750000000.0,Waru,2,1,1,Tanpa perabotan,1,100,105,-7.345331,112.7739507
724000000.0,Gedangan,2,1,0,Sebagian perabotan,1,80,91,-7.371733,112.728444
416000000.0,Sukodono,2,1,1,"AC, Tanpa perabotan",1,36,80,-7.40402857,112.68563703
440000000.0,Taman,2,1,0,Tanpa perabotan,1,55,55,-7.3589157,112.6810879
166000000.0,Taman,2,1,0,Tanpa perabotan,1,30,66,-7.3589157,112.6810879
1340000000.0,Waru,5,3,0,Sebagian perabotan,2,250,150,-7.3399267,112.7562893
1300000000.0,Waru,6,2,2,Tanpa perabotan,2,120,180,-7.3431179,112.7736872
575000000.0,Taman,2,1,1,"Internet, Air, Teras, Tangki air, Tanpa perabotan, Deck",1,40,100,-7.3699922,112.713533
530000000.0,Sedati,2,1,0,"Garasi, Listrik, Teras, Air, Tanpa perabotan",1,30,72,-7.36823624,112.80762658
380000000.0,Buduran,2,1,0,Tanpa perabotan,1,75,75,-7.425129,112.7230909
775000000.0,Waru,3,1,1,Sebagian perabotan,1,110,120,-7.34506052,112.74935525
650000000.0,Buduran,3,1,1,"Garasi, Ruang layanan, Air, Tanpa perabotan, Halaman, Tangki air, Listrik, Teras",1,293,293,-7.4163671,112.7256603
1100000000.0,Sidoarjo,4,3,0,"Garasi, Air, Teras, Tangki air, Listrik",1,106,200,-7.45614514,112.70664476
1890000000.0,Waru,5,3,0,Tanpa perabotan,1,190,209,-7.3559173,112.7477701
2400000000.0,Waru,5,3,2,Tanpa perabotan,2,170,140,-7.3517813,112.7846068
980000000.0,Waru,3,2,1,Tanpa perabotan,1,140,140,-7.3517813,112.7846068
850000000.0,Buduran,3,2,0,"Garasi, Halaman, Air, Wifi, AC, Tangki air, Tanpa perabotan",1,135,135,-7.436595,112.694927
1650000000.0,Sidoarjo,7,6,0,"Air, Listrik",1,200,216,-7.4540491,112.7066448
1700000000.0,Sidoarjo,4,2,0,"Air, Listrik",1,23,200,-7.4540491,112.7066448
1290000000.0,Waru,3,2,0,Sebagian perabotan,2,165,165,-7.3399267,112.7562893
1590000000.0,Waru,4,3,0,Berperabot lengkap,2,180,150,-7.3559173,112.7477701
850000000.0,Sidoarjo,2,1,0,Tanpa perabotan,1,50,112,-7.4497718,112.7015495
2300000000.0,Waru,6,3,3,Tanpa perabotan,2,260,180,-7.3432711,112.7683327
800000000.0,Sukodono,5,3,0,"Garasi, Kabel video, Tangki air, Wifi, AC, Halaman, Air",2,120,191,-7.394061,112.6738809
1900000000.0,Waru,4,2,0,Tidak Ada,2,157,157,-7.3435939,112.7688649
700000000.0,Waru,3,2,0,"Garasi, Kabel video, Ruang layanan, Air, Fully fenced, Internet, Halaman, Gas alam, Tanpa perabotan",1,60,120,-7.3648872,112.7702531
400000000.0,Sukodono,3,1,0,Tanpa perabotan,1,54,90,-7.394061,112.6738809
380000000.0,Taman,2,1,0,Tanpa perabotan,1,36,72,-7.3589157,112.6810879
351000000.0,Taman,2,1,0,Tanpa perabotan,1,40,91,-7.3589157,112.6810879
307000000.0,Buduran,2,1,0,Tanpa perabotan,1,36,91,-7.425129,112.7230909
600000000.0,Buduran,2,1,1,Tanpa perabotan,1,75,96,-7.4350501,112.7138119
3000000000.0,Gedangan,4,2,0,"Garasi, Kabel video, Tangki air, Air, AC, Halaman, Alarm, Wifi",2,350,276,-7.391717,112.7306136
1990000000.0,Waru,7,4,0,Sebagian perabotan,2,300,223,-7.35898778,112.74640415
1500000000.0,Waru,4,2,2,Tanpa perabotan,1,135,135,-7.3435939,112.7688649
370000000.0,Taman,2,1,0,Tanpa perabotan,1,36,72,-7.3589157,112.6810879
300000000.0,Buduran,2,1,0,Tanpa perabotan,1,36,90,-7.425129,112.7230909
1900000000.0,Sidoarjo,3,2,1,Tidak Ada,1,200,200,-7.4472664,112.6959507
1500000000.0,Sidoarjo,3,2,0,"Garasi, Air, Tangki air, Listrik",1,105,150,-7.4540491,112.7066448
1500000000.0,Waru,4,3,0,"Garasi, Berperabot lengkap, Listrik",2,135,90,-7.3648872,112.7702531
675000000.0,Candi,4,2,0,"Kabel video, Tanpa perabotan, Halaman, Wifi",2,150,54,-7.4726393,112.7237275
2000000000.0,Waru,3,3,0,"Garasi, Kabel video, Tangki air, Tanpa perabotan, AC, Halaman, Air, Wifi",1,115,160,-7.3645565,112.73553
790000000.0,Gedangan,3,2,0,Tidak Ada,2,100,105,-7.3885636,112.732315
18000000000.0,Waru,3,2,0,"Balkon, Air, Tanpa perabotan, Tangki air, Listrik",2,105,105,-7.3399267,112.7562893
1750000000.0,Sidoarjo,5,2,2,"Garasi, Balkon, Ruang layanan, Alarm, Air, Wifi, Internet, Kabel video, Tangki air, Gas alam, Sebagian perabotan",2,285,175,-7.44011612,112.70100831
990000000.0,Waru,3,2,1,Tanpa perabotan,1,100,140,-7.3399267,112.7562893
2780000000.0,Gedangan,5,3,0,Berperabot lengkap,2,320,276,-7.39099779,112.73065154
550000000.0,Taman,2,1,1,"Garasi, Tangki air, Listrik, Halaman, Air, Tanpa perabotan",1,50,75,-7.3682573,112.7077638
1400000000.0,Waru,3,3,0,"AC, Air, Fully fenced, Tangki air, Sebagian perabotan",1,90,120,-7.3503078,112.7674661
1750000000.0,Buduran,3,2,0,Tidak Ada,1,100,90,-7.428144,112.694428
2000000000.0,Gedangan,4,3,3,"Garasi, Dapur terpadu, Alarm, Listrik, Internet, Pemandangan panorama, Lemari pakaian bawaan, Sebagian perabotan",1,165,200,-7.3714837,112.718192
1100000000.0,Buduran,4,2,0,Tanpa perabotan,2,220,120,-7.425129,112.7230909
950000000.0,Waru,3,1,0,"AC, Air, Wifi, Tangki air, Tanpa perabotan",2,120,78,-7.34506052,112.74935525
598000000.0,Taman,2,1,0,Berperabot lengkap,1,70,108,-7.3730239,112.6471451
2900000000.0,Sidoarjo,6,6,0,"Air, Sebagian perabotan, Listrik",2,240,260,-7.44726655,112.69595079
1300000000.0,Waru,3,1,1,"Kabel video, Tangki air, Wifi, Halaman, Tanpa perabotan",2,120,154,-7.34506052,112.74935525
750000000.0,Sidoarjo,2,1,0,Tidak Ada,1,70,105,-7.4499457,112.6953512
1600000000.0,Buduran,3,3,0,Tanpa perabotan,2,140,120,-7.4349235,112.7345789
1300000000.0,Buduran,4,3,0,"Halaman, Tanpa perabotan, Wifi, Air, Teras",1,70,75,-7.4285603,112.7084552
1920000000.0,Gedangan,0,1,0,Air,1,180,228,-7.3787248,112.7160377
1690000000.0,Sedati,3,3,0,"Garasi, Listrik, Air",2,94,105,-7.367143,112.773136
1300000000.0,Waru,3,1,0,"Garasi, Halaman, Listrik, Wifi, AC, Air, Tanpa perabotan",1,120,154,-7.34506052,112.74935525
1300000000.0,Waru,3,2,2,"Kabel video, Tangki air, Wifi, Halaman, Tanpa perabotan",2,160,165,-7.3503078,112.7674661
575000000.0,Taman,2,1,1,"Internet, Tangki air, Listrik, Teras, Halaman, Air, Tanpa perabotan",1,40,100,-7.3682573,112.7077638
540000000.0,Taman,3,1,1,"Internet, Air, Tanpa perabotan, Deck, Tangki air, Listrik, Teras",1,55,75,-7.3660474,112.7055873
1300000000.0,Waru,3,2,0,"AC, Tangki air, Wifi, Halaman, Tanpa perabotan",2,160,165,-7.3432711,112.7683327
450000000.0,Sukodono,3,1,0,"Halaman, Tanpa perabotan, Air, Wifi",1,91,91,-7.4154927,112.670275
490000000.0,Sidoarjo,2,2,0,"Dapur terpadu, Air, Halaman, Tanpa perabotan",1,60,84,-7.4432437,112.7271441
950000000.0,Gedangan,4,2,2,"Halaman, Sebagian perabotan, Tangki air, Wifi",2,146,121,-7.3972251,112.7370133
1350000000.0,Sidoarjo,3,2,0,"Air, Tanpa perabotan, Listrik",1,100,120,-7.4540491,112.7066448
650000000.0,Sukodono,2,0,0,"Kabel video, Wifi, Tanpa perabotan",1,100,118,-7.3992549,112.6761485
1300000000.0,Waru,4,3,0,"Internet, Listrik, Air",1,162,162,-7.3503078,112.7674661
700000000.0,Sidoarjo,2,1,0,"Halaman, Tanpa perabotan, Air",2,110,105,-7.4514112,112.6871692
580000000.0,Sukodono,2,1,1,"Kabel video, Tangki air, Wifi, Halaman, Tanpa perabotan",1,50,84,-7.3749156,112.69611306
3500000000.0,Waru,5,4,0,Tanpa perabotan,2,300,200,-7.352109,112.7844359
700000000.0,Waru,3,2,0,Tidak Ada,1,81,81,-7.3646345,112.7344448
650000000.0,Waru,3,2,0,Tidak Ada,1,98,98,-7.3646345,112.7344448
950000000.0,Sidoarjo,4,2,0,"Internet, Air, Sebagian perabotan, Dapur lengkap, Listrik",2,200,120,-7.4577208,112.7308424
1200000000.0,Gedangan,2,2,2,Tidak Ada,2,180,137,-7.391717,112.7306136
1600000000.0,Waru,8,3,0,Tidak Ada,2,240,200,-7.3636945,112.7174105
950000000.0,Gedangan,4,2,0,Tanpa perabotan,2,146,121,-7.391717,112.7306136
3200000000.0,Sidoarjo,4,2,0,"Garasi, Kabel video, Air, Tanpa perabotan, Deck, Wifi, Internet, Halaman, Listrik, Teras, Fully fenced",2,300,300,-7.4616193,112.7286245
890000000.0,Gedangan,3,1,0,"Halaman, Listrik, Teras, Air, Tanpa perabotan",1,90,135,-7.3970813,112.7469881
1850000000.0,Sidoarjo,7,6,0,"Halaman, Listrik, Teras, Air, Tanpa perabotan, Fully fenced",2,200,216,-7.4540491,112.7066448
970000000.0,Waru,3,2,0,AC,2,100,60,-7.3517813,112.7846068
640000000.0,Taman,2,1,0,Tidak Ada,1,70,108,-7.3730239,112.6471451
850000000.0,Waru,2,1,0,"Internet, Listrik, Air, Tanpa perabotan",1,43,78,-7.3565425,112.7518785
990000000.0,Waru,2,1,0,Tidak Ada,1,90,120,-7.3435939,112.7688649
300000000.0,Sukodono,2,1,0,Tanpa perabotan,1,36,57,-7.3831573,112.6883969
1600000000.0,Waru,3,1,0,"Listrik, Berperabot lengkap",2,180,90,-7.35844046,112.80685443
2800000000.0,Sidoarjo,5,4,0,"Internet, Listrik, Air",2,350,272,-7.4497718,112.7015495
1300000000.0,Waru,4,2,0,"Listrik, Teras, Tanpa perabotan",2,160,135,-7.3503078,112.7674661
1900000000.0,Waru,4,2,0,Fully fenced,1,200,200,-7.3503078,112.7674661
1700000000.0,Waru,4,2,0,Tanpa perabotan,1,100,147,-7.3503078,112.7674661
430000000.0,Sukodono,3,1,0,"Internet, Air",2,124,90,-7.40901143,112.67408174
240000000.0,Tulangan,2,1,1,"Garasi, Kabel video, Alarm, Wifi, Internet, Tangki air, Tanpa perabotan",1,40,90,-7.45723754,112.64817227
495000000.0,Gedangan,2,1,0,"Garasi, AC, Wifi, Internet, Air",1,60,90,-7.3896762,112.7279598
375000000.0,Krembung,2,1,1,"Garasi, Pemandangan panorama, Ruang layanan, Air, Tanpa perabotan, Dapur terpadu, Halaman, Ruang kantor, Listrik, Teras",1,46,70,-7.50875445,112.62266647
2000000000.0,Waru,3,2,0,Tidak Ada,2,105,98,-7.3517813,112.7846068
750000000.0,Candi,2,1,0,Tanpa perabotan,1,104,104,-7.4727733,112.7236749
685000000.0,Taman,2,1,1,"AC, Alarm, Listrik, Tanpa perabotan, Pemanasan, Lemari pakaian bawaan, Rubanah",1,110,135,-7.3758656,112.6435652
460000000.0,Sukodono,3,1,1,"Dapur terpadu, Ruang layanan, Tanpa perabotan, Pemandangan panorama, Ruang kantor, Teras",1,50,100,-7.408064,112.6943559
1500000000.0,Taman,5,4,4,"AC, Gas alam, Tanpa perabotan, Dapur terpadu, Listrik",2,250,150,-7.3756527,112.7107372
500000000.0,Sedati,2,1,0,"Garasi, AC, Dapur lengkap, Dapur terpadu, Pemandangan panorama, Halaman, Tangki air, Lemari pakaian bawaan, Perapian, Air, Rubanah, Teras, Internet, Balkon, Pemanasan, Jacuzzi, Kabel video, Ruang layanan, Alarm, Gas alam, Ruang kantor, Listrik, Tanpa perabotan",1,36,90,-7.3788716,112.787289
350000000.0,Sedati,2,1,1,"Garasi, Air, Sebagian perabotan, Dapur terpadu, Listrik",1,72,72,-7.3814495,112.7911863
1170000000.0,Waru,3,2,2,"Garasi, Air, Sebagian perabotan, Dapur terpadu, Listrik",2,90,67,-7.3645565,112.73553
700000000.0,Gedangan,3,1,1,"Garasi, Listrik, Air, Sebagian perabotan",1,78,120,-7.3885636,112.732315
1350000000.0,Waru,4,3,3,"Garasi, Air, Sebagian perabotan, AC, Listrik",2,130,75,-7.3434451,112.7685874
495000000.0,Gedangan,2,1,1,Tanpa perabotan,1,72,72,-7.4021421,112.7190062
925000000.0,Taman,2,1,1,"Internet, Dapur lengkap, Dapur terpadu, Pemandangan panorama, Ruang layanan, Perapian, Air, Tanpa perabotan, Balkon, Pemanasan, Jacuzzi, Kabel video, Gas alam, Ruang kantor, Rubanah, Teras",2,150,84,-7.3584903,112.7018048
1970000000.0,Waru,6,4,0,Tidak Ada,2,252,252,-7.3648088,112.7702037
1960000000.0,Sidoarjo,3,1,1,"Halaman, Listrik, Air, Tanpa perabotan",1,120,656,-7.4284073,112.4783188
1250000000.0,Gedangan,3,2,0,Tanpa perabotan,1,79,135,-7.3979436,112.74536
950000000.0,Gedangan,3,2,0,Tidak Ada,1,77,128,-7.3970813,112.7469881
780000000.0,Gedangan,2,1,0,Tanpa perabotan,1,84,135,-7.3979436,112.74536
750000000.0,Sidoarjo,3,2,0,"Garasi, Ruang layanan, Halaman, Tanpa perabotan",2,60,121,-7.45659327,112.71000825
315000000.0,Sidoarjo,2,1,1,Tanpa perabotan,1,60,62,-7.4335537,112.66605
1750000000.0,Waru,3,2,0,Tidak Ada,2,140,85,-7.3452733,112.7792324
1130000000.0,Sedati,3,3,3,"Garasi, AC, Pemanasan, Tangki air, Perapian, Listrik, Internet, Balkon, Pemandangan panorama, Gas alam, Ruang kantor, Tanpa perabotan",2,128,128,-7.3691194,112.7645339
790000000.0,Waru,2,1,0,"Garasi, AC, Dapur lengkap, Dapur terpadu, Lemari pakaian bawaan, Listrik, Tanpa perabotan, Internet, Balkon, Pemanasan, Alarm, Perapian, Rubanah",1,50,91,-7.3549225,112.8122669
790000000.0,Waru,2,1,0,"Garasi, AC, Dapur lengkap, Dapur terpadu, Pemandangan panorama, Lemari pakaian bawaan, Perapian, Listrik, Tanpa perabotan, Internet, Balkon, Pemanasan, Jacuzzi, Alarm, Gas alam, Ruang kantor, Rubanah",1,50,91,-7.3489336,112.8057088
900000000.0,Waru,2,1,0,Tidak Ada,1,90,72,-7.3549225,112.8122669
625000000.0,Candi,2,1,0,Tidak Ada,1,110,90,-7.4624495,112.694892
725000000.0,Waru,2,1,0,Tidak Ada,1,44,91,-7.3583987,112.7507005
799000000.0,Waru,2,1,0,Tidak Ada,1,60,90,-7.3646948,112.7351961
750000000.0,Gedangan,2,2,0,Tidak Ada,2,46,72,-7.3885133,112.7322946
2300000000.0,Gedangan,5,2,0,Tidak Ada,2,250,187,-7.3885133,112.7322946
675000000.0,Gedangan,3,1,0,Tidak Ada,1,58,120,-7.3885133,112.7322946
465000000.0,Buduran,2,1,1,"Internet, Halaman",1,36,78,-7.425129,112.7230909
500000000.0,Buduran,2,1,0,Tidak Ada,1,36,78,-7.425129,112.7230909
1400000000.0,Waru,3,3,0,Tidak Ada,1,80,150,-7.3503078,112.7674661
5.0,Taman,2,1,1,Tidak Ada,1,40,84,-7.3634737,112.7084992
30000000000.0,Prambon,1,0,1,Tanpa perabotan,1,1,3,-7.4457506,112.5707595
750000000.0,Candi,13,3,0,Tanpa perabotan,2,150,102,-7.4673674,112.7023641
600000000.0,Sedati,2,0,1,Tanpa perabotan,1,55,92,-7.36682009,112.78630704
250000000.0,Buduran,2,0,1,Tanpa perabotan,1,55,55,-7.425129,112.7230909
750000000.0,Waru,4,0,2,Tanpa perabotan,2,120,95,-7.348395,112.7494759
700000000.0,Buduran,2,0,1,"Tanpa perabotan, Teras",2,38,72,-7.4113531,112.7552953
495000000.0,Buduran,3,1,1,Tanpa perabotan,1,60,90,-7.4201901,112.7575969
650000000.0,Taman,2,1,1,Tanpa perabotan,1,48,72,-7.3737954,112.6407094
990000000.0,Waru,5,3,0,"Garasi, Alarm, Listrik, Internet, Air",2,126,112,-7.3603889,112.7585073
2200000000.0,Waru,0,2,0,Garasi,2,130,120,-7.3503078,112.7674661
10000000000.0,Gedangan,0,0,0,Tidak Ada,1,642,3,-7.3896762,112.7279598
495000000.0,Buduran,2,1,0,"Garasi, Air",2,38,72,-7.425129,112.7230909
1200000000.0,Buduran,5,4,0,"Garasi, Pemandangan panorama, Listrik, Internet, Air, Teras",2,315,180,-7.4372052,112.6985292
200000000.0,Prambon,2,1,0,"Garasi, Halaman, Teras, Pemandangan panorama, Air",1,36,91,-7.4719152,112.5637813
800000000.0,Sidoarjo,3,1,0,"Garasi, Tanpa perabotan",1,120,120,-7.4490842,112.6824377
750000000.0,Gedangan,3,2,0,Tidak Ada,1,45,72,-7.38850777,112.73228902
2100000000.0,Waru,3,2,0,"Garasi, Listrik, Air, Tanpa perabotan",2,105,105,-7.3575902,112.7896966
450000000.0,Sidoarjo,3,1,1,Tanpa perabotan,1,72,72,-7.4514112,112.6871692
600000000.0,Waru,1,1,1,Tanpa perabotan,2,152,76,-7.3503078,112.7674661
650000000.0,Sedati,3,3,3,Tanpa perabotan,1,84,84,-7.3756404,112.758414
380000000.0,Krian,2,1,1,Tanpa perabotan,1,36,78,-7.40299,112.5873906
380000000.0,Buduran,2,1,1,Tanpa perabotan,1,32,72,-7.4193666,112.7658623
625000000.0,Sidoarjo,3,1,1,Tanpa perabotan,1,70,90,-7.43944098,112.72035252
790000000.0,Buduran,3,2,2,Tanpa perabotan,2,60,60,-7.436595,112.694927
480000000.0,Sukodono,2,1,1,Tanpa perabotan,1,45,90,-7.409469,112.6710278
2000000000.0,Waru,4,2,1,Tidak Ada,2,225,180,-7.3503078,112.7674661
1500000000.0,Waru,4,2,2,Tanpa perabotan,1,75,120,-7.3432711,112.7683327
450000000.0,Sedati,5,2,2,Tanpa perabotan,2,140,78,-7.4088477,112.7621381
358000000.0,Gedangan,2,1,1,"Garasi, Listrik, Dapur lengkap, Tanpa perabotan",1,36,72,-7.39363477,112.70261876
500000000.0,Sukodono,2,1,0,Tanpa perabotan,1,60,90,-7.3944661,112.6920199
550000000.0,Buduran,2,1,0,Tidak Ada,1,36,90,-7.436595,112.694927
1600000000.0,Waru,4,3,0,Tidak Ada,1,200,200,-7.3450604,112.7493551
2500000000.0,Waru,4,3,0,Tidak Ada,2,260,198,-7.3590139,112.7420717
2400000000.0,Waru,4,3,0,Tidak Ada,1,200,242,-7.3590139,112.7420717
1300000000.0,Waru,4,4,0,Tidak Ada,2,132,135,-7.350897,112.7384808
600000000.0,Sedati,2,1,0,Tidak Ada,1,42,90,-7.3951247,112.8082562
350000000.0,Sukodono,2,1,1,Tanpa perabotan,1,60,60,-7.3914287,112.6988252
780000000.0,Waru,5,3,3,Tanpa perabotan,2,130,200,-7.3607893,112.7199411
1350000000.0,Gedangan,3,2,2,"Garasi, Dapur terpadu, Tangki air, Listrik, Dapur lengkap, Halaman, Air, Sebagian perabotan",1,100,120,-7.38954747,112.73277048
750000000.0,Candi,2,1,0,Tanpa perabotan,1,104,100,-7.4727733,112.7236749
1200000000.0,Waru,3,2,0,Tidak Ada,1,72,136,-7.350897,112.7384808
899000000.0,Sedati,4,2,0,Tanpa perabotan,1,150,173,-7.3671144,112.7613113
1790000000.0,Taman,3,1,0,Tanpa perabotan,2,195,195,-7.3716394,112.6462697
725000000.0,Waru,3,2,0,Tanpa perabotan,1,79,62,-7.35128,112.8135304
800000000.0,Tanggulangin,3,2,2,"Dapur lengkap, Jacuzzi, Kabel video, Gas alam, Rubanah, Teras, Dapur terpadu, Pemandangan panorama, Halaman, Air, Sebagian perabotan",2,150,170,-7.50666165,112.71905199
199000000.0,Tulangan,2,1,0,"Garasi, Sebagian perabotan",1,22,48,-7.4726134,112.6675398
313000000.0,Candi,3,2,2,"Garasi, AC, Dapur terpadu, Halaman, Air, Tanpa perabotan, Internet, Balkon, Pemandangan panorama, Ruang kantor, Listrik, Teras",2,55,50,-7.478217,112.711994
313000000.0,Krembung,3,2,2,"Garasi, AC, Pemandangan panorama, Ruang kantor, Listrik, Teras, Internet, Dapur terpadu, Halaman, Air, Tanpa perabotan",2,55,50,-7.5074644,112.62003422
900000000.0,Waru,3,2,0,Tidak Ada,1,100,105,-7.3601268,112.7432415
870000000.0,Candi,3,2,0,"Garasi, Tanpa perabotan",2,59,72,-7.4622498,112.6958457
335000000.0,Candi,2,1,0,Tidak Ada,1,84,84,-7.49444,112.72108
1550000000.0,Waru,3,1,0,"Internet, Sebagian perabotan",1,65,100,-7.35042,112.73717
680000000.0,Sedati,2,1,0,"Garasi, Tanpa perabotan",1,42,90,-7.3717381,112.7637334
643000000.0,Waru,2,1,0,Tanpa perabotan,2,50,80,-7.36269,112.76411
300000000.0,Wonoayu,2,1,1,Tanpa perabotan,1,36,72,-7.4083339,112.6183751
625000000.0,Taman,2,1,1,Tanpa perabotan,1,45,100,-7.3682573,112.7077638
300000000.0,Tulangan,2,1,1,"Garasi, Berperabot lengkap",1,36,78,-7.4726134,112.6675398
1100000000.0,Sukodono,3,1,0,Tidak Ada,1,202,120,-7.3672397,112.7041353
290000000.0,Tulangan,2,1,1,"Garasi, Berperabot lengkap",1,36,78,-7.4726134,112.6675398
700000000.0,Taman,2,1,1,Tanpa perabotan,1,45,84,-7.3735609,112.7058994
750000000.0,Gedangan,2,2,2,Tanpa perabotan,2,65,90,-7.3941638,112.7472474
550000000.0,Taman,3,1,1,Tanpa perabotan,1,96,96,-7.3782579,112.7083503
498000000.0,Sidoarjo,2,1,0,Garasi,1,36,75,-7.4497718,112.7015495
531000000.0,Tulangan,2,1,0,"Garasi, Halaman, Internet, Tanpa perabotan",1,36,90,-7.4726134,112.6675398
550000000.0,Waru,2,1,1,Tanpa perabotan,1,90,102,-7.365102,112.7196817
1620000000.0,Waru,4,3,0,"Garasi, Halaman, Tangki air, Listrik, Teras, Wifi, AC, Ruang layanan, Air, Tanpa perabotan, Deck",1,101,150,-7.3590139,112.7420717
1250000000.0,Waru,12,4,0,"Garasi, Balkon, Ruang layanan, Tanpa perabotan, Deck, AC, Halaman, Air, Teras",2,323,234,-7.35119823,112.72999406
1100000000.0,Waru,4,2,0,"Garasi, Ruang layanan, Air, Tanpa perabotan, AC, Tangki air, Listrik, Teras",1,132,135,-7.350897,112.7384808
1200000000.0,Sukodono,3,3,0,Tidak Ada,1,150,96,-7.3752179,112.6913732
755000000.0,Gedangan,2,1,0,"Garasi, Ruang layanan, Air, Tanpa perabotan, AC, Tangki air, Listrik, Teras",1,65,96,-7.3885636,112.732315
550000000.0,Taman,3,1,1,Tanpa perabotan,1,108,108,-7.3834627,112.6330632
630000000.0,Taman,3,2,2,"AC, Tanpa perabotan",2,50,72,-7.3682573,112.7077638
1470000000.0,Waru,3,3,0,"Garasi, Ruang layanan, Air, Tanpa perabotan, Balkon, Tangki air, Listrik, Teras",2,120,100,-7.3423873,112.7160201
950000000.0,Taman,5,3,3,Tanpa perabotan,1,100,191,-7.3807457,112.700583
475000000.0,Taman,2,1,1,Tanpa perabotan,1,46,90,-7.3778672,112.6411586
1200000000.0,Waru,2,2,0,Tidak Ada,1,135,135,-7.3434451,112.7685874
