Harga_Asli,kecamatan,bedroom,bathrooms,jumlah_guest_toilet,lantai,area_digunakan,luas_tanah,latitude,longitude,dist_SD,dist_SMP,dist_SMA_SMK,dist_Universitas,dist_Fasilitas_Kesehatan,dist_Mall,dist_Supermarket,dist_Minimarket,dist_Stasiun,dist_Terminal,dist_Bandara,dist_Halte,dist_Entry_Exit_Tol,road_score,has_exit_tol,AC,Air,Alarm,Balkon,Berperabot lengkap,Dapur lengkap,Dapur terpadu,Deck,Fully fenced,Garasi,Gas alam,Halaman,Halaman terbuka,Internet,Jacuzzi,Jaringan internet,Kabel video,Kitchen set,Lemari pakaian bawaan,Listrik,Pagar penuh,Pemanas ruangan,Pemanasan,Pemandangan panorama,Pendingin ruangan (AC),Perapian,Ruang kantor,Ruang layanan,Rubanah,Sebagian perabotan,Setengah terpisah,Sistem Alarm,TV kabel,Tangki air,Tanpa perabotan,Teras,Wifi,Akses bagi penyandang disabilitas,Angkat,Area anak-anak,BBQ Area,Cctv,Gym,Keamanan,Keamanan 24 jam,Kolam renang,Lapangan tenis,Panggang,Pramutamu,Pustaka,Rumah jaga,Sauna,Spa,Spa dan Sauna,Taman,Taman atap,Taman bermain anak,Tidak Ada
67.5,Gedangan,3,1,0,1,91,91,-7.3917721,112.7306701,0.811598983,1.229690775,1.376210914,4.585753045,1.403435301,3.8173734,0.570550072,1.337333273,1.050606099,6.139768061,4.818852244,1.050606099,81.19501354,3,0,0,0,0,0,0,0,0,0,0,0,0,0,0,0,0,0,0,0,0,0,0,0,0,0,0,0,0,0,0,0,0,0,0,0,1,0,0,0,0,0,0,0,0,0,0,0,0,0,0,0,0,0,0,0,0,0,0,1
135,Krembung,4,3,0,1,204,102,-7.5268,112.6637,7.897964305,5.746944314,11.59598382,5.080471132,2.908489209,13.86411006,4.327001334,3.249704829,5.271918747,11.80931862,25.55894965,5.224403821,21.66326364,3,1,0,0,0,0,0,0,0,0,0,0,0,0,0,0,0,0,0,0,0,0,0,0,0,0,0,0,0,0,0,0,0,0,0,0,1,0,0,0,0,0,0,0,0,0,0,0,0,0,0,0,0,0,0,0,0,0,0,1
63.1,Tulangan,3,3,3,1,80,90,-7.4812926,112.6468606,6.327984246,6.601769438,5.761219833,8.924023122,6.159100187,9.029788107,6.078539212,3.862833136,1.990336954,9.169755689,21.57939231,1.990336954,16.16631738,4,1,0,1,0,0,0,0,0,0,1,1,0,1,0,0,0,0,0,0,0,1,0,0,0,0,0,0,0,0,0,0,0,0,0,0,1,1,1,0,0,1,0,0,0,1,1,1,0,0,0,0,0,0,0,0,1,0,0,0
38.5,Sukodono,2,1,0,1,100,60,-7.394061,112.6738809,0.841154993,2.876635709,3.908649488,5.892745572,0.28135024,8.302342463,3.92263492,1.354024066,6.782730801,8.26127735,11.8866952,6.612823097,19.89886834,4,1,0,0,0,0,0,0,0,0,0,0,0,0,0,0,0,0,0,0,0,0,0,0,0,0,0,0,0,0,0,0,0,0,0,0,1,0,0,0,0,0,0,0,0,0,0,0,0,0,0,0,0,0,0,0,0,0,0,1
70,Sidoarjo,2,1,0,2,140,179,-7.4514112,112.6871692,1.270364248,0.96985293,0.78484038,3.353317941,1.434039518,2.390164455,1.867685264,1.865145923,4.155329173,4.770289526,15.66947075,4.055106494,17.3716036,3,1,0,1,0,0,0,0,0,0,0,0,0,1,0,0,0,0,0,0,0,0,0,0,0,0,0,0,0,0,0,0,0,0,0,0,1,0,0,0,0,0,0,0,0,0,1,0,0,0,0,0,0,0,0,0,0,0,0,0
49.8,Sidoarjo,2,1,1,1,60,62,-7.412324,112.5378369,14.10777388,4.521358592,5.739249833,19.67989096,5.993697625,20.98096278,19.67509937,0.176468657,4.24756786,5.531233316,28.39663801,4.535996651,33.7110068,5,1,0,0,0,0,0,0,0,0,0,0,0,1,0,0,0,0,0,0,0,0,0,0,0,0,0,0,0,0,0,0,0,0,0,0,1,0,0,0,0,0,0,0,0,0,1,0,0,0,0,0,0,0,0,0,0,0,0,0
60,Buduran,2,1,0,1,36,73,-7.436595,112.694927,2.305282635,1.091080798,3.925477366,3.50384699,4.093047567,2.540693504,3.146910149,25.70403532,5.67407719,6.67435079,15.58889553,4.631210221,27.31766661,2,1,0,0,0,0,0,0,0,0,0,0,0,0,0,0,0,0,0,0,0,0,0,0,0,0,0,0,0,0,0,0,0,0,0,0,1,0,0,0,0,0,0,0,0,0,0,0,0,0,0,0,0,0,0,0,0,0,0,1
40,Jabon,2,1,0,1,84,84,-7.5411,112.7309,8.816549207,8.537327982,11.27775911,4.412330286,4.338938784,13.3548178,4.852639587,4.788846933,4.392816793,11.48173925,23.36483344,4.44695813,81.19501354,2,0,0,0,0,0,0,0,0,0,0,1,0,0,0,0,0,0,0,0,0,0,0,0,0,0,0,0,0,0,0,0,0,0,0,0,1,0,0,0,0,0,0,0,0,0,0,0,0,0,0,0,0,0,0,0,0,0,0,1
37.5,Krian,2,1,1,1,72,36,-7.4035807,112.5985785,5.541533958,3.20246619,3.073874225,13.27050307,3.226958794,13.44270902,13.02399991,2.028270585,2.40567597,2.453629934,21.56767789,2.360254248,27.3016189,3,1,0,1,0,0,0,0,1,0,1,0,0,1,0,0,0,0,0,0,0,0,0,0,0,0,0,0,0,0,0,0,0,0,0,0,0,1,0,0,0,0,0,0,0,0,1,0,0,0,0,0,1,0,0,0,1,0,0,0
66.91,Prambon,3,2,0,1,258,258,-7.4734,112.559,4.949826158,7.903281944,7.657034968,20.25139813,7.576843769,19.28824464,16.91253111,9.588243289,6.021374632,8.042328051,30.80916395,5.859262664,25.89243591,3,1,0,0,0,0,0,0,0,0,0,1,0,0,0,0,0,0,0,0,0,0,0,0,0,0,1,0,0,0,0,0,0,0,0,0,1,0,0,0,0,0,0,0,1,1,0,0,0,0,0,0,0,0,0,0,1,0,1,0
39,Taman,3,2,2,2,90,90,-7.3659072,112.7111417,1.162793901,1.246322665,3.392806561,4.615553268,1.129715822,2.65955159,2.637642439,0.577987345,3.215791687,2.23792944,6.52337849,5.035391987,23.20195697,3,1,1,1,0,0,0,1,0,1,1,1,0,1,0,1,0,0,1,0,0,1,0,0,0,0,0,0,0,0,0,1,0,0,0,0,0,1,1,0,0,0,0,0,0,1,0,0,0,0,0,0,0,0,0,0,1,0,0,0
140,Tulangan,3,2,0,1,90,90,-7.472613,112.66754,3.788485157,4.410160492,3.569610887,7.48807905,3.967491241,6.838179161,3.886930266,1.67122419,3.414253244,6.978146743,19.38778336,3.441593893,14.73138427,2,1,0,0,0,0,0,0,0,0,0,0,0,0,0,0,0,0,0,0,0,0,0,0,0,0,0,0,0,0,0,0,0,0,0,0,1,0,0,0,0,0,0,0,0,0,0,0,0,0,0,0,0,0,0,0,0,0,0,1
140,Waru,1,1,0,1,110,105,-7.3434451,112.7685874,1.377339183,1.996591986,2.17011146,3.59382091,1.441414916,6.581760473,0.384944975,1.627990143,5.10282317,5.914417178,5.793978306,5.083964019,5.10118704,3,1,0,0,0,0,0,0,0,0,0,0,0,0,0,0,0,0,0,0,0,0,0,0,0,0,0,0,0,0,0,0,0,0,0,0,1,0,0,0,0,0,0,0,0,0,0,0,0,0,0,0,0,0,0,0,0,0,0,1
34.999,Sidoarjo,3,1,0,1,72,72,-7.4585763,112.7262956,1.388512395,0.649410201,0.763233042,2.126379246,0.875098983,2.509527414,1.590194706,0.750152995,2.234796832,2.45828242,13.62778679,2.307638852,4.338507996,3,1,0,1,0,0,0,0,0,0,0,0,0,0,0,1,0,0,0,0,0,0,0,0,0,0,0,0,0,0,0,0,0,0,0,0,1,0,0,0,0,0,0,0,0,1,1,0,0,0,0,0,0,0,0,0,0,0,0,0
200,Sidoarjo,3,2,0,2,120,96,-7.4540491,112.7066448,1.329265792,1.199338443,1.227777695,0.816918377,1.117265542,1.37170299,1.000657349,2.333336452,2.185836562,3.394768865,13.33977515,0.959526932,1.632499152,3,1,0,1,0,0,1,0,0,0,0,0,0,0,0,0,0,0,0,0,0,1,0,0,0,0,0,0,0,0,0,0,0,0,0,0,0,0,0,0,0,0,0,0,0,0,0,0,0,0,0,0,0,0,0,0,0,0,0,1
97,Waru,3,2,0,2,150,175,-7.3517813,112.7846068,3.655698466,4.153966852,4.333047014,2.145324082,1.337944385,8.962938975,1.481955455,0.333828139,7.489622164,5.530774531,4.345481477,7.470763013,1.145830679,2,1,1,0,0,0,0,0,0,0,0,0,0,0,0,0,0,0,0,0,0,0,0,0,0,0,0,0,0,0,0,0,0,0,0,0,0,0,0,0,0,0,0,0,0,0,0,0,0,0,0,0,0,0,0,0,0,0,0,1
75,Waru,4,0,2,2,165,115,-7.348395,112.7494759,1.457812834,0.75278221,1.734544537,1.949883784,1.412487133,3.872658368,1.377156403,2.346668577,2.488905983,3.965214251,5.005588129,2.470046833,81.19501354,3,0,0,0,0,0,0,0,0,0,0,0,0,0,0,0,0,0,0,0,0,0,0,0,0,0,0,0,0,0,0,0,0,0,0,0,1,0,0,0,0,0,0,0,0,0,0,0,0,0,0,0,0,0,0,0,0,0,0,1
160,Buduran,3,2,0,1,36,72,-7.436595,112.694927,2.305282635,1.091080798,3.925477366,3.50384699,4.093047567,2.540693504,3.146910149,25.70403532,5.67407719,6.67435079,15.58889553,4.631210221,27.31766661,2,1,0,0,0,0,0,0,0,0,0,0,0,0,0,0,0,0,0,0,0,0,0,0,0,0,0,0,0,0,0,0,0,0,0,0,1,0,0,0,0,0,0,0,0,0,0,0,0,0,0,0,0,0,0,0,0,0,0,1
45,Sedati,2,1,1,1,36,90,-7.3717382,112.7637336,1.055519877,2.530923798,2.379729331,5.851397801,0.925778456,4.842332909,1.457960423,0.343812911,5.271921531,2.616759892,1.74408927,5.39617651,7.514619113,3,1,0,0,0,0,0,0,0,0,1,1,0,1,0,1,0,0,0,0,0,1,0,0,0,0,0,0,0,0,0,0,0,0,0,0,1,1,0,0,0,0,0,0,0,0,1,0,0,0,0,0,0,0,0,0,0,0,0,0
75,Gedangan,2,2,0,2,160,160,-7.3885133,112.7322946,0.293057018,1.308594815,0.5520178,5.005422535,0.884893335,3.298831435,0.996987213,0.818791308,0.532064133,5.621226095,4.300310279,1.125763389,81.19501354,3,0,0,0,0,0,0,0,0,0,0,0,0,0,0,0,0,0,0,0,0,0,0,0,0,0,0,0,0,0,0,0,0,0,0,0,1,0,0,0,0,0,0,0,0,0,0,0,0,0,0,0,0,0,0,0,0,0,0,1
125,Gedangan,3,2,0,1,154,154,-7.3979436,112.74536,1.075206569,2.447157749,1.917452246,5.572176961,2.914814054,5.768567417,2.494038204,1.76336743,3.001800116,5.077192384,4.020525534,3.001800116,9.410037037,3,1,0,0,0,0,0,0,0,0,0,0,0,0,0,0,0,0,0,0,0,0,0,0,0,0,0,0,0,0,0,0,0,0,0,0,1,0,0,0,0,0,0,0,0,0,0,0,0,0,0,0,0,0,0,0,0,0,0,1
58.5,Taman,3,2,0,1,75,75,-7.3682573,112.7077638,0.582484256,1.790084699,3.515513248,4.187892237,0.69882283,2.782258278,2.474418396,0.664114484,3.885045783,2.811413221,6.646085178,3.958342768,22.77106397,4,1,1,1,0,0,0,0,0,0,0,1,0,1,0,1,0,0,0,0,0,1,0,0,0,0,0,0,0,0,0,0,0,0,0,1,1,1,1,0,0,0,0,0,0,0,0,0,0,0,0,0,0,0,0,0,1,0,0,0
68.5,Balongbendo,2,1,1,1,42,84,-7.412324,112.5378369,14.10777388,4.521358592,5.739249833,19.67989096,5.993697625,20.98096278,19.67509937,0.176468657,4.24756786,5.531233316,28.39663801,4.535996651,33.7110068,5,1,0,1,0,0,0,0,1,0,0,1,0,1,0,0,0,0,0,0,0,1,0,0,0,1,0,0,0,0,0,1,0,0,0,0,0,0,0,0,0,1,0,1,1,1,1,0,0,0,0,0,1,0,0,0,1,0,0,0
73,Candi,3,2,2,2,50,84,-7.4987052,112.7140956,2.404776905,4.985562565,4.45901725,2.344955596,4.345764208,6.341514805,6.177322659,3.943168624,2.807737734,4.468436252,18.21806729,2.721225113,14.95538354,3,1,0,0,0,0,0,0,0,0,0,0,0,0,0,0,0,0,0,0,0,1,0,0,0,0,0,0,0,0,0,0,0,0,0,0,1,0,0,0,0,0,0,0,0,0,1,0,0,0,0,0,0,0,0,0,1,0,0,0
125,Sidoarjo,3,3,0,1,120,144,-7.4497718,112.7015495,1.418867546,1.347328217,1.619650847,1.161143531,1.125437344,1.711231791,0.80420669,2.877355001,2.962788217,3.976635156,13.48333016,2.288506762,0.501515038,3,1,0,0,0,0,0,0,0,0,0,0,0,0,0,0,0,0,0,0,0,0,0,0,0,0,0,0,0,0,0,0,0,0,0,0,1,0,0,0,0,0,0,0,0,0,0,0,0,0,0,0,0,0,0,0,0,0,0,1
179,Taman,3,1,0,2,190,209,-7.3716394,112.6462697,2.050965929,6.11624398,5.883178186,5.947158287,5.180708978,9.177540193,7.568230164,2.653197569,4.619728901,8.340683127,14.66390533,4.619728901,81.19501354,5,0,0,0,0,0,0,0,0,0,0,0,0,0,0,0,0,0,0,0,0,0,0,0,0,0,0,0,0,0,0,0,0,0,0,0,1,0,0,0,0,0,0,0,0,0,0,0,0,0,0,0,0,0,0,0,0,0,0,1
41,Taman,2,1,1,1,50,91,-7.3683438,112.6824377,3.940385229,3.464266893,3.048151248,3.432360373,2.57485597,6.009855958,3.249748615,2.250998911,3.715313514,5.172998892,10.53363362,3.545405811,23.36911857,2,1,0,0,0,0,0,0,0,0,0,0,0,0,0,0,0,0,0,0,0,0,0,0,0,0,0,0,0,0,0,0,0,0,0,0,1,0,0,0,0,0,0,0,0,0,0,0,0,0,0,0,0,0,0,0,0,0,0,1
97.5,Gedangan,2,1,1,1,105,98,-7.3896762,112.7279598,0.158767307,1.777257755,1.21182274,4.456698371,0.27487645,2.68881455,0.927586993,0.208774423,0.08462473,5.01120921,4.714349383,0.08462473,81.19501354,5,0,1,1,0,0,0,0,0,0,1,1,0,0,0,0,0,0,0,0,0,1,0,0,0,0,0,0,0,0,0,1,0,0,0,0,0,1,0,0,0,0,0,0,0,0,0,0,0,0,0,0,0,0,0,0,0,0,0,1
196,Candi,4,3,3,3,60,120,-7.4622498,112.6958457,3.261169406,3.210982783,2.260083247,3.340574432,1.375491319,4.033572984,1.717050309,0.900919972,3.531115127,3.090558662,15.96548343,3.885898556,15.93557965,3,1,1,1,0,1,1,0,0,0,0,1,0,1,0,1,0,0,0,0,1,1,0,0,0,0,0,0,0,0,0,0,0,0,0,0,0,1,0,0,0,1,0,0,0,0,1,0,0,0,0,0,1,0,0,0,1,1,0,0
51.5,Wonoayu,2,1,1,1,39,72,-7.43367054,112.5930468,8.317619147,3.67739481,2.243034814,14.36088611,2.132354994,13.39773263,11.77637106,3.249173695,3.33031371,2.903101581,24.91865193,3.150448534,31.42432946,3,1,1,1,0,0,0,0,1,0,0,1,0,1,0,0,0,0,0,0,0,1,0,0,0,1,0,0,0,0,0,1,0,0,0,0,0,0,0,0,0,1,0,1,1,1,1,0,0,0,0,0,1,0,0,0,1,0,0,0
24.5,Sukodono,2,1,1,1,36,73,-7.4060912,112.6822027,0.313682709,1.221105593,2.442983717,6.408946037,1.90395825,6.818456249,3.661114822,1.156763029,7.243043188,8.967545376,11.87276784,7.243043188,21.46425079,3,1,0,0,0,0,0,0,0,0,0,1,0,0,0,0,0,0,1,0,0,0,0,0,0,0,0,0,0,0,0,0,0,0,0,0,1,0,0,0,0,0,0,0,0,0,0,0,0,0,0,0,0,0,0,0,0,0,0,1
196,Candi,4,3,3,3,72,32,-7.4584834,112.70056,2.267426346,2.457838122,0.674587746,1.755078931,1.545929898,3.207814849,1.426829877,1.48481188,1.945619625,2.891953302,14.37998793,2.300403055,2.036762844,4,1,1,1,0,1,1,1,0,0,0,1,0,0,0,1,0,0,0,0,0,1,0,0,0,1,0,0,0,0,0,0,0,0,0,1,0,1,0,0,0,1,0,0,0,0,1,0,0,0,0,0,1,0,0,0,1,0,0,0
39,Sedati,2,1,1,1,35,35,-7.40081,112.80328,2.166956557,9.974993781,4.872965848,1.608290431,5.914333526,10.42740525,8.902030406,5.227299591,8.529707672,5.074062747,6.196879607,8.529707672,10.03664777,4,1,0,1,0,0,0,0,0,0,1,1,0,1,0,0,0,0,0,0,0,1,0,0,0,1,0,0,0,0,0,0,0,0,0,0,1,0,0,0,0,1,0,0,1,1,1,0,0,0,0,0,1,0,0,0,1,0,0,0
62.5,Candi,2,1,0,1,160,135,-7.4624495,112.694892,2.868330214,2.818143591,1.867244055,2.94773524,0.982652127,3.640733792,1.324211117,0.50808078,3.138275935,2.69771947,15.57264424,3.493059365,15.54274046,3,1,0,0,0,0,0,0,0,0,0,0,0,0,0,0,0,0,0,0,0,0,0,0,0,0,0,0,0,0,0,0,0,0,0,0,1,0,0,0,0,0,0,0,0,0,0,0,0,0,0,0,0,0,0,0,0,0,0,1
38,Taman,2,1,0,1,130,135,-7.3589157,112.6810879,3.958887031,1.892287961,1.726992546,1.860381441,1.630770297,5.065770285,3.456460256,1.234408478,2.75036667,4.228913219,10.55213542,2.580458966,81.19501354,5,0,0,0,0,0,0,0,0,0,0,0,0,0,0,0,0,0,0,0,0,0,0,0,0,0,0,0,0,0,0,0,0,0,0,0,1,0,0,0,0,0,0,0,0,0,0,0,0,0,0,0,0,0,0,0,0,0,0,1
62.27,Krembung,2,1,1,1,36,78,-7.5087545,112.6226665,4.047952021,10.3908873,11.02631388,10.24330053,8.071318606,14.29488216,9.489830732,9.127927188,7.255431005,14.43484974,26.84448636,7.255431005,21.43141143,4,1,0,0,0,0,0,0,0,0,0,0,0,1,0,0,0,0,0,0,0,1,0,0,0,0,0,0,0,0,0,0,0,0,0,0,1,0,0,0,0,1,0,0,0,0,1,0,0,0,0,0,1,0,0,0,1,0,0,0
56.5,Sukodono,4,2,0,2,36,72,-7.4092129,112.6698638,0.448170597,1.521037257,2.553051035,7.909897496,0.879090359,6.94674401,4.341329992,0.645821532,7.402332541,10.80770844,13.33233934,7.402332541,21.84970302,3,1,0,0,0,0,0,0,0,0,0,0,0,0,0,0,0,0,0,0,0,0,0,0,0,0,0,0,0,0,0,0,0,0,0,0,1,0,0,0,0,0,0,0,0,0,0,0,0,0,0,0,0,0,0,0,0,0,0,1
75,Sukodono,2,2,2,2,72,72,-7.3953751,112.6854713,1.685880241,3.163178126,3.891149366,6.680993381,1.794872467,7.490106669,3.007618171,2.565049993,5.94445879,7.668960977,10.57418344,5.94445879,19.73126215,3,1,0,0,0,0,1,1,1,0,0,0,0,1,0,0,0,0,0,0,1,0,0,0,0,1,0,0,0,1,0,0,0,0,0,0,0,1,0,0,0,0,0,0,0,1,1,0,0,0,0,0,0,0,0,0,1,0,0,0
189,Waru,5,4,0,2,100,100,-7.3399267,112.7562893,2.597476493,2.50980273,2.680404847,4.610746191,2.552150792,6.533520774,1.977784907,0.687217669,5.14976839,6.626076658,6.357688631,5.130909239,4.310022946,2,1,0,0,0,0,0,0,0,0,0,0,0,0,0,0,0,0,0,0,0,0,0,0,0,0,0,0,0,0,0,1,0,0,0,0,0,0,0,0,0,0,0,0,0,0,1,0,0,0,0,0,0,0,0,0,0,0,0,0
90,Sidoarjo,2,1,0,1,100,140,-7.4497718,112.7015495,1.418867546,1.347328217,1.619650847,1.161143531,1.125437344,1.711231791,0.80420669,2.877355001,2.962788217,3.976635156,13.48333016,2.288506762,0.501515038,3,1,0,0,0,0,0,0,0,0,0,0,0,0,0,0,0,0,0,0,0,0,0,0,0,0,0,0,0,0,0,1,0,0,0,0,0,0,0,0,0,0,0,0,0,0,0,0,0,0,0,0,0,0,0,0,0,0,0,1
70,Sukodono,2,2,0,2,36,75,-7.3949365,112.6771915,1.378760417,3.414241133,4.446254912,6.430350996,0.818955664,8.839947887,3.782524503,1.89162949,6.719365123,8.44386731,11.34908978,6.719365123,20.43647377,4,1,1,1,0,0,0,0,0,0,0,1,0,0,0,0,0,0,0,0,0,1,0,0,0,0,0,0,0,0,0,1,0,0,0,0,0,0,0,0,0,0,0,0,0,1,1,0,0,0,0,0,0,0,0,0,0,0,0,0
137,Sidoarjo,4,3,0,2,36,80,-7.4540785,112.7004778,1.90553095,2.095942726,1.088655967,1.393183535,1.029193604,2.2584066,1.020299808,2.444820017,2.292174584,3.306021523,14.01809253,1.856131215,1.414904563,3,1,0,0,0,0,0,0,0,0,0,0,0,0,0,0,0,0,0,0,0,0,0,0,0,0,0,0,0,0,0,1,0,0,0,0,0,0,0,0,0,0,0,0,0,0,0,0,0,0,0,0,0,0,0,0,0,0,0,1
46.5,Buduran,2,1,1,1,160,105,-7.425129,112.7230909,1.91030037,1.39795371,1.106105101,1.052676295,2.292918065,2.740648466,2.107458689,1.941617939,5.114345548,5.494515392,8.711963207,4.531137012,22.15665081,3,1,0,0,0,0,0,0,0,0,0,0,0,1,0,1,0,0,0,0,0,0,0,0,0,0,0,0,0,0,0,0,0,0,0,0,0,0,0,0,0,1,0,1,1,1,0,1,0,0,0,0,0,0,0,0,1,0,0,0
41.7,Tarik,2,1,1,1,56,90,-7.4590581,112.516509,10.66153239,10.64592625,11.54043257,24.82677729,7.654820329,23.8636238,21.9619305,6.184410664,0.202790864,11.65580097,34.55501906,0.202790864,31.62687212,4,1,1,1,0,0,0,0,1,0,0,1,0,1,0,0,0,0,0,0,0,1,0,0,0,0,0,0,0,0,0,0,0,0,0,0,1,0,0,0,0,1,0,1,1,1,1,0,0,0,0,0,1,0,0,0,1,0,0,0
78,Gedangan,2,1,0,1,156,96,-7.3979436,112.74536,1.075206569,2.447157749,1.917452246,5.572176961,2.914814054,5.768567417,2.494038204,1.76336743,3.001800116,5.077192384,4.020525534,3.001800116,9.410037037,3,1,0,0,0,0,0,0,0,0,0,0,0,0,0,0,0,0,0,0,0,0,0,0,0,0,0,0,0,0,0,0,0,0,0,0,1,0,0,0,0,0,0,0,0,0,0,0,0,0,0,0,0,0,0,0,0,0,0,1
37.5,Krian,2,1,1,1,70,84,-7.3970707,112.601646,4.333152266,3.73003068,3.601438715,12.06212138,3.754523284,14.10620332,12.38051539,1.743892993,2.93324046,2.981194423,20.77886842,4.252953457,26.09323721,3,1,0,1,0,0,0,0,0,0,0,1,0,1,0,0,0,0,0,0,0,1,0,0,0,0,0,0,0,0,0,0,0,0,0,1,1,0,0,0,0,1,0,1,0,0,1,0,0,0,0,0,1,0,0,0,1,0,0,0
72.5,Waru,2,1,0,1,160,150,-7.3583987,112.7507005,1.169401144,2.222205702,1.496752524,2.897836592,1.214726845,3.571355367,1.728874465,3.217241372,3.426629029,4.902937297,4.10553471,3.426629029,2.702325735,3,1,0,0,0,0,0,0,0,0,0,0,0,0,0,0,0,0,0,0,0,0,0,0,0,0,0,0,0,0,0,0,0,0,0,0,1,0,0,0,0,0,0,0,0,0,0,0,0,0,0,0,0,0,0,0,0,0,0,1
42.5,Krian,2,1,1,1,70,150,-7.4100257,112.5859965,6.709509482,1.512768487,1.043776938,14.43847859,1.196861507,15.70573702,14.8868453,0.303924725,0.082966716,0.486810356,23.15522564,0.246258133,28.46959443,3,1,1,1,0,0,0,0,1,0,1,1,0,0,0,0,0,0,0,0,0,1,0,0,0,0,0,0,0,0,0,1,0,0,0,0,0,0,0,0,0,0,0,1,0,1,0,0,0,0,0,0,0,0,0,0,1,0,0,0
30,Sukodono,2,1,0,1,48,72,-7.4212851,112.6712643,0.225021166,1.795197822,1.176087657,6.532934118,1.007043937,5.569780632,4.077512011,1.944140919,6.940686225,9.43074506,13.91781565,7.093260647,23.19703333,3,1,0,1,0,0,0,0,0,0,0,0,0,0,0,0,0,0,0,0,0,1,0,0,0,0,0,0,0,0,0,0,0,0,0,0,0,0,0,0,0,0,0,0,0,0,0,0,0,0,0,0,0,0,0,0,0,0,0,1
45.35,Sukodono,2,1,1,1,40,50,-7.394061,112.6738809,0.841154993,2.876635709,3.908649488,5.892745572,0.28135024,8.302342463,3.92263492,1.354024066,6.782730801,8.26127735,11.8866952,6.612823097,19.89886834,4,1,1,1,1,1,0,0,0,1,0,1,0,0,0,0,0,0,1,0,1,0,0,0,0,0,0,0,0,1,1,0,0,0,0,1,1,0,1,1,1,1,0,1,1,0,0,0,0,0,0,0,1,0,0,0,0,0,0,0
38.235,Porong,2,1,1,1,45,75,-7.5402368,112.69314,6.558201124,4.349073216,9.411074638,0.895717024,0.91625615,11.29357219,0.514138072,0.616263108,1.226677013,9.420493641,23.17012468,1.226677013,81.19501354,4,0,0,1,0,0,0,1,0,0,1,1,0,1,0,1,0,0,1,0,0,1,0,0,0,1,0,0,1,0,0,0,0,0,0,0,1,1,1,0,0,1,0,1,0,1,1,1,1,0,0,0,1,0,0,0,1,0,0,0
90,Waru,5,2,0,2,36,60,-7.3642821,112.7700822,1.917728757,2.264862249,2.186329605,5.02531626,1.875667954,5.691964648,1.211625588,1.907599968,5.976725022,4.180546949,4.180546949,5.976725022,5.758516217,3,1,0,1,0,0,0,0,0,0,0,0,0,0,0,0,0,0,0,0,0,1,0,0,0,0,0,0,0,0,0,0,0,0,0,0,1,0,0,0,0,0,0,0,0,1,1,0,0,0,0,0,0,0,0,0,1,0,0,0
41,Waru,2,1,1,1,32,72,-7.3503078,112.7674661,1.10438002,1.229006217,1.445463521,3.972977345,0.373224262,5.970825657,4.238193775,0.837264716,4.491888353,5.123691752,3.893532255,4.473029203,5.266527028,4,1,1,1,1,0,0,1,0,0,1,1,0,1,0,1,0,0,0,0,0,1,0,0,0,0,0,0,0,0,0,0,0,0,0,0,1,1,1,0,0,1,0,0,0,1,1,0,1,1,0,0,1,0,0,0,1,0,0,0
47.828,Sedati,2,1,1,1,60,60,-7.4109236,112.7719291,3.963774317,6.609053618,2.815180463,4.094771928,4.492072268,8.988351089,6.281230233,4.018141845,7.090653512,5.033480554,5.033480554,7.090653512,10.85456717,3,1,0,0,0,0,0,0,0,0,1,0,0,0,0,0,0,0,0,0,0,0,0,0,0,0,0,0,0,0,0,0,0,0,0,0,1,0,0,0,0,1,0,0,0,0,1,0,0,0,0,0,1,0,0,0,1,0,0,0
53.2,Sukodono,2,1,1,1,36,90,-7.4067756,112.6990146,2.177924486,0.885818339,3.797287333,4.770483341,4.192255751,5.576801626,0.730258383,0.408047781,4.354771099,7.839603081,8.984495752,4.354771099,20.89701372,3,1,0,0,0,0,0,0,0,0,0,0,0,0,0,0,0,0,0,0,0,0,0,0,0,0,0,0,0,0,0,0,0,0,0,0,1,0,0,0,0,0,0,0,0,0,0,0,0,0,0,0,0,0,0,0,0,0,0,1
165,Sidoarjo,4,3,0,1,36,72,-7.4472664,112.6959507,1.43520771,0.824445535,1.782333433,2.048638194,1.384903754,1.085484708,1.691701353,2.676935174,4.218868394,5.217578259,14.36479101,3.176001425,18.06259925,3,1,0,0,0,0,0,0,0,0,0,0,0,0,0,0,0,0,0,0,0,0,0,0,0,0,0,0,0,0,0,0,0,0,0,0,1,0,0,0,0,0,0,0,0,0,0,0,0,0,0,0,0,0,0,0,0,0,0,1
64,Sukodono,2,1,1,1,36,72,-7.40917633,112.6977318,2.201094195,1.255351934,3.820457043,4.793653051,4.21542546,5.599971335,1.09116272,0.44245392,4.724304694,9.235492148,9.354029347,4.724304694,21.26654732,3,1,0,0,0,0,0,0,0,0,0,0,0,1,0,0,0,0,0,0,0,0,0,0,0,0,0,0,0,0,0,0,0,0,0,0,1,0,0,0,0,0,0,1,0,0,1,0,0,0,0,0,1,0,0,0,1,0,0,0
120,Tulangan,3,2,0,1,36,90,-7.4726134,112.6675398,3.788485157,4.410160492,3.569610887,7.48807905,3.967491241,6.838179161,3.886930266,1.67122419,3.414253244,6.978146743,19.38778336,3.441593893,14.73138427,2,1,0,0,0,0,0,0,0,0,0,0,0,0,0,0,0,0,0,0,0,0,0,0,0,0,0,0,0,0,0,0,0,0,0,0,1,0,0,0,0,0,0,0,0,0,0,0,0,0,0,0,0,0,0,0,0,0,0,1
60.02,Candi,2,1,0,1,36,161,-7.4673674,112.7023641,1.742559299,2.276405157,1.299785296,2.342984867,1.920283628,2.988208825,2.22449385,1.408363513,2.337679631,1.571948555,14.86476131,2.925600605,2.661960394,4,1,0,1,0,0,0,0,0,0,0,1,0,0,0,0,0,0,0,0,0,1,0,0,0,0,0,0,0,0,0,0,0,0,0,0,0,1,0,0,0,0,0,0,0,1,1,0,0,0,0,0,1,0,0,0,1,0,0,0
110,Taman,2,1,1,1,50,98,-7.3692421,112.693256,2.149002375,3.384391101,2.962045082,3.263746933,2.904901261,4.673506968,0.804499845,2.002314735,3.603116223,4.401916473,8.742250768,3.43320852,23.48658949,3,1,1,1,0,0,0,0,0,0,0,0,0,0,0,0,0,0,0,0,0,1,0,0,0,0,0,0,0,0,0,0,0,0,0,1,1,0,0,0,0,0,0,1,0,1,1,0,0,0,0,0,1,0,0,0,0,0,0,0
89,Candi,3,2,2,2,30,66,-7.4622498,112.6958457,3.261169406,3.210982783,2.260083247,3.340574432,1.375491319,4.033572984,1.717050309,0.900919972,3.531115127,3.090558662,15.96548343,3.885898556,15.93557965,3,1,0,1,0,1,1,1,0,0,0,1,0,1,0,1,0,0,0,0,0,1,0,0,0,1,0,0,0,0,0,0,0,0,0,1,0,1,1,0,0,1,0,1,1,1,1,1,0,0,0,0,1,0,0,0,1,0,0,0
60,Buduran,6,3,3,2,75,96,-7.443083,112.7029373,1.185707026,0.402157918,0.783400426,1.331145092,0.950536733,2.147152645,0.974208251,2.449890868,3.501375292,4.501648893,12.53815986,2.458508323,0.937435893,3,1,0,1,0,1,0,0,0,1,0,1,0,0,0,0,0,0,0,0,0,1,0,0,0,0,0,0,0,0,0,0,0,0,0,0,1,0,0,0,0,0,0,0,0,0,1,0,0,0,0,0,1,0,0,0,0,0,0,0
89,Gedangan,3,1,0,1,105,105,-7.39429077,112.7323443,1.068566613,0.746049501,0.432595239,4.447239679,1.560779949,3.974718048,0.432036706,1.394878931,1.40928949,6.297112709,4.945245511,1.40928949,81.19501354,3,0,0,1,0,0,0,0,0,0,0,1,0,0,0,0,0,0,0,0,0,1,0,0,0,0,0,0,0,0,0,0,0,0,0,0,1,0,0,0,0,0,0,0,0,0,0,0,0,0,0,0,0,0,0,0,0,0,0,1
50.5,Krembung,2,1,0,1,228,228,-7.5081,112.6206,3.849916646,10.70246903,11.08207309,10.55488226,8.382900339,14.35064136,11.39939246,9.183686388,7.311190206,14.49060894,26.90024556,7.311190206,21.48717063,3,1,0,0,0,0,0,0,0,0,0,0,0,0,0,0,0,0,0,0,0,0,0,0,0,0,0,0,0,0,0,0,0,0,0,0,1,0,0,0,0,0,0,0,0,0,0,0,0,0,0,0,0,0,0,0,0,0,0,1
110,Waru,3,2,2,2,120,120,-7.3517813,112.7846068,3.655698466,4.153966852,4.333047014,2.145324082,1.337944385,8.962938975,1.481955455,0.333828139,7.489622164,5.530774531,4.345481477,7.470763013,1.145830679,2,1,1,1,0,1,1,0,0,0,0,1,0,0,0,0,0,0,0,0,0,1,0,0,0,0,0,0,0,1,0,0,0,0,0,1,0,1,0,0,0,0,0,1,0,1,1,0,0,0,0,0,1,0,0,0,0,0,0,0
70,Gedangan,3,1,1,1,151,156,-7.3885636,112.732315,0.293057018,1.308594815,0.5520178,5.005422535,0.884893335,3.298831435,0.996987213,0.818791308,0.532064133,5.621226095,4.300310279,1.125763389,81.19501354,3,0,0,1,0,0,0,0,0,0,0,1,0,0,0,0,0,0,0,0,0,1,0,0,0,0,0,0,0,0,0,1,0,0,0,0,0,0,0,0,0,0,0,0,0,0,0,0,0,0,0,0,0,0,0,0,1,0,0,0
75,Gedangan,2,2,2,1,36,90,-7.391717,112.7306136,0.811598983,1.229690775,1.376210914,4.585753045,1.403435301,3.8173734,0.570550072,1.337333273,1.050606099,6.139768061,4.818852244,1.050606099,81.19501354,3,0,0,0,0,0,0,0,0,0,0,0,0,0,0,0,0,0,0,0,0,0,0,0,0,0,0,0,0,0,0,0,0,0,0,0,1,0,0,0,0,0,0,0,0,0,0,0,0,0,0,0,0,0,0,0,0,0,0,1
59.99,Waru,3,1,0,1,36,75,-7.3603867,112.74025,2.788184845,2.345092732,2.803959353,3.233092452,3.486381855,2.928233052,2.650135309,1.909121006,3.761884889,5.238193157,3.948341092,3.761884889,81.19501354,3,0,0,0,0,0,0,0,0,0,0,0,0,0,0,0,0,0,0,0,0,0,0,0,0,0,0,0,0,0,0,0,0,0,0,0,1,0,0,0,0,0,0,0,0,0,0,0,0,0,0,0,0,0,0,0,0,0,0,1
49.8,Sidoarjo,2,1,1,1,60,121,-7.412324,112.5378369,14.10777388,4.521358592,5.739249833,19.67989096,5.993697625,20.98096278,19.67509937,0.176468657,4.24756786,5.531233316,28.39663801,4.535996651,33.7110068,5,1,0,0,0,0,0,0,0,0,0,0,0,0,0,0,0,0,0,0,0,0,0,0,0,0,0,0,0,0,0,0,0,0,0,0,1,0,0,0,0,0,0,0,0,0,1,0,0,0,0,0,0,0,0,0,0,0,0,0
50,Sidoarjo,2,1,0,1,100,120,-7.4578331,112.7278553,1.390739392,0.733273219,0.84709606,2.190805415,0.771355206,2.593390432,1.295063783,0.752379992,2.31865985,2.522708589,13.33265586,2.410060823,4.422371014,3,1,0,0,0,0,0,0,0,0,1,0,0,0,0,0,0,0,0,0,0,1,0,0,0,0,0,0,0,0,0,0,0,0,0,0,1,0,0,0,0,0,0,0,0,0,0,0,0,0,0,0,0,0,0,0,0,0,0,1
130,Waru,2,1,0,1,65,90,-7.3556673,112.7477881,1.602726066,1.506375781,1.88475728,2.48042617,1.557400365,3.454158077,1.897469027,3.100262148,3.009218607,4.485526875,4.116336375,3.009218607,1.986495814,2,1,0,0,0,0,0,0,0,0,0,1,0,1,0,0,0,0,0,0,0,0,0,0,0,0,0,0,0,0,0,0,0,0,0,0,1,0,0,0,0,0,0,0,0,0,0,0,0,0,0,0,0,0,0,0,0,0,0,1
110,Sedati,3,2,0,2,70,105,-7.3715178,112.7776958,3.683358135,4.516024617,4.596996615,7.587368857,3.553616713,7.087170513,3.702798027,2.971651169,8.231445779,4.352730948,4.352730948,8.231445779,4.244875298,4,1,1,0,0,0,0,0,0,0,0,0,0,1,0,0,0,0,0,0,0,1,0,0,0,0,0,0,0,0,0,0,0,0,0,0,0,0,0,0,0,0,0,0,0,1,1,0,0,0,0,0,0,0,0,0,0,0,0,0
68,Sedati,2,1,0,1,200,120,-7.3717381,112.7637334,1.055519877,2.530923798,2.379729331,5.851397801,0.925778456,4.842332909,1.457960423,0.343812911,5.271921531,2.616759892,1.74408927,5.39617651,7.514619113,3,1,0,0,0,0,0,0,0,0,0,1,0,0,0,0,0,0,0,0,0,0,0,0,0,0,0,0,0,0,0,0,0,0,0,0,1,0,0,0,0,0,0,0,0,0,0,0,0,0,0,0,0,0,0,0,0,0,0,1
35.1,Candi,2,1,1,1,99,99,-7.46736755,112.702364,1.742559299,2.276405157,1.299785296,2.342984867,1.920283628,2.988208825,2.22449385,1.408363513,2.337679631,1.571948555,14.86476131,2.925600605,2.661960394,4,1,0,1,0,0,0,0,0,0,0,1,0,1,0,1,0,0,0,0,0,1,0,0,0,0,0,0,0,0,0,0,0,0,0,0,1,0,0,0,0,0,0,0,0,1,0,0,0,0,0,0,1,0,0,0,1,0,0,0
49.5,Buduran,2,1,0,2,170,119,-7.425129,112.7230909,1.91030037,1.39795371,1.106105101,1.052676295,2.292918065,2.740648466,2.107458689,1.941617939,5.114345548,5.494515392,8.711963207,4.531137012,22.15665081,3,1,0,1,0,0,0,0,0,0,0,1,0,0,0,0,0,0,0,0,0,0,0,0,0,0,0,0,0,0,0,0,0,0,0,0,0,0,0,0,0,0,0,0,0,0,0,0,0,0,0,0,0,0,0,0,0,0,0,1
46,Sedati,2,1,1,2,36,90,-7.3717382,112.7637336,1.055519877,2.530923798,2.379729331,5.851397801,0.925778456,4.842332909,1.457960423,0.343812911,5.271921531,2.616759892,1.74408927,5.39617651,7.514619113,3,1,0,0,0,1,0,1,0,0,0,0,0,1,0,0,0,0,0,0,0,0,0,0,0,0,0,0,0,0,0,1,0,0,0,0,0,0,0,0,0,0,0,0,0,1,0,0,0,0,0,0,0,0,0,0,0,0,0,0
20,Krembung,2,1,1,1,60,60,-7.5078737,112.6228447,4.133072835,10.47600812,10.94119307,10.32842134,8.15643942,14.20976134,11.25851245,9.042806374,7.170310192,14.34972893,26.75936555,7.170310192,21.34629062,3,1,0,1,0,0,0,0,0,0,0,0,0,0,0,0,0,0,0,0,0,1,0,0,0,0,0,0,0,0,0,0,0,0,0,0,1,0,0,0,0,0,0,0,0,0,0,0,0,0,0,0,0,0,0,0,0,0,0,1
140,Waru,5,2,2,1,120,120,-7.3450604,112.7493551,1.973121751,1.104049452,2.249853454,2.348836581,1.92779605,4.271611164,1.7761092,2.861977494,2.88785878,4.364167047,5.566344343,2.868999629,81.19501354,3,0,0,1,0,0,0,0,0,0,0,1,0,0,0,0,0,0,0,0,0,1,0,0,0,0,0,0,0,1,0,0,0,0,0,1,1,1,0,0,0,0,0,0,0,1,1,0,0,0,0,0,1,0,0,0,0,0,0,0
97.9,Sidoarjo,3,3,3,2,28,72,-7.44986429,112.7022614,1.343279095,1.343279095,1.695239297,1.08555508,1.049848893,1.786820242,0.728618239,2.950634711,3.036067927,4.049914865,13.40774171,2.212918311,0.577103489,3,1,0,1,1,1,0,0,0,0,1,1,0,1,0,1,0,0,1,0,0,1,0,0,0,1,0,0,0,0,1,0,0,0,0,1,1,1,1,0,0,1,0,1,0,1,1,1,1,0,0,0,1,0,0,0,1,1,0,0
30,Taman,2,1,0,1,105,105,-7.3589157,112.6810879,3.958887031,1.892287961,1.726992546,1.860381441,1.630770297,5.065770285,3.456460256,1.234408478,2.75036667,4.228913219,10.55213542,2.580458966,81.19501354,5,0,0,0,0,0,0,0,0,0,0,0,0,0,0,0,0,0,0,0,0,0,0,0,0,0,0,0,0,0,0,1,0,0,0,0,0,0,0,0,0,0,0,0,0,0,0,0,0,0,0,0,0,0,0,0,0,0,0,1
71.5,Sukodono,3,2,0,2,78,105,-7.4197177,112.6846081,1.248087684,0.958141571,0.656975605,5.846245916,1.812094865,4.88309243,2.935031766,8.554675158,8.016476116,8.911633008,12.2449931,6.973609147,23.25272846,3,1,0,1,0,1,0,1,0,0,1,1,0,1,0,1,0,0,1,0,0,1,0,0,0,0,0,0,0,0,0,0,0,0,0,0,1,0,0,1,0,1,0,1,0,1,1,0,1,0,0,0,1,0,0,0,1,0,0,0
74.9,Taman,2,2,0,2,120,120,-7.363992,112.7091624,0.995417906,1.704584702,3.480662604,4.424187085,1.216148191,2.73572919,2.710713244,1.291592074,4.121340631,2.696191477,7.053497698,3.81934722,23.28838933,3,1,0,0,0,0,0,0,0,0,0,0,0,0,0,0,0,0,0,0,0,0,0,0,0,0,0,0,0,0,0,1,0,0,0,0,0,0,0,0,0,0,0,0,0,0,1,0,0,0,0,0,0,0,0,0,0,0,0,0
52.2,Taman,2,1,0,1,72,72,-7.3730239,112.6471451,1.769029914,5.834307965,5.905824475,5.969804575,4.898772963,9.200186481,7.590876452,1.987234356,3.953765688,8.363329415,14.68655162,3.953765688,81.19501354,3,0,0,0,0,0,0,0,0,0,0,0,0,0,0,0,0,0,0,0,0,0,0,0,0,0,0,0,0,0,0,1,0,0,0,0,0,0,0,0,0,0,0,0,0,0,1,0,0,0,0,0,0,0,0,0,0,0,0,0
82,Gedangan,2,1,0,1,91,91,-7.3917721,112.7306701,0.811598983,1.229690775,1.376210914,4.585753045,1.403435301,3.8173734,0.570550072,1.337333273,1.050606099,6.139768061,4.818852244,1.050606099,81.19501354,3,0,0,0,0,0,0,0,0,0,0,0,0,0,0,0,0,0,0,0,0,0,0,0,0,0,0,0,0,0,0,0,0,0,0,0,1,0,0,0,0,0,0,0,0,0,0,0,0,0,0,0,0,0,0,0,0,0,0,1
52.5,Sidoarjo,2,1,1,1,36,90,-7.4431189,112.6767891,1.745767852,1.195380113,1.799868784,4.596694071,1.745767852,3.633540585,3.587882211,2.5526085,5.774368038,6.617073459,16.00707153,5.926942459,27.18690946,3,1,0,1,1,0,0,0,0,0,0,1,1,1,0,0,0,0,0,0,0,1,0,0,0,1,0,0,0,0,0,0,0,0,0,0,0,0,1,0,0,0,0,0,0,1,0,0,0,0,0,0,0,0,0,0,0,0,0,0
80,Taman,3,2,0,2,100,120,-7.3589157,112.6810879,3.958887031,1.892287961,1.726992546,1.860381441,1.630770297,5.065770285,3.456460256,1.234408478,2.75036667,4.228913219,10.55213542,2.580458966,81.19501354,5,0,0,0,0,0,0,0,0,0,0,0,0,0,0,0,0,0,0,0,0,0,0,0,0,0,0,0,0,0,0,0,0,0,0,0,1,0,0,0,0,0,0,0,0,0,0,0,0,0,0,0,0,0,0,0,0,0,0,1
84.9,Gedangan,2,1,0,1,36,72,-7.39615901,112.7462895,1.379445815,2.46839807,1.938692568,5.875342579,3.217979673,5.789807739,2.661269244,2.067606676,3.023040437,5.38143163,4.324764781,3.023040437,9.714276284,3,1,0,0,0,0,1,0,0,0,0,0,0,0,0,0,0,0,0,0,0,0,0,0,0,0,0,0,0,0,0,0,0,0,0,0,0,0,0,0,0,0,0,0,0,0,0,0,0,0,0,0,0,0,0,0,0,0,0,1
30.006,Sidoarjo,2,1,1,1,39,105,-7.4572774,112.7162018,0.06300076,1.934216445,1.196388001,1.366559325,0.936301497,0.935309686,2.121769421,1.074852561,1.211154833,1.698462499,12.81186217,1.283996854,2.764290268,3,1,0,1,0,0,0,0,0,0,0,0,0,0,0,0,0,0,0,0,0,1,0,0,0,0,0,0,0,0,0,0,0,0,0,0,0,0,0,0,0,0,0,0,0,0,1,0,0,0,0,0,1,0,0,0,0,0,0,0
77.5,Waru,3,1,1,1,75,75,-7.3480732,112.7539777,1.033645545,0.302238462,1.310377247,2.561127407,0.988319843,4.48390199,2.3376965,1.917638674,3.100149606,4.576457874,5.046608709,3.081290455,0.722047937,3,1,0,1,0,0,0,0,0,0,1,0,0,0,0,0,0,0,0,0,0,1,0,0,0,0,0,0,0,0,0,0,0,0,0,0,1,0,0,0,0,0,0,0,0,0,1,0,0,0,0,0,1,0,0,0,0,0,0,0
55,Sukodono,3,2,0,1,32,72,-7.3992102,112.6761279,0.630149093,2.585107962,3.636107584,6.815155117,1.146856293,8.029800559,5.242539473,1.081482162,8.179380092,9.183686895,12.80910475,8.179380092,20.82127789,3,1,0,0,0,0,0,0,0,0,0,0,0,0,0,0,0,0,0,0,0,0,0,0,0,0,0,0,0,0,0,0,0,0,0,0,1,0,0,0,0,0,0,0,0,0,0,0,0,0,0,0,0,0,0,0,0,0,0,1
50,Prambon,2,1,0,1,65,96,-7.449034,112.569756,7.138616352,4.78686977,4.540622794,17.86388383,4.460431596,16.90073035,15.19554032,5.020796996,3.056734926,4.925915877,27.88158397,2.718587471,25.14395451,3,1,0,1,0,0,0,0,0,0,0,0,0,0,0,0,0,0,0,0,0,1,0,0,0,0,0,0,0,0,0,0,0,0,0,0,1,0,0,0,0,0,0,0,0,0,0,0,0,0,0,0,0,0,0,0,0,0,0,1
90,Sidoarjo,3,2,0,1,100,100,-7.461408,112.7315635,1.345470862,1.827861008,1.512412352,2.657962837,1.566553647,3.087789783,0.798836392,1.487388053,2.813059201,2.989866011,13.15737578,2.885901221,4.916770365,3,1,0,1,0,0,0,0,0,0,0,0,0,1,0,0,0,0,0,0,0,1,0,0,0,0,0,0,0,0,0,1,0,0,0,0,0,0,0,0,0,0,0,0,0,1,1,0,0,0,0,0,0,0,0,0,0,0,0,0
60,Sidoarjo,2,1,1,1,90,120,-7.44011612,112.7010083,1.608459657,0.82491055,0.602312008,1.820645642,0.750212058,2.666547782,1.463708801,23.96353439,3.990875842,4.991149443,12.62709684,2.948008873,25.57716568,3,1,1,0,0,0,0,0,0,0,0,0,0,0,0,0,0,0,0,0,0,0,0,0,0,0,0,0,0,0,0,0,0,0,0,0,1,0,0,0,0,0,0,0,0,0,0,0,0,0,0,0,0,0,0,0,0,0,0,1
68.8,Porong,2,1,1,1,56,90,-7.5402368,112.69314,6.558201124,4.349073216,9.411074638,0.895717024,0.91625615,11.29357219,0.514138072,0.616263108,1.226677013,9.420493641,23.17012468,1.226677013,81.19501354,4,0,0,1,0,0,0,0,1,0,0,1,0,1,0,0,0,0,0,0,0,1,0,0,0,0,0,0,0,0,0,1,0,0,0,0,0,0,0,0,0,1,0,1,1,1,1,0,0,0,0,0,1,0,0,0,1,0,0,0
65,Buduran,2,1,0,2,36,78,-7.40990612,112.7577375,2.51706135,6.01212093,2.987521812,6.213813623,4.664413617,8.042789326,5.26994016,2.147223818,6.191514262,6.315303851,5.54562849,6.191514262,13.81058161,3,1,0,0,0,0,0,0,0,0,0,0,0,0,0,0,0,0,0,0,0,0,0,0,0,0,0,0,0,0,0,0,0,0,0,0,1,0,0,0,0,0,0,0,0,0,0,0,0,0,0,0,0,0,0,0,0,0,0,1
196,Gedangan,4,3,0,1,120,120,-7.3885665,112.7323259,0.293057018,1.308594815,0.5520178,5.005422535,0.884893335,3.298831435,0.996987213,0.818791308,0.532064133,5.621226095,4.300310279,1.125763389,81.19501354,3,0,0,0,0,0,0,0,0,0,0,0,0,0,0,0,0,0,0,0,0,0,0,0,0,0,0,0,0,0,0,0,0,0,0,0,1,0,0,0,0,0,0,0,0,0,1,0,0,0,0,0,0,0,0,0,0,0,0,0
38.2,Krian,2,1,1,1,54,72,-7.3970707,112.601646,4.333152266,3.73003068,3.601438715,12.06212138,3.754523284,14.10620332,12.38051539,1.743892993,2.93324046,2.981194423,20.77886842,4.252953457,26.09323721,3,1,0,1,0,0,0,0,0,0,0,0,0,0,0,0,0,0,0,0,0,1,0,0,0,0,0,0,0,0,0,1,0,0,0,0,0,0,0,0,0,0,0,0,0,1,1,0,0,0,0,0,0,0,0,0,0,0,0,0
147,Waru,3,3,3,2,102,170,-7.3423873,112.7160201,3.90456633,3.026421859,3.174824613,5.461398662,3.681349585,2.62780336,5.140976759,2.453014206,3.575371797,2.305481959,8.585039466,3.905953331,81.19501354,3,0,0,1,0,0,0,0,0,1,1,1,0,0,0,0,0,0,0,0,0,1,0,0,0,0,0,0,0,0,0,1,0,0,0,0,0,0,1,0,0,0,0,0,0,0,1,0,0,0,0,0,1,0,0,0,1,0,0,0
25,Prambon,2,1,0,1,90,90,-7.4443603,112.5842817,6.983025887,5.143511298,4.616392331,16.29226232,4.533706912,15.32910883,13.70774726,5.360324611,4.653181886,5.014252497,26.85002814,4.315034431,33.53548037,3,1,0,1,0,0,0,0,0,0,0,1,0,1,0,1,0,0,1,0,0,1,0,0,0,0,0,0,0,0,0,0,0,0,0,0,1,0,1,0,0,0,0,0,0,0,1,0,0,0,0,0,0,0,0,0,1,0,0,0
60,Buduran,2,1,1,1,130,90,-7.4350501,112.7138119,1.918782157,1.728012064,1.353258868,2.428536166,1.780686657,1.127579148,1.446280774,1.280440023,4.453167632,4.833337477,10.74710194,3.510474968,24.19178955,3,1,0,0,0,0,0,0,0,0,0,0,0,0,0,0,0,0,0,0,0,0,0,0,0,0,0,0,0,0,0,0,0,0,0,0,1,0,0,0,0,0,0,0,0,0,0,0,0,0,0,0,0,0,0,0,0,0,0,1
58,Sukodono,2,1,1,1,142,142,-7.3749156,112.6961131,2.785144887,4.278504992,3.688521273,3.990223124,2.284388881,5.51456638,0.381671206,1.481404447,4.329592414,5.108927268,9.37839328,4.159684711,22.9656792,3,1,0,0,0,0,0,0,0,0,0,0,0,1,0,0,0,0,1,0,0,0,0,0,0,0,0,0,0,0,0,0,0,0,0,1,1,0,1,0,0,0,0,0,0,0,0,0,0,0,0,0,0,0,0,0,0,0,0,1
49.9,Sedati,2,1,1,1,36,72,-7.37121683,112.8050181,2.80554193,8.967135005,8.633927094,3.671799377,6.101904199,12.59387093,6.245915269,5.795351576,12.25358198,5.642114733,5.74242159,12.25358198,6.098399602,3,1,0,1,0,0,0,0,0,0,1,1,0,1,0,1,0,0,0,0,0,1,0,0,0,0,0,0,0,0,0,0,0,0,0,0,1,0,1,0,0,1,0,0,0,1,0,1,0,0,0,0,0,0,0,0,1,0,0,0
63.5,Tulangan,3,3,3,1,80,99,-7.4446995,112.6306427,5.852080132,5.549384796,5.124040427,10.45863704,8.163936071,9.495483553,7.874121986,5.290523594,4.059895289,7.680167444,21.01640286,4.059895289,30.11880058,3,1,0,1,0,0,0,0,0,0,1,1,0,1,0,0,0,0,0,0,0,1,0,0,0,0,0,0,0,0,0,0,0,0,0,0,1,1,0,0,0,1,0,0,0,1,1,1,0,0,0,0,0,0,0,0,1,0,0,0
197,Tanggulangin,3,2,0,1,315,180,-7.49958,112.69992,1.942634472,2.126644492,5.456488541,2.543793718,5.343235498,7.338986095,6.191868166,0.371791703,2.095439949,5.465907543,19.21553858,2.008927328,15.22386431,3,1,0,0,0,0,0,0,0,0,0,1,1,0,1,0,0,0,0,0,0,1,0,1,0,0,1,0,0,0,0,0,0,0,0,1,1,0,0,0,0,0,0,0,0,0,0,0,0,0,0,0,0,0,0,0,1,0,0,0
150,Waru,4,2,2,1,180,180,-7.3432711,112.7683327,1.377339183,1.996591986,2.17011146,3.59382091,1.441414916,6.581760473,0.384944975,1.627990143,5.10282317,5.914417178,5.793978306,5.083964019,5.10118704,4,1,0,0,0,0,0,0,0,0,0,0,0,0,0,0,0,0,0,0,0,0,0,0,0,0,0,0,0,0,0,0,0,0,0,0,1,0,0,0,0,0,0,0,0,0,0,0,0,0,0,0,0,0,0,0,0,0,0,1
41.5,Sidoarjo,2,1,1,1,43,78,-7.44977187,112.7015496,1.418867546,1.347328217,1.619650847,1.161143531,1.125437344,1.711231791,0.80420669,2.877355001,2.962788217,3.976635156,13.48333016,2.288506762,0.501515038,3,1,1,1,0,0,0,0,0,0,1,0,0,1,0,1,0,0,0,0,0,1,0,0,0,0,0,0,0,0,0,0,0,0,0,0,1,1,1,0,0,1,0,0,0,1,1,0,1,1,0,0,1,0,0,0,1,0,0,0
63.35,Wonoayu,3,3,3,1,100,100,-7.446138,112.6514882,3.785473978,3.578061409,2.194564528,7.52916114,4.678234921,6.566007654,4.944646087,3.466680612,2.316424651,7.973837334,18.28095985,2.316424651,19.3192694,4,1,0,1,0,0,0,0,0,0,1,1,0,1,0,0,0,0,0,0,0,1,0,0,0,0,0,0,0,0,0,0,0,0,0,0,1,0,0,0,0,1,0,0,0,1,1,1,0,0,0,0,1,0,0,0,1,0,0,0
48,Prambon,2,1,0,1,260,266,-7.449034,112.569756,7.138616352,4.78686977,4.540622794,17.86388383,4.460431596,16.90073035,15.19554032,5.020796996,3.056734926,4.925915877,27.88158397,2.718587471,25.14395451,3,1,0,1,0,0,0,0,0,0,0,0,0,0,0,0,0,0,0,0,0,0,0,0,0,0,0,0,0,0,0,0,0,0,0,0,1,0,0,0,0,0,0,0,0,0,0,0,0,0,0,0,0,0,0,0,0,0,0,1
76.5,Gedangan,2,1,1,1,52,52,-7.3850773,112.7531193,3.756297837,4.734462301,4.637760404,7.09589648,3.531183998,4.783809201,4.751458155,2.326891192,4.108734987,3.861258571,1.642802154,4.232989966,7.129469986,3,1,0,0,0,0,0,0,0,0,0,0,0,0,0,0,0,0,0,0,0,1,0,0,0,0,0,0,0,0,0,0,0,0,0,0,1,0,0,0,0,0,0,0,0,0,1,0,0,0,0,0,0,0,0,0,1,0,0,0
120,Candi,4,3,3,2,45,75,-7.46968659,112.6940749,4.435307053,3.385868643,2.275124057,3.452448354,1.960290919,4.575999676,2.301849909,1.485719571,3.413504344,2.681412042,15.94058602,3.900939366,15.52643303,3,1,0,0,0,1,0,0,0,0,0,1,0,0,0,0,0,0,0,0,0,0,0,0,0,0,0,0,0,0,0,0,0,0,0,0,1,0,0,0,0,1,0,0,0,0,1,0,0,0,0,0,1,0,0,0,1,0,0,0
78,Sukodono,3,2,2,2,36,72,-7.408064,112.6943559,1.389154201,2.538243089,3.008517048,5.130514347,3.239714028,5.936832632,1.428024017,1.49751217,6.007195849,9.49202783,10.6369205,6.007195849,22.54943847,1,1,0,1,1,0,0,0,0,0,0,1,0,1,0,1,0,0,0,0,0,0,0,0,0,0,0,0,0,1,0,0,0,0,0,0,1,1,1,1,0,1,0,1,0,1,1,1,1,1,0,1,1,1,0,0,1,0,0,0
39.8,Waru,2,1,1,1,40,72,-7.3503078,112.7674661,1.10438002,1.229006217,1.445463521,3.972977345,0.373224262,5.970825657,4.238193775,0.837264716,4.491888353,5.123691752,3.893532255,4.473029203,5.266527028,4,1,0,1,0,0,0,0,0,0,1,1,0,1,0,1,0,0,0,0,0,1,0,0,0,0,0,0,0,0,0,0,0,0,0,0,1,1,1,0,0,1,0,0,0,1,1,0,1,1,0,0,1,0,0,0,1,0,0,0
45,Sidoarjo,2,1,0,1,85,72,-7.44011612,112.7010083,1.608459657,0.82491055,0.602312008,1.820645642,0.750212058,2.666547782,1.463708801,23.96353439,3.990875842,4.991149443,12.62709684,2.948008873,25.57716568,3,1,0,1,0,1,0,0,0,1,1,1,1,0,0,1,0,0,0,0,0,1,0,0,0,0,0,0,0,0,0,0,0,0,0,0,1,1,1,0,0,0,0,0,0,1,1,0,1,0,0,0,1,0,0,0,0,0,0,0
45.1,Buduran,2,1,1,1,40,75,-7.425129,112.7230909,1.91030037,1.39795371,1.106105101,1.052676295,2.292918065,2.740648466,2.107458689,1.941617939,5.114345548,5.494515392,8.711963207,4.531137012,22.15665081,3,1,1,1,1,1,0,1,0,1,0,0,0,0,0,0,0,0,1,0,1,1,0,0,0,0,0,1,0,1,1,0,0,0,0,1,1,1,1,1,0,1,0,0,1,0,1,1,1,0,1,0,0,1,1,0,1,0,0,0
40,Sukodono,4,1,0,2,49,84,-7.401222,112.6571111,1.560783226,4.339677661,4.388597946,8.055506087,2.993454115,8.782290921,6.502451481,1.846250963,5.414254444,9.235323025,14.53880172,5.414254444,22.06162886,4,1,0,1,0,0,0,0,0,0,0,0,0,0,0,0,0,0,0,0,0,1,0,0,0,0,0,0,0,0,0,0,0,0,0,0,1,0,0,0,0,0,0,0,0,0,0,0,0,0,0,0,0,0,0,0,0,0,0,1
160,Waru,8,3,0,2,150,120,-7.3636945,112.7174105,0.220429787,0.218039362,2.441736938,3.93661375,2.406821838,1.708481968,1.521043265,0.442278719,2.553485717,1.595732869,5.572308868,4.293471637,23.99779301,4,1,0,0,0,0,0,0,0,0,0,0,0,0,0,0,0,0,0,0,0,0,0,0,0,0,0,0,0,0,0,0,0,0,0,0,1,0,0,0,0,0,0,0,0,0,0,0,0,0,0,0,0,0,0,0,0,0,0,1
75,Waru,2,1,0,1,100,126,-7.3517813,112.7846068,3.655698466,4.153966852,4.333047014,2.145324082,1.337944385,8.962938975,1.481955455,0.333828139,7.489622164,5.530774531,4.345481477,7.470763013,1.145830679,2,1,0,0,0,0,0,0,0,0,0,0,0,0,0,0,0,0,0,0,0,0,0,0,0,0,0,0,0,0,0,0,0,0,0,0,1,0,0,0,0,0,0,0,0,0,0,0,0,0,0,0,0,0,0,0,0,0,0,1
69,Gedangan,2,1,1,1,90,90,-7.391717,112.7306136,0.811598983,1.229690775,1.376210914,4.585753045,1.403435301,3.8173734,0.570550072,1.337333273,1.050606099,6.139768061,4.818852244,1.050606099,81.19501354,3,0,0,1,0,0,0,0,0,0,0,0,0,0,0,0,0,0,0,0,0,1,0,0,0,0,0,0,0,0,0,0,0,0,0,0,0,0,0,0,0,0,0,0,0,0,0,0,0,0,0,0,0,0,0,0,0,0,0,1
95,Gedangan,4,2,2,2,140,140,-7.3972251,112.7370133,1.202110051,0.566847536,0.903829803,4.917400643,2.260037736,4.555012307,1.012330965,1.590133514,1.988177673,6.780317016,5.416480075,1.988177673,81.19501354,3,0,0,0,0,0,0,0,0,0,0,0,0,1,0,0,0,0,0,0,0,0,0,0,0,0,0,0,0,0,0,1,0,0,0,1,0,0,1,0,0,0,0,0,0,0,0,0,0,0,0,0,0,0,0,0,0,0,0,1
89,Waru,3,3,0,2,75,120,-7.3652174,112.7343734,1.872193191,1.085791652,1.067023023,2.766558933,1.72104244,1.162893637,1.215778567,0.107060448,2.671127977,3.485288298,4.149243804,3.29535137,81.19501354,2,0,0,0,0,0,0,0,0,0,0,0,0,0,0,0,0,0,0,0,0,0,0,0,0,0,0,0,0,0,0,1,0,0,0,0,0,0,0,0,0,0,0,0,0,1,1,0,0,0,0,0,0,0,0,0,0,0,0,0
69.5,Krembung,2,1,1,1,40,90,-7.50875445,112.6226665,4.047952021,10.3908873,11.02631388,10.24330053,8.071318606,14.29488216,9.489830732,9.127927188,7.255431005,14.43484974,26.84448636,7.255431005,21.43141143,4,1,1,1,0,0,0,0,1,0,0,1,0,1,0,0,0,0,0,0,0,1,0,0,0,1,0,0,0,0,0,0,0,0,0,0,1,0,0,0,0,1,0,1,1,1,1,0,0,0,0,0,1,0,0,0,1,0,0,0
41,Taman,2,1,0,1,84,84,-7.3589157,112.6810879,3.958887031,1.892287961,1.726992546,1.860381441,1.630770297,5.065770285,3.456460256,1.234408478,2.75036667,4.228913219,10.55213542,2.580458966,81.19501354,5,0,0,0,0,0,0,0,0,0,0,0,0,0,0,0,0,0,0,0,0,0,0,0,0,0,0,0,0,0,0,0,0,0,0,0,1,0,0,0,0,0,0,0,0,0,0,0,0,0,0,0,0,0,0,0,0,0,0,1
53,Sedati,2,1,0,1,120,100,-7.36823624,112.8076266,2.583311809,8.663947024,8.880404328,3.368611396,5.798716218,12.37164081,5.942727288,5.573121455,11.950394,5.419884612,1.650254382,11.950394,5.795211621,4,1,0,1,0,0,0,0,0,0,0,1,0,0,0,0,0,0,0,0,0,1,0,0,0,0,0,0,0,0,0,0,0,0,0,0,1,1,0,0,0,0,0,0,0,0,0,0,0,0,0,0,0,0,0,0,1,0,0,0
66,Sidoarjo,2,1,1,1,50,91,-7.4514112,112.6871692,1.270364248,0.96985293,0.78484038,3.353317941,1.434039518,2.390164455,1.867685264,1.865145923,4.155329173,4.770289526,15.66947075,4.055106494,17.3716036,3,1,1,1,0,0,0,0,0,0,1,1,0,1,0,1,0,0,0,0,0,1,0,0,0,0,0,0,0,0,0,0,0,0,0,0,1,1,0,0,0,0,0,0,0,0,1,0,0,0,0,0,1,0,0,0,1,0,0,0
41,Taman,2,2,0,1,100,60,-7.340531,112.7077638,5.039305164,1.793968553,1.388814958,2.737127132,1.397520668,4.059999573,6.423217751,2.81503192,1.531673722,3.223142507,9.867280458,1.36647208,81.19501354,3,0,0,0,0,0,0,0,0,0,0,0,0,0,0,0,0,0,0,0,0,0,0,0,0,0,0,0,0,0,0,1,0,0,0,0,0,0,0,0,0,0,0,0,0,0,0,0,0,0,0,0,0,0,0,0,0,0,0,1
46.32,Sedati,2,1,1,1,41,81,-7.3682379,112.7554345,2.381319283,2.416052141,2.180184161,4.317846141,2.251577862,3.702363313,2.032464275,1.817470708,4.846638578,3.942559298,2.712399801,4.846638578,4.171043127,3,1,1,1,1,1,0,0,0,1,0,1,0,1,0,0,0,0,1,0,1,1,0,0,0,0,0,0,0,0,1,0,0,0,0,0,1,0,0,1,0,1,0,1,0,0,0,0,0,0,1,0,0,0,0,0,0,0,0,0
39.5,Buduran,2,1,1,1,40,90,-7.425129,112.7230909,1.91030037,1.39795371,1.106105101,1.052676295,2.292918065,2.740648466,2.107458689,1.941617939,5.114345548,5.494515392,8.711963207,4.531137012,22.15665081,3,1,1,1,0,0,0,0,0,0,1,1,0,1,0,1,0,0,0,0,0,1,0,0,0,0,0,0,0,0,0,0,0,0,0,0,1,1,1,0,0,1,0,1,0,1,1,0,1,1,0,0,1,0,0,0,1,0,0,0
85,Buduran,2,1,0,1,100,195,-7.435732095,112.7152655,1.702248958,1.939419547,1.079044478,2.231202237,1.564153458,0.911045948,1.229747575,1.063906824,4.236634433,4.616804277,10.54976801,3.293941769,3.131773598,3,1,0,0,0,0,0,0,1,0,0,1,0,0,0,0,0,0,0,0,0,0,0,0,0,0,0,0,0,0,0,0,0,0,0,1,1,0,0,0,0,0,0,0,0,1,1,0,0,0,0,0,0,0,0,0,0,0,0,0
33.5,Sukodono,2,1,1,1,50,84,-7.39918762,112.6365627,2.579001881,2.495986554,6.779367247,9.627217494,5.061333022,11.08540154,8.477261766,3.991756333,3.20113565,6.998323466,16.92957102,3.20113565,23.65833333,4,1,0,1,0,0,0,0,0,0,1,1,0,0,0,0,0,0,0,0,0,0,0,0,0,0,0,0,0,0,0,0,0,0,0,0,1,0,0,0,0,0,0,0,0,0,0,0,0,0,0,0,0,0,0,0,0,0,0,1
48,Buduran,2,1,0,1,46,72,-7.4219387,112.7532001,2.29874949,3.755791596,4.222223789,4.335149731,4.852358319,6.827029085,5.495618789,2.372902447,6.41719289,7.361131508,6.591456148,6.41719289,9.28097884,3,1,0,1,0,0,0,0,0,0,0,0,0,0,0,0,0,0,0,0,0,1,0,0,0,0,0,0,0,0,0,0,0,0,0,0,1,0,0,0,0,0,0,0,0,0,0,0,0,0,0,0,0,0,0,0,0,0,0,1
155,Waru,3,1,0,1,200,120,-7.35042,112.73717,2.684396247,1.966757907,2.76595406,0.543648019,3.371948672,2.45619284,0.1695783,1.584519579,1.072440456,2.548748724,5.460262043,1.053581305,81.19501354,3,0,0,0,0,0,0,0,0,0,0,0,0,0,0,1,0,0,0,0,0,0,0,0,0,0,0,0,0,0,0,1,0,0,0,0,0,0,0,0,0,0,0,0,0,0,0,0,0,0,0,0,0,0,0,0,0,0,0,1
85,Sidoarjo,2,1,0,1,90,72,-7.4295139,112.6905109,1.977426539,0.52786553,2.028754883,4.033600453,3.277853797,3.070446967,5.420735797,25.37617923,6.203830653,7.204104254,15.26103944,5.160963684,26.98981051,3,1,0,0,0,0,0,0,0,0,0,1,0,0,0,0,0,0,0,0,0,1,0,0,0,0,0,0,0,0,0,0,0,0,0,0,1,0,0,0,0,0,0,0,0,0,0,0,0,0,0,0,0,0,0,0,0,0,0,1
39.5,Krian,2,1,1,1,45,84,-7.4035807,112.5985785,5.541533958,3.20246619,3.073874225,13.27050307,3.226958794,13.44270902,13.02399991,2.028270585,2.40567597,2.453629934,21.56767789,2.360254248,27.3016189,3,1,0,0,0,0,0,0,0,0,0,1,0,1,0,1,0,0,0,0,0,0,0,0,0,0,0,0,0,0,0,0,0,0,0,0,1,0,1,0,0,1,0,1,0,1,1,0,0,0,0,0,1,0,0,0,1,0,0,0
36,Buduran,2,1,0,1,37,72,-7.425129,112.7230909,1.91030037,1.39795371,1.106105101,1.052676295,2.292918065,2.740648466,2.107458689,1.941617939,5.114345548,5.494515392,8.711963207,4.531137012,22.15665081,3,1,0,0,0,0,0,0,0,0,0,0,0,0,0,0,0,0,0,0,0,0,0,0,0,0,0,0,0,0,0,0,0,0,0,0,1,0,0,0,0,0,0,0,0,0,1,0,0,0,0,0,0,0,0,0,0,0,0,0
72,Sidoarjo,3,1,0,1,38,72,-7.468436,112.7295944,0.114999571,0.927605812,0.842035998,2.390621571,1.187262529,3.561315857,1.357515986,0.319491591,2.958560503,2.726933635,13.71699709,3.031402523,5.339645003,3,1,0,1,0,0,0,0,0,0,0,1,0,0,0,0,0,0,0,0,0,1,0,0,0,0,0,0,0,0,0,0,0,0,0,1,1,0,0,0,0,0,0,0,0,0,1,0,0,0,0,0,0,0,0,0,1,0,0,0
60,Buduran,6,3,0,2,36,90,-7.443083,112.7029373,1.185707026,0.402157918,0.783400426,1.331145092,0.950536733,2.147152645,0.974208251,2.449890868,3.501375292,4.501648893,12.53815986,2.458508323,0.937435893,3,1,0,0,0,0,0,0,0,0,0,0,0,0,0,0,0,0,0,0,0,0,0,0,0,0,0,0,0,0,0,0,0,0,0,0,1,0,0,0,0,0,0,0,0,0,0,0,0,0,0,0,0,0,0,0,0,0,0,1
190,Waru,5,3,0,2,120,120,-7.3432711,112.7683327,1.377339183,1.996591986,2.17011146,3.59382091,1.441414916,6.581760473,0.384944975,1.627990143,5.10282317,5.914417178,5.793978306,5.083964019,5.10118704,4,1,1,1,0,0,0,0,0,0,0,1,0,1,0,0,0,0,1,0,0,1,0,0,0,0,0,0,0,0,0,0,0,0,0,1,1,0,1,0,0,0,0,0,0,0,1,0,0,0,0,0,0,0,0,0,0,0,0,0
25,Candi,2,1,1,2,72,72,-7.48588066,112.747696,2.351640012,4.738518631,4.902378196,5.702232586,4.07551144,7.483506581,4.521555061,2.413212293,6.38801377,5.610428028,16.88103617,6.301501149,16.22228017,3,1,0,0,0,0,0,0,0,0,0,0,0,0,0,0,0,0,0,0,0,0,0,0,0,0,0,0,0,0,0,0,0,0,0,0,1,0,0,0,0,0,0,0,0,0,0,0,0,0,0,0,0,0,0,0,0,0,0,1
65,Sukodono,3,2,0,2,105,105,-7.394061,112.6738809,0.841154993,2.876635709,3.908649488,5.892745572,0.28135024,8.302342463,3.92263492,1.354024066,6.782730801,8.26127735,11.8866952,6.612823097,19.89886834,4,1,0,0,0,0,0,0,0,0,0,0,0,0,0,0,0,0,0,0,0,0,0,0,0,0,0,0,0,0,0,0,0,0,0,0,1,0,0,0,0,0,0,0,0,0,0,0,0,0,0,0,0,0,0,0,0,0,0,1
45,Buduran,2,1,1,1,110,98,-7.425129,112.7230909,1.91030037,1.39795371,1.106105101,1.052676295,2.292918065,2.740648466,2.107458689,1.941617939,5.114345548,5.494515392,8.711963207,4.531137012,22.15665081,3,1,0,1,0,0,0,0,0,0,0,1,0,1,0,1,0,0,0,0,0,1,0,0,0,0,0,0,0,0,0,0,0,0,0,0,1,0,1,0,0,1,0,1,0,1,1,0,0,0,0,0,0,0,0,0,1,0,0,0
47.5,Krembung,3,2,0,1,228,228,-7.5268,112.6637,7.897964305,5.746944314,11.59598382,5.080471132,2.908489209,13.86411006,4.327001334,3.249704829,5.271918747,11.80931862,25.55894965,5.224403821,21.66326364,3,1,0,0,0,0,0,0,0,0,0,1,0,0,1,0,0,0,0,0,0,0,0,0,0,0,0,0,0,0,0,0,0,0,0,0,1,0,0,0,0,0,0,0,0,1,0,0,0,0,0,0,0,0,0,0,1,0,0,0
32,Wonoayu,2,1,1,1,42,72,-7.446138,112.6514882,3.785473978,3.578061409,2.194564528,7.52916114,4.678234921,6.566007654,4.944646087,3.466680612,2.316424651,7.973837334,18.28095985,2.316424651,19.3192694,4,1,1,1,0,0,0,0,0,0,0,1,0,1,0,1,0,0,1,0,0,1,0,0,0,1,0,0,0,0,0,0,0,0,0,1,1,1,1,1,0,1,0,0,1,1,1,0,0,0,0,0,1,0,0,0,1,0,0,0
79,Waru,2,1,0,1,160,96,-7.3549225,112.8122669,4.85822854,8.123362409,8.339819712,2.828026781,5.258131603,12.88874669,7.011959208,5.220953769,11.40980938,7.694801343,1.109669766,11.39095023,5.254627006,3,1,1,0,1,1,0,1,1,0,0,1,0,0,0,1,0,0,0,0,1,1,0,0,1,0,0,1,0,0,1,0,0,0,0,0,1,0,0,0,0,0,0,0,0,0,0,0,0,0,0,0,0,0,0,0,0,0,0,1
27.5,Krian,2,1,1,1,56,90,-7.376482,112.6118688,2.79579005,7.229954891,6.32390563,10.29918074,6.476990199,15.55149724,12.14583104,0.264038097,2.846150866,5.703661338,19.24150621,2.909687446,81.19501354,3,0,0,0,0,0,0,1,0,0,1,1,0,1,0,0,0,0,0,0,0,1,0,0,0,1,0,0,0,0,0,0,0,0,0,0,1,1,0,0,0,0,0,0,1,1,1,1,1,0,0,0,0,0,0,0,1,0,0,0
31.5,Sidoarjo,2,1,1,1,159,65,-7.4335537,112.66605,1.982786161,2.773344405,3.389865242,5.986067378,2.764808932,5.022913892,5.963972275,4.648400735,5.357177056,8.88387832,15.61727572,5.509751478,24.95479832,3,1,0,0,0,0,0,0,0,0,0,0,0,0,0,0,0,0,0,0,0,0,0,0,0,0,0,0,0,0,0,0,0,0,0,0,1,0,0,0,0,0,0,0,0,0,0,0,0,0,0,0,0,0,0,0,0,0,0,1
110,Sidoarjo,2,1,0,1,31,72,-7.4356925,112.6881399,0.554114961,1.134548051,0.605443306,3.727234506,1.854542219,2.76408102,3.370297665,23.95286765,5.897464707,6.897738307,13.83772786,4.854597737,25.56649893,3,1,0,0,0,0,0,0,0,0,0,0,0,0,0,0,0,0,0,0,0,0,0,0,0,0,0,0,0,0,0,0,0,0,0,0,1,0,0,0,0,0,0,0,0,0,0,0,0,0,0,0,0,0,0,0,0,0,0,1
67.505,Waru,2,1,1,36,36,90,-7.35698005,112.7859905,4.179675729,3.279506665,3.458586827,3.30607817,1.977829311,8.088478788,2.153064301,0.859777943,6.732035179,4.656314344,5.506235566,6.732035179,2.730462376,3,1,1,1,1,1,0,1,1,1,1,1,1,1,0,1,1,0,1,0,1,1,0,0,1,1,0,1,1,1,1,0,0,0,0,1,1,1,1,1,1,1,0,1,1,1,1,1,1,1,1,1,1,1,1,0,1,1,0,0
180,Sidoarjo,3,2,0,1,90,54,-7.4217,112.5322,13.81773375,5.633311884,6.851203125,20.82565765,7.105650917,21.49493989,19.87357832,1.787440015,3.87899293,6.643186608,29.54240469,3.874138192,34.85677348,3,1,0,0,0,0,0,0,0,1,1,1,1,0,0,1,0,0,0,0,0,1,0,0,0,0,0,0,1,0,0,0,0,0,0,0,1,0,0,0,0,1,0,0,0,1,1,0,0,0,0,0,1,0,0,0,0,0,0,0
110,Sidoarjo,3,2,0,2,105,105,-7.44977187,112.7015496,1.418867546,1.347328217,1.619650847,1.161143531,1.125437344,1.711231791,0.80420669,2.877355001,2.962788217,3.976635156,13.48333016,2.288506762,0.501515038,3,1,0,0,0,0,0,0,0,0,0,0,0,0,0,0,0,0,0,0,0,0,0,0,0,0,0,0,0,0,0,0,0,0,0,0,1,0,0,0,0,0,0,0,0,0,0,0,0,0,0,0,0,0,0,0,0,0,0,1
130,Waru,3,3,0,2,45,90,-7.3562163,112.7610386,0.206875553,0.405300579,0.321199022,3.689625146,0.64740552,5.061142209,0.773840927,2.141930655,4.228647345,4.759065142,3.528905645,4.228647345,5.428366785,3,1,0,1,0,0,0,0,0,0,0,0,0,0,0,0,0,0,0,0,0,1,0,0,0,0,0,0,0,0,0,0,0,0,0,0,1,0,0,0,0,1,0,0,0,1,0,0,0,0,0,0,1,0,0,0,0,0,0,0
60,Sukodono,2,2,1,2,52,72,-7.4277073,112.6809479,1.081694678,2.498047488,0.423037379,4.760747474,2.213627427,3.797593988,3.497523342,22.53700306,6.930977674,7.658558416,13.33782698,5.888110705,24.21851051,4,1,0,0,0,0,0,0,0,0,0,1,0,0,0,0,0,0,0,0,0,0,0,0,0,0,0,0,1,0,0,0,0,0,0,0,1,0,0,0,0,0,0,0,0,0,0,0,0,0,0,0,0,0,0,0,0,0,0,1
49.8,Taman,2,1,1,1,36,72,-7.35427935,112.6768012,5.095213917,1.809597751,1.71371113,1.77769123,2.152373782,5.91217992,4.592787141,2.083330153,2.804062107,5.075322854,11.68846231,2.634154403,81.19501354,3,0,0,0,0,0,0,0,0,0,0,0,0,0,0,0,0,0,0,0,0,0,0,0,0,0,0,0,0,0,0,0,0,0,0,0,1,0,0,0,0,0,0,0,0,0,0,0,0,0,0,0,0,0,0,0,0,0,0,1
20,Tulangan,2,1,0,1,100,200,-7.4726134,112.6675398,3.788485157,4.410160492,3.569610887,7.48807905,3.967491241,6.838179161,3.886930266,1.67122419,3.414253244,6.978146743,19.38778336,3.441593893,14.73138427,2,1,0,0,0,0,0,0,0,0,0,0,0,0,0,0,0,0,0,0,0,0,0,0,0,0,0,0,0,0,0,0,0,0,0,0,1,0,0,0,0,0,0,0,0,0,0,0,0,0,0,0,0,0,0,0,0,0,0,1
32,Krian,2,1,1,1,60,105,-7.40299,112.5873906,5.680902608,1.908363811,1.678408623,13.40987172,1.932856415,14.67713014,13.78695269,0.734168206,1.111573591,1.159527555,22.12661877,1.066151869,27.44098755,4,1,0,1,0,0,0,0,0,0,0,1,0,1,0,0,0,0,0,0,0,0,0,0,0,0,0,0,0,0,0,0,0,0,0,0,1,0,0,0,0,1,0,0,0,1,1,0,0,0,0,0,0,0,0,0,1,0,0,0
37,Prambon,2,1,0,1,252,150,-7.4734,112.559,4.949826158,7.903281944,7.657034968,20.25139813,7.576843769,19.28824464,16.91253111,9.588243289,6.021374632,8.042328051,30.80916395,5.859262664,25.89243591,3,1,0,0,0,0,0,0,0,0,0,1,0,0,1,0,0,0,0,0,0,0,0,0,0,0,0,0,0,0,0,0,0,0,0,0,1,0,0,0,0,0,0,0,0,1,0,0,0,0,0,0,0,0,0,0,0,0,0,0
67.5,Taman,2,1,1,1,45,77,-7.3589157,112.6810879,3.958887031,1.892287961,1.726992546,1.860381441,1.630770297,5.065770285,3.456460256,1.234408478,2.75036667,4.228913219,10.55213542,2.580458966,81.19501354,5,0,1,1,0,0,0,0,1,0,0,1,0,1,0,0,0,0,0,0,0,1,0,0,0,1,0,0,0,0,0,1,0,0,0,0,0,0,0,0,0,1,0,1,1,1,1,0,0,0,0,0,1,0,0,0,1,0,0,0
130,Candi,3,2,2,2,55,67,-7.46736755,112.702364,1.742559299,2.276405157,1.299785296,2.342984867,1.920283628,2.988208825,2.22449385,1.408363513,2.337679631,1.571948555,14.86476131,2.925600605,2.661960394,4,1,1,1,1,1,0,1,1,1,1,1,1,1,0,1,1,0,1,0,1,1,0,0,1,1,0,1,1,1,1,0,0,0,0,1,1,1,1,1,1,1,0,1,1,1,1,1,1,1,1,1,1,1,1,0,1,1,0,0
56.5,Waru,2,1,1,1,38,70,-7.3503078,112.7674661,1.10438002,1.229006217,1.445463521,3.972977345,0.373224262,5.970825657,4.238193775,0.837264716,4.491888353,5.123691752,3.893532255,4.473029203,5.266527028,4,1,1,1,0,0,0,0,0,0,0,0,0,1,0,1,0,0,1,0,0,1,0,0,0,1,0,0,0,0,0,0,0,0,0,1,1,0,1,1,0,1,0,0,1,1,1,0,0,0,0,0,1,0,0,0,1,0,0,0
135,Taman,3,2,0,1,84,84,-7.36865088,112.6746296,4.241112106,3.350373719,3.185078303,3.318467198,3.088856054,6.523856042,3.539966826,1.675010371,4.208452427,5.686998976,11.3471833,4.038544724,81.19501354,3,0,0,0,0,0,0,0,0,0,0,0,0,0,0,0,0,0,0,0,0,0,0,0,0,0,0,0,0,0,0,0,0,0,0,0,1,0,0,0,0,0,0,0,0,0,0,0,0,0,0,0,0,0,0,0,0,0,0,1
65,Candi,2,1,0,1,36,68,-7.4966669,112.7143688,2.41608374,4.9968694,4.369935706,2.356262432,4.256682664,6.252433261,5.663153166,3.954475459,2.819044569,4.379354708,18.02263427,2.732531948,14.866302,3,1,0,0,0,0,0,0,0,0,0,0,0,0,0,0,0,0,0,0,0,0,0,0,0,0,0,0,0,0,0,0,0,0,0,0,1,0,0,0,0,0,0,0,0,0,0,0,0,0,0,0,0,0,0,0,0,0,0,1
63,Krembung,3,2,0,1,228,228,-7.5268,112.6637,7.897964305,5.746944314,11.59598382,5.080471132,2.908489209,13.86411006,4.327001334,3.249704829,5.271918747,11.80931862,25.55894965,5.224403821,21.66326364,3,1,0,0,0,0,0,0,0,0,0,1,0,0,1,0,0,0,0,0,0,0,0,0,0,0,0,0,0,0,0,0,0,0,0,0,1,0,0,0,0,0,0,0,0,1,0,0,0,0,0,0,0,0,0,0,1,0,0,0
90,Waru,2,2,2,1,60,90,-7.3434451,112.7685874,1.377339183,1.996591986,2.17011146,3.59382091,1.441414916,6.581760473,0.384944975,1.627990143,5.10282317,5.914417178,5.793978306,5.083964019,5.10118704,3,1,0,1,0,0,0,0,0,0,1,1,0,0,0,0,0,0,0,0,0,1,0,0,0,0,0,0,0,0,0,0,0,0,0,0,0,0,0,0,0,0,0,0,0,0,0,0,0,0,0,0,0,0,0,0,0,0,0,1
199,Waru,7,4,0,2,130,120,-7.35898778,112.7464042,1.554248118,1.750276927,1.881599498,2.425907817,1.599573819,3.099426591,1.842950674,2.090462503,2.954700253,4.431008521,3.69646219,2.954700253,81.19501354,4,0,0,0,0,0,0,0,0,0,0,0,0,0,0,0,0,0,0,0,0,0,0,0,0,0,0,0,0,0,0,1,0,0,0,0,0,0,0,0,0,0,0,0,0,0,1,0,0,0,0,0,0,0,0,0,0,0,0,0
64,Taman,2,1,0,1,150,120,-7.3730239,112.6471451,1.769029914,5.834307965,5.905824475,5.969804575,4.898772963,9.200186481,7.590876452,1.987234356,3.953765688,8.363329415,14.68655162,3.953765688,81.19501354,3,0,0,0,0,0,0,0,0,0,0,0,0,0,0,0,0,0,0,0,0,0,0,0,0,0,0,0,0,0,0,0,0,0,0,0,1,0,0,0,0,0,0,0,0,1,1,0,0,0,0,0,0,0,0,0,0,0,0,0
109,Waru,3,2,0,1,105,105,-7.3616718,112.7441901,2.170845517,2.393477632,2.498196898,3.042505216,2.216171219,2.976617952,2.459548073,1.957505906,3.571297653,5.047605921,3.511371092,3.571297653,81.19501354,3,0,1,1,0,0,0,1,1,0,1,1,0,1,0,1,0,0,1,0,1,1,0,0,0,0,0,0,0,0,0,0,0,0,0,0,1,0,1,0,0,0,0,1,0,1,1,0,0,0,0,0,0,0,0,0,1,0,0,0
97.8,Balongbendo,2,2,0,1,400,516,-7.4217,112.5322,13.81773375,5.633311884,6.851203125,20.82565765,7.105650917,21.49493989,19.87357832,1.787440015,3.87899293,6.643186608,29.54240469,3.874138192,34.85677348,3,1,0,0,0,0,0,0,0,0,0,1,0,0,1,0,0,0,0,0,0,0,0,0,0,0,0,0,0,0,0,0,0,0,0,0,1,0,0,0,0,0,0,0,0,1,0,0,0,0,0,0,0,0,0,0,1,0,0,0
110,Buduran,4,2,0,2,135,135,-7.425129,112.7230909,1.91030037,1.39795371,1.106105101,1.052676295,2.292918065,2.740648466,2.107458689,1.941617939,5.114345548,5.494515392,8.711963207,4.531137012,22.15665081,3,1,0,0,0,0,0,0,0,0,0,0,0,0,0,0,0,0,0,0,0,0,0,0,0,0,0,0,0,0,0,0,0,0,0,0,1,0,0,0,0,0,0,0,0,0,0,0,0,0,0,0,0,0,0,0,0,0,0,1
45,Sidoarjo,3,1,0,1,60,75,-7.4497718,112.7015495,1.418867546,1.347328217,1.619650847,1.161143531,1.125437344,1.711231791,0.80420669,2.877355001,2.962788217,3.976635156,13.48333016,2.288506762,0.501515038,3,1,0,0,0,0,0,0,0,0,0,0,0,0,0,0,0,0,0,0,0,0,0,0,0,0,0,0,0,0,0,0,0,0,0,0,1,0,0,0,0,0,0,0,0,0,0,0,0,0,0,0,0,0,0,0,0,0,0,1
30,Krian,2,1,1,1,52,84,-7.3970707,112.601646,4.333152266,3.73003068,3.601438715,12.06212138,3.754523284,14.10620332,12.38051539,1.743892993,2.93324046,2.981194423,20.77886842,4.252953457,26.09323721,3,1,0,1,0,0,0,0,0,0,0,1,0,0,0,0,0,0,0,0,0,0,0,0,0,0,0,0,0,0,0,1,0,0,0,0,0,0,0,0,0,0,0,0,0,1,0,0,0,0,0,0,0,0,0,0,0,0,0,0
65,Candi,2,1,1,1,30,35,-7.4849269,112.7435171,1.688364341,4.075242959,4.328566329,5.038956915,3.412235768,6.820230909,4.056159553,1.749936622,5.923350854,4.947152357,16.41564066,6.242543736,15.5590045,3,1,0,0,0,0,0,0,0,0,1,0,0,0,0,0,0,0,0,0,0,1,0,0,0,0,0,0,0,0,0,0,0,0,0,0,1,0,0,0,0,0,0,0,0,0,0,0,0,0,0,0,0,0,0,0,0,0,0,1
62.5,Sukodono,3,1,0,1,85,72,-7.3831573,112.6883969,2.579776206,4.057074091,4.620388042,4.922089893,2.978413499,6.193628433,1.313537975,2.021239102,5.261459183,6.040794037,10.05745533,5.09155148,21.87483086,3,1,0,0,0,0,0,0,0,0,0,0,0,0,0,0,0,0,0,0,0,0,0,0,0,0,0,0,0,0,0,0,0,0,0,0,1,0,0,0,0,0,0,0,0,0,0,0,0,0,0,0,0,0,0,0,0,0,0,1
70,Waru,3,2,0,1,130,150,-7.3648872,112.7702531,2.154014975,2.501148467,2.419929744,5.048522742,2.111954172,5.49100284,1.428185092,1.698838456,6.05715824,3.971785437,3.971785437,6.05715824,5.781722699,3,1,0,1,0,0,0,0,0,0,1,1,1,1,0,1,0,0,1,0,0,0,0,0,0,0,0,0,0,1,0,0,0,0,0,0,1,0,0,0,0,0,0,0,0,0,0,0,0,0,0,0,0,0,0,0,0,0,0,1
65,Taman,4,2,0,2,104,104,-7.3589157,112.6810879,3.958887031,1.892287961,1.726992546,1.860381441,1.630770297,5.065770285,3.456460256,1.234408478,2.75036667,4.228913219,10.55213542,2.580458966,81.19501354,5,0,0,0,0,0,0,0,0,0,0,0,0,0,0,0,0,0,0,0,0,0,0,0,0,0,0,0,0,0,0,0,0,0,0,0,1,0,0,0,0,0,0,0,0,0,0,0,0,0,0,0,0,0,0,0,0,0,0,1
58.2,Candi,2,1,1,1,32,72,-7.460157,112.6860198,2.81840636,2.270321082,2.332882492,3.844655146,0.13975596,3.249979131,0.565448128,0.672551388,4.035195841,3.594639376,16.46956414,4.38997927,16.11540328,4,1,1,1,1,1,0,0,0,1,0,1,0,1,0,1,0,0,1,0,0,1,0,0,1,1,0,1,1,1,1,0,0,0,0,1,1,1,1,1,0,1,0,1,1,1,1,0,0,1,0,1,1,0,1,0,1,0,0,0
108,Waru,3,2,0,1,32,72,-7.3621237,112.744203,2.273591052,2.261082189,2.600942433,3.145250751,2.318916754,2.844222508,2.562293608,1.825110462,3.674043188,5.150351456,3.378975649,3.674043188,81.19501354,3,0,1,0,0,0,0,0,0,0,0,0,0,0,0,0,0,0,0,0,0,0,0,0,0,0,0,0,0,0,0,1,0,0,0,0,0,0,0,0,0,0,0,0,0,0,1,0,0,0,0,0,0,0,0,0,0,0,0,0
48,Buduran,3,1,0,2,46,81,-7.4253929,112.7709556,4.20994323,8.476397215,4.332646108,7.558937919,6.009537913,9.382530328,9.37128323,3.855624655,7.899915099,7.660428147,7.660428147,7.899915099,11.83648008,3,1,0,0,0,0,0,0,0,0,0,0,0,0,0,0,0,0,0,0,0,1,0,0,0,0,0,0,0,0,0,0,0,0,0,0,1,1,0,0,0,0,0,0,0,0,0,0,0,0,0,0,1,0,0,0,1,0,0,0
63.6,Tulangan,3,3,3,1,80,120,-7.45667206,112.6363779,6.734604454,6.341931604,4.586218339,10.27917352,6.588815156,9.325837934,7.014507324,4.158882964,2.158808771,9.491569238,21.04483005,2.158808771,19.13136932,2,1,0,1,0,0,0,0,0,0,1,1,0,1,0,0,0,0,0,0,0,1,0,0,0,0,0,0,0,0,0,0,0,0,0,0,1,1,0,0,0,1,0,0,0,1,1,1,0,0,0,0,0,0,0,0,1,0,0,0
67.5,Candi,3,3,3,2,110,72,-7.458909,112.699393,2.527793492,2.718205268,0.934954892,2.015446077,1.806297044,3.165956113,1.687197023,1.442953144,2.205986772,2.871106665,14.64035507,2.560770201,2.29712999,4,1,0,1,0,1,0,0,0,1,0,0,0,1,0,1,0,0,0,0,0,1,0,0,0,0,0,0,0,0,0,0,0,0,0,1,1,1,0,0,0,1,0,0,0,1,1,0,0,0,0,0,0,0,0,0,1,0,0,0
56,Krian,2,1,1,1,60,90,-7.4046864,112.5780619,7.28310985,0.982492847,1.522816262,15.01207896,1.777264054,16.29218502,15.40200756,0.802260197,1.478043694,1.245062663,23.72882601,1.576989689,29.0431948,5,1,0,0,0,0,0,0,0,0,0,1,0,0,0,1,0,0,0,0,0,0,0,0,0,0,0,0,0,0,0,0,0,0,0,1,1,0,1,0,0,1,0,1,0,1,1,1,0,0,0,0,0,0,0,0,1,0,0,0
28.5,Sidoarjo,2,1,1,1,60,90,-7.412324,112.5378369,14.10777388,4.521358592,5.739249833,19.67989096,5.993697625,20.98096278,19.67509937,0.176468657,4.24756786,5.531233316,28.39663801,4.535996651,33.7110068,5,1,0,0,0,0,0,0,0,0,0,0,0,1,0,0,0,0,0,0,0,0,0,0,0,0,0,0,0,0,0,0,0,0,0,0,1,0,0,0,0,0,0,0,0,0,1,0,0,0,0,0,0,0,0,0,0,0,0,0
80,Sidoarjo,3,2,2,2,90,60,-7.4522507,112.6944735,2.227296929,1.326112849,1.896838803,3.03018564,2.448122096,2.14870305,2.657301913,1.669906715,3.593356,4.208316352,15.42800935,3.49313332,17.05333734,3,1,0,1,0,1,0,0,0,0,0,1,0,1,0,0,0,0,0,0,0,1,0,0,0,0,0,0,0,0,0,1,0,0,0,1,0,1,0,0,0,0,0,0,0,1,1,1,0,0,0,0,0,0,0,0,1,0,0,0
89,Gedangan,4,2,0,1,72,72,-7.3885665,112.7323259,0.293057018,1.308594815,0.5520178,5.005422535,0.884893335,3.298831435,0.996987213,0.818791308,0.532064133,5.621226095,4.300310279,1.125763389,81.19501354,3,0,0,0,0,0,0,0,0,0,0,0,0,0,0,0,0,0,0,0,0,0,0,0,0,0,0,0,0,0,0,0,0,0,0,0,1,0,0,0,0,0,0,0,0,0,1,0,0,0,0,0,0,0,0,0,0,0,0,0
30.7,Buduran,2,1,0,1,130,150,-7.425129,112.7230909,1.91030037,1.39795371,1.106105101,1.052676295,2.292918065,2.740648466,2.107458689,1.941617939,5.114345548,5.494515392,8.711963207,4.531137012,22.15665081,3,1,0,0,0,0,0,0,0,0,0,0,0,0,0,0,0,0,0,0,0,0,0,0,0,0,0,0,0,0,0,0,0,0,0,0,1,0,0,0,0,0,0,0,0,0,0,0,0,0,0,0,0,0,0,0,0,0,0,1
40,Waru,2,1,1,1,60,72,-7.3588392,112.7583752,0.705553645,0.679717036,0.443849056,3.793098972,0.750879346,4.501491454,0.670132861,2.447943576,4.332121171,4.573032165,3.342872668,4.332121171,5.702783243,3,1,0,1,0,0,0,0,0,0,1,0,0,0,0,0,0,0,0,0,0,0,0,0,0,0,0,0,0,0,0,0,0,0,0,0,1,0,0,0,0,1,0,0,0,0,1,0,0,0,0,0,0,0,0,0,1,0,0,0
37.5,Krian,2,1,0,1,104,90,-7.40299,112.5873906,5.680902608,1.908363811,1.678408623,13.40987172,1.932856415,14.67713014,13.78695269,0.734168206,1.111573591,1.159527555,22.12661877,1.066151869,27.44098755,4,1,0,0,0,0,0,0,0,0,0,0,0,0,0,0,0,0,0,0,0,0,0,0,0,0,0,0,0,0,0,1,0,0,0,0,0,0,0,0,0,0,0,0,0,0,0,0,0,0,0,0,0,0,0,0,0,0,0,1
190,Sedati,3,3,2,2,39,72,-7.397797836,112.7721805,3.149362051,6.474045466,2.191576329,2.683748917,3.232944007,7.74601573,6.220640887,3.729522804,5.848318152,3.35291777,3.35291777,5.848318152,9.493626487,3,1,0,1,0,1,0,0,0,1,0,1,0,1,0,1,0,0,0,0,0,1,0,0,0,0,0,0,1,0,0,0,0,0,0,0,1,0,0,0,0,0,0,0,0,1,1,1,0,0,0,0,1,0,0,0,1,0,0,0
77.5,Waru,3,1,0,1,110,120,-7.3528001,112.7613933,0.544442306,0.246472377,0.482340357,3.436552837,0.64767158,5.134142907,1.139695896,1.951754914,3.975575036,5.124920111,3.894760614,3.956715886,5.017572012,3,1,0,1,0,0,0,0,0,0,1,1,0,1,0,1,0,0,0,0,0,1,0,0,0,0,0,0,0,0,0,0,0,0,0,1,1,1,0,0,0,0,0,0,0,1,1,0,0,0,0,0,1,0,0,0,0,0,0,0
67.5,Waru,2,1,1,32,36,72,-7.3585605,112.7876585,4.428949781,3.528780717,3.707860878,3.050021495,2.227103362,8.337752839,2.386652868,0.603721267,6.981309231,4.905588395,5.25017889,6.981309231,2.4744057,2,1,1,1,1,1,0,1,1,1,1,1,1,1,0,1,1,0,1,0,1,1,0,0,1,1,0,1,1,1,1,0,0,0,0,1,1,1,1,1,1,1,0,1,1,1,1,1,1,1,1,1,1,1,1,0,1,1,0,0
45,Krembung,3,1,0,1,202,202,-7.5268,112.6637,7.897964305,5.746944314,11.59598382,5.080471132,2.908489209,13.86411006,4.327001334,3.249704829,5.271918747,11.80931862,25.55894965,5.224403821,21.66326364,3,1,0,0,0,0,0,0,0,0,0,1,0,0,0,0,0,0,0,0,0,0,0,0,0,0,0,0,0,0,0,0,0,0,0,0,1,0,0,0,0,0,0,0,0,1,0,0,0,0,0,0,0,0,0,0,0,0,0,0
110,Buduran,4,2,0,2,36,90,-7.4221052,112.7112938,2.382631484,1.970459102,2.211310727,2.157881921,3.179775971,3.045734627,1.544608409,1.544608409,6.219551174,6.599721019,10.03966992,5.250799291,23.29743002,3,1,0,0,0,0,0,0,0,0,0,0,0,0,0,0,0,0,0,0,0,0,0,0,0,0,0,0,0,0,0,0,0,0,0,0,1,0,0,0,0,0,0,0,0,0,0,0,0,0,0,0,0,0,0,0,0,0,0,1
58.8,Sukodono,2,1,1,1,60,96,-7.39308949,112.6759274,1.008269039,3.043749755,4.075763534,5.856078059,0.448464286,8.469456509,3.885967407,1.521138112,6.746063288,8.224609837,12.05380925,6.576155584,19.86220083,3,1,1,1,1,1,0,1,1,1,1,1,1,1,0,1,1,0,1,0,1,1,0,0,1,1,0,1,1,1,1,0,0,0,0,1,0,1,1,1,1,1,0,1,1,1,1,1,1,1,1,1,1,1,1,0,1,1,0,0
58,Gedangan,2,1,1,1,36,72,-7.3896762,112.7279598,0.158767307,1.777257755,1.21182274,4.456698371,0.27487645,2.68881455,0.927586993,0.208774423,0.08462473,5.01120921,4.714349383,0.08462473,81.19501354,5,0,1,1,0,0,0,0,0,0,0,1,0,1,0,1,0,0,0,0,0,1,0,0,0,0,0,0,0,0,0,1,0,0,0,0,0,0,1,0,0,1,0,1,1,0,1,0,0,0,0,0,1,0,0,0,0,0,0,0
180,Waru,4,4,0,1,45,102,-7.3503078,112.7674661,1.10438002,1.229006217,1.445463521,3.972977345,0.373224262,5.970825657,4.238193775,0.837264716,4.491888353,5.123691752,3.893532255,4.473029203,5.266527028,4,1,0,0,0,0,0,0,0,0,0,0,0,0,0,0,0,0,0,0,0,0,0,0,0,0,0,0,0,0,0,0,0,0,0,0,1,0,0,0,0,0,0,0,0,0,0,0,0,0,0,0,0,0,0,0,0,0,0,1
80,Waru,3,2,2,1,120,200,-7.3503078,112.7674661,1.10438002,1.229006217,1.445463521,3.972977345,0.373224262,5.970825657,4.238193775,0.837264716,4.491888353,5.123691752,3.893532255,4.473029203,5.266527028,4,1,0,0,0,0,0,0,0,0,1,1,0,0,0,0,0,0,0,0,0,0,0,0,0,0,0,0,0,0,0,1,0,0,0,0,0,0,0,0,0,0,0,0,0,0,0,0,0,0,0,0,0,0,0,0,1,0,0,0
68.3,Candi,2,1,1,1,42,72,-7.46736755,112.702364,1.742559299,2.276405157,1.299785296,2.342984867,1.920283628,2.988208825,2.22449385,1.408363513,2.337679631,1.571948555,14.86476131,2.925600605,2.661960394,4,1,1,1,0,0,0,0,1,0,0,1,0,1,0,0,0,0,0,0,0,1,0,0,0,1,0,0,0,0,0,1,0,0,0,0,0,0,0,0,0,1,0,1,1,1,1,0,0,0,0,0,1,0,0,0,1,0,0,0
90,Waru,3,2,0,1,200,247,-7.3601268,112.7432415,2.06695996,2.006893291,2.39431134,2.894893011,2.112285661,2.590033611,2.311935868,1.570921565,3.423685448,4.899993716,3.685947475,3.423685448,81.19501354,3,0,0,0,0,0,0,0,0,0,0,0,0,0,0,0,0,0,0,0,0,0,0,0,0,0,0,0,0,0,0,0,0,0,0,0,1,0,0,0,0,0,0,0,0,0,0,0,0,0,0,0,0,0,0,0,0,0,0,1
60,Sukodono,2,2,2,1,72,72,-7.39147691,112.7014725,1.270253791,1.565204108,4.935173909,6.661495048,2.023911636,5.34783922,1.409644152,1.049338354,4.317041085,5.699700545,8.946765738,4.317041085,19.65474935,4,1,0,0,0,0,0,0,0,0,0,1,0,0,0,0,0,0,0,0,0,0,0,0,0,0,0,0,0,0,0,0,0,0,0,0,1,0,0,0,0,1,0,1,0,1,1,0,0,0,0,0,1,0,0,0,1,0,0,0
135,Gedangan,3,2,2,1,183,108,-7.38954747,112.7327705,0.486242219,1.146524175,0.38994716,4.938035033,1.078078536,3.492016635,0.922832061,1.011976509,0.725249334,5.814411296,4.36463733,0.725249334,81.19501354,3,0,0,1,0,0,0,1,1,0,0,1,0,1,0,0,0,0,0,0,0,1,0,0,0,0,0,0,0,0,0,1,0,0,0,1,0,0,0,0,0,0,0,0,0,1,0,0,0,0,0,0,0,0,0,0,1,0,0,0
35.5,Tulangan,2,1,1,1,35,35,-7.4494294,112.6391366,6.04899466,5.746299324,4.790410732,10.48336591,7.646297509,9.530030327,7.218699717,4.363075356,3.132447052,8.903798526,21.21331739,3.132447052,20.1352918,3,1,0,0,0,0,0,0,0,0,0,0,0,0,0,0,0,0,0,0,0,0,0,0,0,0,0,0,0,0,0,0,0,0,0,0,1,0,0,0,0,0,0,0,0,0,0,0,0,0,0,0,0,0,0,0,0,0,0,1
75,Candi,2,1,0,1,185,98,-7.4727733,112.7236749,0.441250326,0.515900882,1.049564528,1.806107758,0.275552377,3.518087085,2.55295417,0.253552436,2.915331731,1.863168178,14.91149356,2.988173751,5.296416231,3,1,0,0,0,0,0,0,0,0,0,0,0,0,0,0,0,0,0,0,0,0,0,0,0,0,0,0,0,0,0,0,0,0,0,0,1,0,0,0,0,0,0,0,0,0,0,0,0,0,0,0,0,0,0,0,0,0,0,1
30,Krian,2,1,1,1,45,91,-7.3890992,112.6057228,3.137630812,4.463031061,4.334439097,10.86659992,4.487523665,15.09194705,12.41820107,0.548371538,3.187991627,3.714194805,19.58334697,3.057432003,24.89771576,5,1,0,1,0,0,0,1,0,0,1,0,0,0,0,0,0,0,0,0,0,1,0,0,0,0,0,0,0,0,0,0,0,0,0,0,1,1,0,0,0,1,0,0,0,0,1,1,0,0,0,0,0,0,0,0,1,0,0,0
170,Sidoarjo,4,3,0,2,36,72,-7.44726655,112.6959508,1.43520771,0.824445535,1.782333433,2.048638194,1.384903754,1.085484708,1.691701353,2.676935174,4.218868394,5.217578259,14.36479101,3.176001425,18.06259925,3,1,0,0,0,0,0,0,0,0,0,0,0,0,0,0,0,0,0,0,0,0,0,0,0,0,0,0,0,0,0,0,0,0,0,0,1,0,0,0,0,0,0,0,0,0,0,0,0,0,0,0,0,0,0,0,0,0,0,1
100,Gedangan,3,2,0,1,90,120,-7.3970813,112.7469881,1.393572052,2.765523232,2.235817729,5.890542444,3.233179537,6.086932901,2.812403687,2.081732913,3.320165599,5.395557867,4.338891018,3.320165599,9.728402521,3,1,0,0,0,0,0,0,0,0,0,1,0,0,0,1,0,0,0,0,0,0,0,0,0,0,0,0,0,0,0,0,0,0,0,0,1,0,0,0,0,0,0,0,0,1,0,0,0,0,0,0,0,0,0,0,0,0,0,0
50,Sidoarjo,2,2,0,2,30,78,-7.4245342,112.6815738,1.167869368,1.481177292,0.216802877,5.175205872,1.834331317,4.212052386,3.118227232,22.15770695,7.345436072,8.073016814,12.95853087,6.302569103,23.83921439,3,1,0,1,0,0,0,0,0,0,0,1,0,1,0,0,0,0,0,0,0,0,0,0,0,0,0,0,0,0,0,0,0,0,0,0,0,0,1,0,0,1,0,0,0,0,0,0,0,0,0,0,1,0,0,0,1,0,0,0
60,Sukodono,2,1,0,1,35,68,-7.394061,112.6738809,0.841154993,2.876635709,3.908649488,5.892745572,0.28135024,8.302342463,3.92263492,1.354024066,6.782730801,8.26127735,11.8866952,6.612823097,19.89886834,4,1,0,0,0,0,0,0,0,0,0,1,0,1,0,0,0,0,0,0,0,1,0,0,0,0,0,0,0,0,0,1,0,0,0,0,0,0,0,0,0,0,0,0,0,1,1,0,0,0,0,0,0,0,0,0,1,0,0,0
80,Waru,3,2,2,2,45,78,-7.3599876,112.742208,2.193592384,1.880260867,2.339127488,2.768260588,3.02154999,2.463401187,2.185303445,1.444289141,3.297053025,4.773361292,3.812579899,3.297053025,81.19501354,3,0,0,0,0,0,0,0,0,0,1,1,0,0,0,0,0,0,0,0,0,0,0,0,0,0,0,0,0,0,0,0,0,0,0,0,0,0,0,0,0,0,0,0,0,0,0,0,0,0,0,0,0,0,0,0,0,0,0,1
37.5,Tulangan,2,1,0,1,70,90,-7.4726134,112.6675398,3.788485157,4.410160492,3.569610887,7.48807905,3.967491241,6.838179161,3.886930266,1.67122419,3.414253244,6.978146743,19.38778336,3.441593893,14.73138427,2,1,0,0,0,0,0,0,0,0,0,1,0,1,0,0,0,0,0,0,0,1,0,0,0,1,0,0,0,0,0,0,0,0,0,0,0,1,0,0,0,1,0,0,0,0,1,0,0,0,0,0,0,0,0,0,1,0,0,0
196,Candi,4,3,3,3,70,91,-7.4615323,112.6885253,2.939287993,2.503194583,2.453764125,3.897332598,0.260637593,3.325784784,0.450123455,0.725228839,4.087873292,3.647316827,16.52224159,4.442656722,15.99246781,3,1,1,1,0,1,1,0,0,0,0,0,0,0,0,1,0,0,0,0,1,0,0,0,0,0,0,0,0,0,0,0,0,0,0,1,0,0,0,0,0,0,0,0,0,0,1,0,0,0,0,0,0,0,0,0,0,1,0,0
120,Sidoarjo,4,2,2,2,112,112,-7.4540491,112.7066448,1.329265792,1.199338443,1.227777695,0.816918377,1.117265542,1.37170299,1.000657349,2.333336452,2.185836562,3.394768865,13.33977515,0.959526932,1.632499152,3,1,1,0,0,1,0,1,1,1,1,1,1,0,0,1,0,0,0,0,0,0,0,0,1,0,0,0,1,1,0,0,0,0,0,0,0,0,1,0,0,0,0,1,0,1,0,0,0,0,0,0,0,0,0,0,0,1,0,0
56.5,Buduran,2,1,0,1,120,90,-7.425129,112.7230909,1.91030037,1.39795371,1.106105101,1.052676295,2.292918065,2.740648466,2.107458689,1.941617939,5.114345548,5.494515392,8.711963207,4.531137012,22.15665081,3,1,0,0,0,0,0,0,0,0,0,0,0,0,0,0,0,0,0,0,0,0,0,0,0,0,0,0,0,0,0,0,0,0,0,0,1,0,0,0,0,0,0,0,0,0,0,0,0,0,0,0,0,0,0,0,0,0,0,1
40.6,Tulangan,2,1,1,1,40,91,-7.4726134,112.6675398,3.788485157,4.410160492,3.569610887,7.48807905,3.967491241,6.838179161,3.886930266,1.67122419,3.414253244,6.978146743,19.38778336,3.441593893,14.73138427,2,1,1,1,0,0,0,0,0,0,1,1,0,1,0,1,0,0,0,0,0,1,0,0,0,0,0,0,0,0,0,0,0,0,0,0,1,1,1,0,0,1,0,0,0,1,1,0,1,1,0,0,1,0,0,0,1,0,0,0
46.6,Waru,2,1,1,1,40,72,-7.3503078,112.7674661,1.10438002,1.229006217,1.445463521,3.972977345,0.373224262,5.970825657,4.238193775,0.837264716,4.491888353,5.123691752,3.893532255,4.473029203,5.266527028,4,1,1,0,0,0,0,0,1,0,0,0,0,1,0,0,0,0,1,0,0,0,0,0,1,1,0,0,1,0,0,0,0,0,0,0,1,0,0,0,1,0,0,1,1,0,0,0,0,0,0,1,1,0,1,0,0,0,0,0
99,Waru,3,1,0,1,36,85,-7.3503078,112.7674661,1.10438002,1.229006217,1.445463521,3.972977345,0.373224262,5.970825657,4.238193775,0.837264716,4.491888353,5.123691752,3.893532255,4.473029203,5.266527028,4,1,0,0,0,0,0,0,0,0,0,0,0,0,0,0,0,0,0,0,0,0,0,0,0,0,0,0,0,0,0,0,0,0,0,0,1,0,0,0,0,0,0,0,0,0,0,0,0,0,0,0,0,0,0,0,0,0,0,1
135,Waru,3,3,0,2,36,72,-7.345331,112.7739507,1.956260458,2.391126501,2.607583805,3.199590206,0.442247921,7.156510778,0.353244121,0.975353454,5.677573474,5.580947196,5.399747601,5.658714324,3.932790163,3,1,0,0,0,0,0,0,0,0,0,0,0,0,0,0,0,0,0,0,0,0,0,0,0,0,0,0,0,0,0,0,0,0,0,0,1,0,0,0,0,0,0,0,0,0,0,0,0,0,0,0,0,0,0,0,0,0,0,1
130,Waru,3,3,3,2,60,90,-7.3650809,112.7694171,2.098285148,2.44541864,2.364199917,5.197893281,2.056224345,5.435273013,1.372455264,1.643108629,6.001428413,3.91605561,3.91605561,6.001428413,5.931093238,3,1,0,1,0,0,0,0,0,0,0,1,0,0,0,0,0,0,0,0,0,1,0,0,0,0,0,0,0,0,0,0,0,0,0,0,1,0,0,0,0,0,0,0,0,1,1,0,0,0,0,0,0,0,0,0,0,0,0,0
42.5,Krembung,2,1,0,1,230,135,-7.5153,112.6395,6.274240405,8.665258838,10.06658184,8.371573949,6.199592026,13.33515011,7.618104152,6.540807646,6.893239699,13.28152771,25.88475431,6.893239699,20.47167939,3,1,0,0,0,0,0,0,0,0,0,1,0,0,0,0,0,0,0,0,0,0,0,0,0,0,0,0,0,0,0,0,0,0,0,0,1,0,0,0,0,0,0,0,0,0,0,0,0,0,0,0,0,0,0,0,0,0,0,1
67.4,Waru,2,1,1,32,36,72,-7.35444594,112.8135187,5.297770815,7.7688971,7.985354404,2.473561473,4.903666295,12.53428138,6.6574939,4.866488461,11.05534407,8.134343618,1.549212041,11.03648492,4.900161698,3,1,1,1,1,1,0,1,1,1,1,1,1,1,0,1,1,0,1,0,1,1,0,0,1,1,0,1,1,1,1,0,0,0,0,1,1,1,1,1,1,1,0,1,1,1,1,1,1,1,1,1,1,1,1,0,1,1,0,0
75,Candi,13,3,0,2,162,162,-7.4673674,112.7023641,1.742559299,2.276405157,1.299785296,2.342984867,1.920283628,2.988208825,2.22449385,1.408363513,2.337679631,1.571948555,14.86476131,2.925600605,2.661960394,4,1,0,0,0,0,0,0,0,0,0,0,0,0,0,0,0,0,0,0,0,0,0,0,0,0,0,0,0,0,0,0,0,0,0,0,1,0,0,0,0,0,0,0,0,0,0,0,0,0,0,0,0,0,0,0,0,0,0,1
125,Waru,12,4,0,2,200,137,-7.35119823,112.7299941,2.899297013,1.150907231,2.03982153,0.744663034,2.645816143,1.640342164,0.869380599,0.768668903,0.242368981,1.732898047,5.756491598,0.22350983,81.19501354,4,0,1,1,0,1,0,0,0,1,0,1,0,1,0,0,0,0,0,0,0,0,0,0,0,0,0,0,0,1,0,0,0,0,0,0,1,1,0,0,0,0,0,1,0,0,0,0,0,0,0,0,0,0,0,0,0,0,0,0
42,Tulangan,2,1,1,1,38,72,-7.4812926,112.6468606,6.327984246,6.601769438,5.761219833,8.924023122,6.159100187,9.029788107,6.078539212,3.862833136,1.990336954,9.169755689,21.57939231,1.990336954,16.16631738,4,1,0,1,0,0,0,0,0,0,0,1,0,1,0,0,0,0,0,0,0,1,0,0,0,1,0,0,0,0,0,0,0,0,0,0,1,1,0,1,0,1,0,1,0,1,1,0,0,1,0,0,1,0,0,0,1,0,0,0
120,Waru,2,2,0,1,200,200,-7.3434451,112.7685874,1.377339183,1.996591986,2.17011146,3.59382091,1.441414916,6.581760473,0.384944975,1.627990143,5.10282317,5.914417178,5.793978306,5.083964019,5.10118704,3,1,0,0,0,0,0,0,0,0,0,0,0,0,0,0,0,0,0,0,0,0,0,0,0,0,0,0,0,0,0,0,0,0,0,0,1,0,0,0,0,0,0,0,0,0,0,0,0,0,0,0,0,0,0,0,0,0,0,1
130,Buduran,4,3,0,1,137,137,-7.4285603,112.7084552,3.120266573,1.632491081,1.63366086,2.847193997,1.929084166,2.452671904,2.282243498,22.42143383,5.400897452,5.898928668,10.94166682,4.094801761,24.03506511,3,1,0,1,0,0,0,0,0,0,0,0,0,1,0,0,0,0,0,0,0,0,0,0,0,0,0,0,0,0,0,0,0,0,0,0,1,1,1,0,0,0,0,0,0,0,1,0,0,0,0,0,0,0,0,0,0,0,0,0
32.003,Gedangan,2,1,1,1,56,90,-7.3896762,112.7279598,0.158767307,1.777257755,1.21182274,4.456698371,0.27487645,2.68881455,0.927586993,0.208774423,0.08462473,5.01120921,4.714349383,0.08462473,81.19501354,5,0,0,1,0,0,0,0,1,0,0,1,0,1,0,0,0,0,0,0,0,1,0,0,0,1,0,0,0,0,0,0,0,0,0,0,1,0,0,0,0,1,0,1,0,1,1,0,0,0,0,0,1,0,0,0,1,0,0,0
175,Waru,3,2,0,2,160,180,-7.3452733,112.7792324,2.360406478,3.07064508,3.287102383,2.243231333,0.066255152,7.785805087,0.186663467,1.375284267,6.306867783,5.714115608,4.443388729,6.288008633,2.97643129,3,1,0,0,0,0,0,0,0,0,0,0,0,0,0,0,0,0,0,0,0,0,0,0,0,0,0,0,0,0,0,0,0,0,0,0,1,0,0,0,0,0,0,0,0,0,0,0,0,0,0,0,0,0,0,0,0,0,0,1
170,Tulangan,2,1,0,1,36,72,-7.46041,112.656837,5.186730328,4.470411134,3.629861529,7.851765389,4.161407024,6.898429803,4.587099192,1.731474832,2.918433812,7.61629044,19.448034,3.071008234,18.00079009,3,1,1,0,0,0,0,0,0,0,0,0,0,0,0,0,0,0,0,0,0,0,0,0,0,0,0,0,0,0,0,0,0,0,0,0,1,0,0,0,0,0,0,0,0,0,0,0,0,0,0,0,0,0,0,0,0,0,0,1
144,Waru,4,2,0,2,100,255,-7.3399267,112.7562893,2.597476493,2.50980273,2.680404847,4.610746191,2.552150792,6.533520774,1.977784907,0.687217669,5.14976839,6.626076658,6.357688631,5.130909239,4.310022946,2,1,0,0,0,0,0,0,0,0,0,0,0,0,0,0,0,0,0,0,0,0,0,0,0,0,0,0,0,0,0,1,0,0,0,0,0,0,0,0,0,0,0,0,0,0,1,0,0,0,0,0,0,0,0,0,0,0,0,0
50,Waru,4,1,0,1,90,90,-7.3559,112.75598,0.107599157,0.675929937,0.441197796,3.195144485,0.152924859,4.504551836,1.198331964,2.155439386,3.734166684,5.210474951,3.905364007,3.734166684,1.851824685,3,1,0,0,0,0,0,0,0,0,0,1,0,0,0,0,0,0,0,0,0,0,0,0,0,0,0,0,0,0,0,0,0,0,0,0,1,0,0,0,0,0,0,0,0,1,0,0,0,0,0,0,0,0,0,0,0,0,0,0
42.5,Wonoayu,2,1,1,1,36,72,-7.4219617,112.6468617,1.171660351,0.669982626,5.610202999,8.307079912,4.180749174,7.343926426,7.314330639,4.640902274,6.459214099,8.492731271,17.15463428,6.459214099,25.84478376,3,1,0,1,0,0,0,0,0,0,0,1,0,0,0,0,0,0,0,0,0,1,0,0,0,1,0,0,0,0,0,0,0,0,0,0,0,1,0,0,0,1,0,0,0,1,0,0,0,0,0,0,0,0,0,0,0,0,0,0
80,Sidoarjo,3,1,0,1,170,140,-7.4490842,112.6824377,1.347327059,0.631007866,0.78614283,3.77147722,1.347327059,2.808323734,2.631634613,2.629095272,4.913653215,5.528613568,15.60863074,4.813430536,17.98022328,3,1,0,0,0,0,0,0,0,0,0,1,0,0,0,0,0,0,0,0,0,0,0,0,0,0,0,0,0,0,0,0,0,0,0,0,1,0,0,0,0,0,0,0,0,0,0,0,0,0,0,0,0,0,0,0,0,0,0,1
68.7,Waru,2,1,1,1,45,91,-7.3503078,112.7674661,1.10438002,1.229006217,1.445463521,3.972977345,0.373224262,5.970825657,4.238193775,0.837264716,4.491888353,5.123691752,3.893532255,4.473029203,5.266527028,4,1,1,1,0,0,0,0,0,0,0,1,0,1,0,0,0,0,0,0,0,1,0,0,0,1,0,0,0,0,0,0,0,0,0,0,1,0,0,0,0,1,0,1,0,1,1,0,0,0,0,0,1,0,0,0,1,0,0,0
160,Waru,4,3,0,1,180,180,-7.3450604,112.7493551,1.973121751,1.104049452,2.249853454,2.348836581,1.92779605,4.271611164,1.7761092,2.861977494,2.88785878,4.364167047,5.566344343,2.868999629,81.19501354,3,0,0,0,0,0,0,0,0,0,0,0,0,0,0,0,0,0,0,0,0,0,0,0,0,0,0,0,0,0,0,0,0,0,0,0,1,0,0,0,0,0,0,0,0,0,0,0,0,0,0,0,0,0,0,0,0,0,0,1
40,Jabon,2,1,0,1,528,528,-7.5411,112.7309,8.816549207,8.537327982,11.27775911,4.412330286,4.338938784,13.3548178,4.852639587,4.788846933,4.392816793,11.48173925,23.36483344,4.44695813,81.19501354,2,0,0,0,0,0,0,0,0,0,0,1,0,0,0,0,0,0,0,0,0,0,0,0,0,0,0,0,0,0,0,0,0,0,0,0,1,0,0,0,0,0,0,0,0,1,0,0,0,0,0,0,0,0,0,0,1,0,1,0
47.5,Candi,2,1,0,1,35,35,-7.4582129,112.6904798,2.473496643,1.73202673,1.987972775,3.191413274,0.584292001,2.554616931,0.936008758,0.651759482,3.400314038,3.57384747,15.81632227,3.743980632,16.15821716,3,1,0,0,0,0,0,0,0,0,0,0,0,0,0,0,0,0,0,0,0,0,0,0,0,0,0,0,0,0,0,0,0,0,0,0,1,0,0,0,0,0,0,0,0,0,0,0,0,0,0,0,0,0,0,0,0,0,0,1
16.5,Sidoarjo,2,1,1,1,36,90,-7.43309838,112.668657,1.776279121,2.926467236,2.744862301,5.341064437,2.43013549,4.377910951,5.210637232,23.06678384,5.395909403,8.238875379,15.41076868,5.548483825,24.74829128,3,1,0,0,0,0,0,0,0,0,0,0,0,0,0,0,0,0,0,0,0,0,0,0,0,0,0,0,0,0,0,0,0,0,0,0,1,0,0,0,0,0,0,0,0,0,0,0,0,0,0,0,0,0,0,0,0,0,0,1
45.6,Sukodono,2,1,0,1,36,72,-7.4199765,112.6839275,1.229685772,0.939739659,0.555645755,5.866600209,1.793692953,4.903446724,2.95538606,8.575029452,8.03683041,8.810303158,12.22659119,6.99396344,23.23432654,3,1,0,1,0,0,0,0,0,0,0,0,0,0,0,0,0,0,0,0,0,1,0,0,0,0,0,0,0,0,0,0,0,0,0,0,1,0,0,0,0,0,0,0,0,1,1,0,0,0,0,0,0,0,0,0,0,0,0,0
25,Tulangan,3,1,0,1,100,136,-7.4726134,112.6675398,3.788485157,4.410160492,3.569610887,7.48807905,3.967491241,6.838179161,3.886930266,1.67122419,3.414253244,6.978146743,19.38778336,3.441593893,14.73138427,2,1,0,0,0,0,0,0,0,0,0,0,0,0,0,0,0,0,0,0,0,0,0,0,0,0,0,0,0,0,0,0,0,0,0,0,1,0,0,0,0,0,0,0,0,0,0,0,0,0,0,0,0,0,0,0,0,0,0,1
65,Taman,2,1,0,1,110,120,-7.3758656,112.6435652,2.17718511,6.242463161,6.393359957,6.457340058,5.306928159,9.687721964,8.065235653,2.253344009,4.219875341,9.113363054,15.1740871,4.219875341,81.19501354,2,0,0,0,0,0,0,0,0,0,0,1,0,1,0,0,0,0,0,0,0,0,0,0,0,0,0,0,0,0,0,0,0,0,0,1,1,0,0,0,0,0,0,0,0,0,0,0,0,0,0,0,0,0,0,0,1,0,0,0
57.5,Taman,3,1,0,1,75,75,-7.3654212,112.7087058,0.789791937,1.498958733,3.275036634,4.218561115,1.010522221,2.984044828,2.505087274,1.085966104,3.915714661,2.490565508,6.847871728,3.61372125,23.08276336,3,1,0,1,0,0,0,0,0,0,0,1,0,0,0,0,0,0,0,0,0,0,0,0,0,0,0,0,0,0,0,0,0,0,0,0,0,0,0,0,0,0,0,0,0,0,0,0,0,0,0,0,0,0,0,0,0,0,0,1
47.982,Taman,2,1,1,1,55,90,-7.340531,112.7077638,5.039305164,1.793968553,1.388814958,2.737127132,1.397520668,4.059999573,6.423217751,2.81503192,1.531673722,3.223142507,9.867280458,1.36647208,81.19501354,3,0,0,0,0,0,0,0,0,0,1,0,0,0,0,0,0,0,0,0,0,0,0,0,0,0,0,0,0,0,0,0,0,0,0,0,1,0,0,0,0,1,0,0,0,0,1,0,0,0,0,0,0,0,0,0,1,0,0,0
190,Balongbendo,3,2,0,1,414,416,-7.4217,112.5322,13.81773375,5.633311884,6.851203125,20.82565765,7.105650917,21.49493989,19.87357832,1.787440015,3.87899293,6.643186608,29.54240469,3.874138192,34.85677348,3,1,0,0,0,0,0,0,0,0,0,0,0,0,0,0,0,0,0,0,0,0,0,0,0,0,0,0,0,0,0,0,0,0,0,0,1,0,0,0,0,0,0,0,0,0,0,0,0,0,0,0,0,0,0,0,0,0,0,1
60,Waru,2,1,1,1,37,72,-7.3503078,112.7674661,1.10438002,1.229006217,1.445463521,3.972977345,0.373224262,5.970825657,4.238193775,0.837264716,4.491888353,5.123691752,3.893532255,4.473029203,5.266527028,4,1,0,0,0,0,0,0,0,0,0,0,0,0,0,0,0,0,0,0,0,0,0,0,0,0,0,0,0,0,0,0,0,0,0,0,1,0,0,0,0,0,0,0,0,0,0,1,1,0,0,0,1,0,0,0,0,0,0,0
45,Sedati,2,1,0,1,36,75,-7.4057354,112.7613933,2.506541114,5.029552199,1.235679044,4.461970855,2.912570849,7.408849671,4.701728815,2.92938413,5.511152093,4.563461083,3.793785723,5.511152093,12.05873884,3,1,0,1,0,0,0,0,0,0,0,0,0,0,0,0,0,0,0,0,0,1,0,0,0,0,0,0,0,0,0,0,0,0,0,0,1,0,0,0,0,0,0,0,0,1,0,0,0,0,0,0,0,0,0,0,0,0,0,0
45,Buduran,2,1,1,1,85,91,-7.425129,112.7230909,1.91030037,1.39795371,1.106105101,1.052676295,2.292918065,2.740648466,2.107458689,1.941617939,5.114345548,5.494515392,8.711963207,4.531137012,22.15665081,3,1,0,1,0,0,0,0,0,0,0,1,0,1,0,1,0,0,0,0,0,1,0,0,0,1,0,0,0,0,0,0,0,0,0,0,1,0,1,0,0,1,0,1,0,1,1,0,0,0,0,0,1,0,0,0,1,0,0,0
75,Buduran,3,2,2,2,36,90,-7.425129,112.7230909,1.91030037,1.39795371,1.106105101,1.052676295,2.292918065,2.740648466,2.107458689,1.941617939,5.114345548,5.494515392,8.711963207,4.531137012,22.15665081,3,1,0,0,0,0,0,0,0,1,1,1,0,1,0,0,0,0,0,0,0,1,0,0,0,0,0,0,0,0,0,0,0,0,0,0,0,0,1,0,0,1,0,1,0,0,0,0,0,0,0,0,1,0,0,0,1,0,0,0
74.6,Taman,2,1,0,1,110,135,-7.363992,112.7091624,0.995417906,1.704584702,3.480662604,4.424187085,1.216148191,2.73572919,2.710713244,1.291592074,4.121340631,2.696191477,7.053497698,3.81934722,23.28838933,3,1,0,0,0,0,0,0,0,0,0,0,0,0,0,0,0,0,0,0,0,0,0,0,0,0,0,0,0,0,0,1,0,0,0,0,0,0,0,0,0,0,0,0,0,0,1,0,0,0,0,0,0,0,0,0,0,0,0,0
29.25,Wonoayu,2,1,0,1,70,105,-7.446138,112.6514882,3.785473978,3.578061409,2.194564528,7.52916114,4.678234921,6.566007654,4.944646087,3.466680612,2.316424651,7.973837334,18.28095985,2.316424651,19.3192694,4,1,0,1,0,0,0,0,0,0,0,0,0,0,0,0,0,0,0,0,0,0,0,0,0,0,0,0,0,0,0,0,0,0,0,0,1,0,0,0,0,0,0,0,0,0,1,0,0,0,0,0,0,0,0,0,1,0,0,0
50,Sukodono,2,1,0,1,180,180,-7.3944661,112.6920199,1.214518976,2.691816861,4.365612693,7.582420238,2.502729568,7.018745403,2.536256906,2.205394795,5.473097525,7.197599712,10.10282218,5.473097525,19.77394186,3,1,0,0,0,0,0,0,0,0,0,0,0,0,0,0,0,0,0,0,0,0,0,0,0,0,0,0,0,0,0,0,0,0,0,0,1,0,0,0,0,0,0,0,0,0,0,0,0,0,0,0,0,0,0,0,0,0,0,1
25,Buduran,2,0,1,1,163,163,-7.425129,112.7230909,1.91030037,1.39795371,1.106105101,1.052676295,2.292918065,2.740648466,2.107458689,1.941617939,5.114345548,5.494515392,8.711963207,4.531137012,22.15665081,3,1,0,0,0,0,0,0,0,0,0,0,0,0,0,0,0,0,0,0,0,0,0,0,0,0,0,0,0,0,0,0,0,0,0,0,1,0,0,0,0,0,0,0,0,0,0,0,0,0,0,0,0,0,0,0,0,0,0,1
40.95,Sedati,2,1,1,1,40,90,-7.3717382,112.7637336,1.055519877,2.530923798,2.379729331,5.851397801,0.925778456,4.842332909,1.457960423,0.343812911,5.271921531,2.616759892,1.74408927,5.39617651,7.514619113,3,1,0,1,0,0,0,0,0,0,0,0,0,1,0,0,0,0,1,0,0,0,0,0,0,1,0,0,1,1,0,0,0,0,0,1,1,1,1,0,0,0,0,0,0,1,1,1,1,0,0,0,0,1,1,0,0,1,0,0
129,Waru,3,3,0,2,104,104,-7.363398,112.7426543,3.166799048,1.821359249,2.280225869,2.709358969,2.962648371,2.404499568,2.126401826,1.385387522,3.238151406,4.714459673,4.326955295,3.238151406,81.19501354,3,0,0,0,0,0,0,0,0,0,0,0,0,0,0,0,0,0,0,0,0,0,0,0,0,0,0,0,0,0,0,1,0,0,0,0,0,0,0,0,0,0,0,0,0,0,1,0,0,0,0,0,0,0,0,0,0,0,0,0
103,Tulangan,3,2,0,1,100,112,-7.4726134,112.6675398,3.788485157,4.410160492,3.569610887,7.48807905,3.967491241,6.838179161,3.886930266,1.67122419,3.414253244,6.978146743,19.38778336,3.441593893,14.73138427,2,1,0,0,0,0,0,0,0,0,0,0,0,0,0,0,0,0,0,0,0,0,0,0,0,0,0,0,0,0,0,0,0,0,0,0,1,0,0,0,0,0,0,0,0,0,0,0,0,0,0,0,0,0,0,0,0,0,0,1
75,Waru,3,2,2,2,100,202,-7.3588392,112.7583752,0.705553645,0.679717036,0.443849056,3.793098972,0.750879346,4.501491454,0.670132861,2.447943576,4.332121171,4.573032165,3.342872668,4.332121171,5.702783243,3,1,0,1,0,0,0,0,0,0,0,0,0,1,0,1,0,0,0,0,0,1,0,0,0,0,0,0,0,0,0,0,0,0,0,0,1,0,0,0,0,0,0,0,0,1,1,0,0,0,0,0,0,0,0,0,1,0,0,0
196,Candi,3,3,3,2,60,90,-7.4622498,112.6958457,3.261169406,3.210982783,2.260083247,3.340574432,1.375491319,4.033572984,1.717050309,0.900919972,3.531115127,3.090558662,15.96548343,3.885898556,15.93557965,3,1,0,1,0,1,0,0,1,0,0,0,0,1,0,0,0,0,0,0,0,0,0,0,0,0,0,0,0,0,0,0,0,0,0,1,1,1,0,0,0,0,0,1,0,0,1,1,0,0,0,0,0,0,0,0,0,0,0,0
87.5,Sidoarjo,2,1,2,2,70,105,-7.4527332,112.7376059,2.674697792,0.160702626,2.659147978,2.836140966,3.075362641,3.604395248,1.095319451,1.359833855,4.320106951,4.435451684,11.45321316,4.377132588,5.400962062,3,1,0,1,0,0,0,0,0,0,1,1,0,1,0,0,0,0,0,0,0,1,0,0,0,0,0,0,1,1,0,0,0,0,0,1,1,1,0,0,0,0,0,0,0,1,1,0,0,1,0,0,0,0,0,0,1,0,0,0
34,Prambon,2,1,0,1,250,250,-7.48513,112.5915,0.943393508,10.88530986,9.812880464,16.16161072,9.702200644,16.51876905,13.56752015,10.81901934,9.162314023,10.47294723,28.51279103,9.479317893,23.65529832,4,1,0,0,0,0,0,0,0,0,0,0,0,0,0,0,0,0,0,0,0,0,0,0,0,0,0,0,0,0,0,0,0,0,0,0,1,0,0,0,0,0,0,0,0,0,0,0,0,0,0,0,0,0,0,0,0,0,0,1
79.9,Candi,3,2,0,2,70,105,-7.4869445,112.6970147,0.481944784,3.668185782,5.60039661,2.750440132,5.013499874,6.562246301,4.932938899,1.913332993,4.292248943,4.689167749,18.43879878,4.205736322,14.262337,3,1,0,0,0,1,0,0,0,0,0,0,0,0,0,1,0,0,0,0,0,1,0,0,0,0,0,0,0,0,0,0,0,0,0,0,1,0,1,0,0,1,0,1,1,0,1,1,1,0,0,0,1,0,0,0,1,0,0,0
49,Gedangan,2,1,0,1,95,90,-7.3917721,112.7306701,0.811598983,1.229690775,1.376210914,4.585753045,1.403435301,3.8173734,0.570550072,1.337333273,1.050606099,6.139768061,4.818852244,1.050606099,81.19501354,3,0,0,0,0,0,0,0,0,0,0,0,0,0,0,0,0,0,0,0,0,0,0,0,0,0,0,0,0,0,0,0,0,0,0,0,1,0,0,0,0,0,0,0,0,0,0,0,0,0,0,0,0,0,0,0,0,0,0,1
115,Waru,3,2,2,2,10,150,-7.3517813,112.7846068,3.655698466,4.153966852,4.333047014,2.145324082,1.337944385,8.962938975,1.481955455,0.333828139,7.489622164,5.530774531,4.345481477,7.470763013,1.145830679,2,1,0,1,1,1,0,1,0,1,1,1,1,1,0,1,0,0,1,0,0,1,0,0,0,0,0,1,1,1,1,0,0,0,0,0,1,1,1,0,0,1,0,1,0,1,1,0,1,1,0,0,1,0,0,0,1,0,0,0
87,Krembung,2,1,0,1,228,228,-7.5268,112.6637,7.897964305,5.746944314,11.59598382,5.080471132,2.908489209,13.86411006,4.327001334,3.249704829,5.271918747,11.80931862,25.55894965,5.224403821,21.66326364,3,1,0,0,0,0,0,0,0,0,0,0,0,0,1,0,0,0,0,0,0,0,0,0,0,0,0,0,0,0,0,0,0,0,0,0,1,0,0,0,0,0,0,0,0,1,0,0,0,0,0,0,0,0,0,0,1,0,1,0
78,Taman,2,2,1,1,84,84,-7.3591519,112.709069,2.960690088,2.523575528,2.326789821,4.010384649,3.716588974,2.5526383,3.481320482,2.508766559,2.967467848,1.876432411,7.532586084,2.665474437,25.54368308,3,1,0,0,0,0,0,0,0,0,0,0,0,0,0,0,0,0,1,0,0,1,0,0,0,0,0,0,0,0,0,0,0,0,0,0,1,0,1,0,0,0,0,1,0,1,0,0,0,0,0,0,1,0,0,0,0,0,0,0
80,Tulangan,3,2,0,1,90,105,-7.454684,112.649794,4.885899209,5.228272413,2.922773376,8.629586371,5.30701753,7.666432885,5.732709698,3.061737362,1.911481401,8.761900945,19.38138509,1.911481401,18.91432615,3,1,0,0,0,0,0,0,0,0,0,0,0,0,0,0,0,0,0,0,0,0,0,0,0,0,0,0,0,0,0,0,0,0,0,0,1,0,0,0,0,0,0,0,0,0,0,0,0,0,0,0,0,0,0,0,0,0,0,1
95,Waru,3,1,0,2,135,135,-7.34506052,112.7493553,1.973121751,1.104049452,2.249853454,2.348836581,1.92779605,4.271611164,1.7761092,2.861977494,2.88785878,4.364167047,5.566344343,2.868999629,81.19501354,3,0,1,1,0,0,0,0,0,0,0,0,0,0,0,0,0,0,0,0,0,0,0,0,0,0,0,0,0,0,0,0,0,0,0,1,1,0,1,0,0,0,0,0,0,0,1,0,0,0,0,0,0,0,0,0,0,0,0,0
49.478,Krembung,2,1,0,1,202,120,-7.5268,112.6637,7.897964305,5.746944314,11.59598382,5.080471132,2.908489209,13.86411006,4.327001334,3.249704829,5.271918747,11.80931862,25.55894965,5.224403821,21.66326364,3,1,0,0,0,0,0,0,0,0,0,1,0,0,0,0,0,1,0,0,0,0,0,0,0,0,0,0,0,0,0,0,0,0,0,0,1,0,0,0,0,0,0,0,0,1,0,0,0,0,0,0,0,0,0,0,1,0,0,0
39,Sedati,2,1,0,1,36,72,-7.4057354,112.7613933,2.506541114,5.029552199,1.235679044,4.461970855,2.912570849,7.408849671,4.701728815,2.92938413,5.511152093,4.563461083,3.793785723,5.511152093,12.05873884,3,1,0,1,0,0,0,0,0,0,1,0,0,1,0,0,0,0,0,0,0,1,0,0,0,0,0,0,0,0,0,0,0,0,0,0,1,1,0,0,0,0,0,0,0,1,1,0,0,0,0,0,0,0,0,0,1,0,0,0
32.01,Prambon,2,1,1,1,38,72,-7.4457506,112.5707595,7.512014843,4.41347128,4.167224303,17.94663175,4.087033105,16.98347827,15.3621167,4.647398506,2.683336435,4.552517386,27.50818548,2.34518898,32.82255427,2,1,1,1,0,0,0,0,0,0,0,1,0,1,0,0,0,0,0,0,0,1,0,0,0,1,0,0,0,0,0,0,0,0,0,0,1,1,0,1,0,1,0,1,0,1,1,0,0,1,0,0,1,0,0,0,1,0,0,0
80,Buduran,3,2,2,2,60,90,-7.41274316,112.7539302,1.841956955,5.352535493,2.952832209,4.891324535,3.967094253,7.383203889,4.610354723,1.487638381,5.531928824,6.280614247,5.510938887,5.531928824,23.60634108,3,1,0,1,0,0,0,0,0,0,0,1,0,0,0,0,0,0,0,0,0,1,0,0,0,0,0,0,0,0,0,0,0,0,0,0,1,0,0,0,0,1,0,1,0,0,0,0,0,0,0,0,0,0,0,0,1,0,0,0
30,Wonoayu,2,1,1,1,200,200,-7.4083339,112.6183751,2.813515088,2.833335976,4.840133952,12.19692153,5.174213141,11.15487832,10.12531048,3.531822631,2.926310706,4.681779374,19.96561412,5.092648141,26.22803736,3,1,0,0,0,0,0,0,0,0,0,0,0,0,0,0,0,0,0,0,0,0,0,0,0,0,0,0,0,0,0,0,0,0,0,0,1,0,0,0,0,0,0,0,0,0,0,0,0,0,0,0,0,0,0,0,0,0,0,1
195,Waru,3,2,0,1,36,72,-7.3458761,112.7748086,2.122049097,2.444135463,2.660592766,3.028784601,0.34361183,7.209519739,0.435806795,0.74877465,5.730582436,5.354368393,5.228941997,5.711723285,3.761984558,3,1,0,0,0,0,0,0,0,0,0,0,0,0,0,0,0,0,0,0,0,0,0,0,0,0,0,0,0,0,0,0,0,0,0,0,1,0,0,0,0,0,0,0,0,0,0,0,0,0,0,0,0,0,0,0,0,0,0,1
140,Waru,3,3,0,1,160,165,-7.3503078,112.7674661,1.10438002,1.229006217,1.445463521,3.972977345,0.373224262,5.970825657,4.238193775,0.837264716,4.491888353,5.123691752,3.893532255,4.473029203,5.266527028,4,1,0,0,0,0,0,0,0,0,0,0,0,0,0,0,0,0,0,0,0,0,0,0,0,0,0,0,0,0,0,0,0,0,0,0,1,0,0,0,0,0,0,0,0,0,0,0,0,0,0,0,0,0,0,0,0,0,0,1
105,Buduran,3,2,0,1,33,68,-7.44478681,112.7025142,1.444246078,0.739274084,0.848838283,1.186522063,0.805913705,2.002529617,0.829585222,2.787007033,3.356752263,4.357025864,12.87362312,2.313885294,0.792812864,2,1,0,1,0,0,0,0,0,0,1,0,0,1,0,0,0,0,0,0,0,0,0,0,0,0,0,0,0,0,0,0,0,0,0,0,1,0,0,0,0,0,0,0,0,0,1,0,1,0,0,0,0,0,0,0,1,0,0,0
90,Sukodono,3,2,2,2,36,72,-7.3801702,112.6900453,2.866724262,4.344022147,4.245473671,4.547175522,2.449309164,5.818714062,0.938623604,1.646324731,4.886544812,5.665879666,9.682540961,4.716637109,22.16177891,3,1,1,0,0,1,0,1,1,1,0,1,0,0,0,1,0,0,0,0,0,1,0,0,0,0,0,1,0,0,0,0,0,0,0,0,1,0,0,1,0,0,0,1,1,1,0,1,1,1,0,0,1,0,0,0,1,1,0,0
25,Wonoayu,2,1,1,1,72,72,-7.446138,112.6514882,3.785473978,3.578061409,2.194564528,7.52916114,4.678234921,6.566007654,4.944646087,3.466680612,2.316424651,7.973837334,18.28095985,2.316424651,19.3192694,4,1,0,1,0,0,0,0,0,0,0,1,0,0,0,0,0,0,0,0,0,0,0,0,0,0,0,0,0,0,0,0,0,0,0,0,1,0,0,0,0,0,0,0,0,0,0,0,0,0,0,0,0,0,0,0,0,0,0,1
129,Gedangan,3,3,0,2,117,72,-7.3885665,112.7323259,0.293057018,1.308594815,0.5520178,5.005422535,0.884893335,3.298831435,0.996987213,0.818791308,0.532064133,5.621226095,4.300310279,1.125763389,81.19501354,3,0,0,0,0,0,0,0,0,0,0,0,0,0,0,0,0,0,0,0,0,0,0,0,0,0,0,0,0,0,0,1,0,0,0,0,0,0,0,0,0,0,0,0,0,0,1,0,0,0,0,0,0,0,0,0,0,0,0,0
51.5,Wonoayu,2,1,0,1,295,295,-7.43367054,112.5930468,8.317619147,3.67739481,2.243034814,14.36088611,2.132354994,13.39773263,11.77637106,3.249173695,3.33031371,2.903101581,24.91865193,3.150448534,31.42432946,3,1,0,1,0,0,0,0,1,0,0,1,0,0,1,0,0,0,0,0,0,1,0,0,0,1,1,0,0,0,0,1,0,0,0,0,0,0,0,0,0,0,0,1,1,1,1,0,0,0,0,0,1,0,0,0,1,0,1,0
38,Krian,2,1,1,1,180,180,-7.40299,112.5873906,5.680902608,1.908363811,1.678408623,13.40987172,1.932856415,14.67713014,13.78695269,0.734168206,1.111573591,1.159527555,22.12661877,1.066151869,27.44098755,4,1,0,0,0,0,0,0,0,0,0,0,0,0,0,0,0,0,0,0,0,0,0,0,0,0,0,0,0,0,0,0,0,0,0,0,1,0,0,0,0,0,0,0,0,0,0,0,0,0,0,0,0,0,0,0,0,0,0,1
55.2,Prambon,2,1,1,1,56,90,-7.4457506,112.5707595,7.512014843,4.41347128,4.167224303,17.94663175,4.087033105,16.98347827,15.3621167,4.647398506,2.683336435,4.552517386,27.50818548,2.34518898,32.82255427,2,1,1,1,0,0,0,0,1,0,0,1,0,1,0,0,0,0,0,0,0,1,0,0,0,0,0,0,0,0,0,0,0,0,0,0,1,0,0,0,0,1,0,1,1,1,1,0,0,0,0,0,1,0,0,0,1,0,0,0
65,Sidoarjo,2,1,1,1,34,60,-7.412324,112.5378369,14.10777388,4.521358592,5.739249833,19.67989096,5.993697625,20.98096278,19.67509937,0.176468657,4.24756786,5.531233316,28.39663801,4.535996651,33.7110068,5,1,0,1,0,0,0,0,1,0,0,1,0,1,0,0,0,0,0,0,0,1,0,0,0,0,0,0,0,0,0,1,0,0,0,0,0,0,0,0,0,1,0,1,1,1,1,0,0,0,0,0,1,0,0,0,1,0,0,0
192,Gedangan,0,1,0,1,138,90,-7.3787248,112.7160377,2.009647475,3.696261636,3.899356173,6.742995128,2.007332454,3.801477265,3.779568114,2.354204691,2.723350283,4.854938334,6.651141048,2.575503755,22.59969491,2,1,0,1,0,0,0,0,0,0,0,0,0,0,0,0,0,0,0,0,0,0,0,0,0,0,0,0,0,0,0,0,0,0,0,0,0,0,0,0,0,0,0,0,0,0,0,0,0,0,0,0,0,0,0,0,0,0,0,1
97,Waru,3,2,0,2,36,72,-7.3517813,112.7846068,3.655698466,4.153966852,4.333047014,2.145324082,1.337944385,8.962938975,1.481955455,0.333828139,7.489622164,5.530774531,4.345481477,7.470763013,1.145830679,2,1,1,0,0,0,0,0,0,0,0,0,0,0,0,0,0,0,0,0,0,0,0,0,0,0,0,0,0,0,0,1,0,0,0,0,0,0,0,0,0,0,0,0,0,0,1,0,0,0,0,0,0,0,0,0,0,0,0,0
35,Sukodono,2,1,1,1,180,150,-7.3914287,112.6988252,0.544382914,2.336779426,5.736192914,6.735769305,2.73238693,6.101791828,2.18121947,1.850357359,5.118060089,6.280646136,9.747784742,5.118060089,20.40781216,3,1,0,0,0,0,0,0,0,0,0,0,0,0,0,0,0,0,0,0,0,0,0,0,0,0,0,0,0,0,0,0,0,0,0,0,1,0,0,0,0,0,0,0,0,0,0,0,0,0,0,0,0,0,0,0,0,0,0,1
72.5,Sukodono,3,2,2,2,70,94,-7.394061,112.6738809,0.841154993,2.876635709,3.908649488,5.892745572,0.28135024,8.302342463,3.92263492,1.354024066,6.782730801,8.26127735,11.8866952,6.612823097,19.89886834,4,1,0,1,0,1,0,0,0,0,0,1,0,1,0,0,0,0,0,0,0,1,0,0,0,0,0,0,0,0,0,0,0,0,0,0,1,1,1,0,0,0,0,0,0,0,1,0,0,0,0,0,0,0,0,0,0,0,0,0
47.5,Candi,3,2,2,2,110,98,-7.4582505,112.6780867,2.520991612,1.804672419,1.960944447,4.941582566,1.23668338,4.232691087,1.662375548,1.53744406,4.759203597,4.691566796,16.78229529,4.911778019,16.95192761,3,1,0,1,0,0,0,0,0,0,0,1,0,0,0,1,0,0,1,0,0,0,0,0,0,0,0,0,0,0,0,0,0,0,0,0,1,0,1,0,0,0,0,0,0,0,0,0,0,0,0,0,0,0,0,0,0,0,0,1
59,Sidoarjo,2,2,2,2,85,72,-7.4245342,112.6815738,1.167869368,1.481177292,0.216802877,5.175205872,1.834331317,4.212052386,3.118227232,22.15770695,7.345436072,8.073016814,12.95853087,6.302569103,23.83921439,3,1,0,0,0,0,0,0,0,0,0,0,0,0,0,0,0,0,0,0,0,0,0,0,0,0,0,0,0,0,0,0,0,0,0,0,1,0,0,0,0,0,0,0,0,0,0,0,0,0,0,0,0,0,0,0,0,0,0,1
47.5,Taman,2,1,1,1,50,80,-7.37466,112.63835,1.009279292,5.780982939,8.567830392,8.631810493,6.429497225,11.8621924,9.845425969,1.639763075,2.792601143,7.686088855,17.34855754,2.792601143,81.19501354,3,0,1,1,0,0,0,0,0,0,0,1,0,1,0,0,0,0,0,0,0,0,0,0,0,1,0,0,0,0,0,0,0,0,0,0,1,0,0,0,0,1,0,0,0,1,1,0,0,0,0,0,1,0,0,0,1,0,0,0
69.8,Krembung,2,1,0,1,228,228,-7.5268,112.6637,7.897964305,5.746944314,11.59598382,5.080471132,2.908489209,13.86411006,4.327001334,3.249704829,5.271918747,11.80931862,25.55894965,5.224403821,21.66326364,3,1,0,0,0,0,0,0,0,0,0,0,0,0,1,0,0,0,0,0,0,0,0,0,0,0,0,0,0,0,0,0,0,0,0,0,1,0,0,0,0,0,0,0,0,1,0,0,0,0,0,0,0,0,0,0,1,0,1,0
56.2,Taman,2,1,1,1,44,90,-7.340531,112.7077638,5.039305164,1.793968553,1.388814958,2.737127132,1.397520668,4.059999573,6.423217751,2.81503192,1.531673722,3.223142507,9.867280458,1.36647208,81.19501354,3,0,1,1,0,0,0,0,0,0,0,1,0,1,0,1,0,0,1,0,0,1,0,0,0,1,0,0,0,0,0,0,0,0,0,1,1,0,1,1,0,1,0,1,1,1,1,0,0,0,0,0,1,0,0,0,1,0,0,0
75,Taman,2,1,1,1,84,135,-7.3599061,112.7089609,3.02155816,2.5844436,2.387657893,4.07125272,3.777457046,2.613506372,3.542188554,2.569634631,3.02833592,1.937300483,7.593454156,2.726342509,25.60455115,3,1,1,1,0,0,0,1,0,0,0,1,0,0,0,0,0,0,0,0,0,1,0,0,0,0,0,0,0,0,0,1,0,0,0,1,0,1,0,0,0,1,0,0,0,0,1,0,0,0,0,0,0,0,0,0,0,0,0,0
72.5,Gedangan,2,2,2,2,42,90,-7.371733,112.728444,1.29517701,1.719573804,1.204016127,3.448103446,1.194770087,0.636621284,0.866532805,0.948183389,2.989524088,2.959015945,4.334588057,2.84167756,81.19501354,5,0,1,1,0,0,0,0,1,0,0,1,0,1,0,0,0,0,0,0,0,1,0,0,0,1,0,0,0,0,0,0,0,0,0,0,1,0,0,0,0,1,0,1,1,1,1,0,0,0,0,0,1,0,0,0,1,0,0,0
55,Buduran,2,1,0,1,180,90,-7.436595,112.694927,2.305282635,1.091080798,3.925477366,3.50384699,4.093047567,2.540693504,3.146910149,25.70403532,5.67407719,6.67435079,15.58889553,4.631210221,27.31766661,2,1,0,0,0,0,0,0,0,0,0,0,0,0,0,0,0,0,0,0,0,0,0,0,0,0,0,0,0,0,0,0,0,0,0,0,1,0,0,0,0,0,0,0,0,0,0,0,0,0,0,0,0,0,0,0,0,0,0,1
90,Wonoayu,3,2,0,1,285,175,-7.446138,112.6514882,3.785473978,3.578061409,2.194564528,7.52916114,4.678234921,6.566007654,4.944646087,3.466680612,2.316424651,7.973837334,18.28095985,2.316424651,19.3192694,4,1,0,0,0,0,0,0,0,0,0,0,0,0,0,0,0,0,0,0,0,0,0,0,0,0,0,0,0,0,0,0,0,0,0,0,1,0,0,0,0,0,0,0,0,0,0,0,0,0,0,0,0,0,0,0,0,0,0,1
55,Taman,3,1,1,1,200,165,-7.3782579,112.7083503,1.848865457,2.600639194,4.279994266,5.454273438,0.273037526,3.346093107,2.062389902,0.30680065,3.577739425,3.759315892,7.209920007,3.448345432,21.74025157,3,1,0,0,0,0,0,0,0,0,0,0,0,0,0,0,0,0,0,0,0,0,0,0,0,0,0,0,0,0,0,0,0,0,0,0,1,0,0,0,0,0,0,0,0,0,0,0,0,0,0,0,0,0,0,0,0,0,0,1
38.5,Wonoayu,2,1,1,1,34,10,-7.43716,112.62222,5.286116211,5.405134203,5.784942801,10.82911688,5.527251475,9.865963395,8.244601828,6.644070176,5.362372097,6.297998062,21.3868827,5.362372097,29.86655689,5,1,0,1,0,0,0,0,0,0,0,0,0,1,0,1,0,0,0,0,0,1,0,0,0,0,0,0,0,0,0,0,0,0,0,0,1,0,0,0,0,1,0,0,0,1,1,0,0,0,0,0,1,0,0,0,1,0,0,0
37,Taman,2,1,0,1,130,75,-7.3589157,112.6810879,3.958887031,1.892287961,1.726992546,1.860381441,1.630770297,5.065770285,3.456460256,1.234408478,2.75036667,4.228913219,10.55213542,2.580458966,81.19501354,5,0,0,0,0,0,0,0,0,0,0,0,0,0,0,0,0,0,0,0,0,0,0,0,0,0,0,0,0,0,0,0,0,0,0,0,1,0,0,0,0,0,0,0,0,0,0,0,0,0,0,0,0,0,0,0,0,0,0,1
60,Sedati,2,0,1,1,162,162,-7.36682009,112.786307,3.415882371,3.675993875,3.756965873,5.0671331,2.883583248,7.670686098,3.404673212,2.474458236,7.510868877,2.675625425,2.555909224,7.510868877,4.59004103,3,1,0,0,0,0,0,0,0,0,0,0,0,0,0,0,0,0,0,0,0,0,0,0,0,0,0,0,0,0,0,0,0,0,0,0,1,0,0,0,0,0,0,0,0,0,0,0,0,0,0,0,0,0,0,0,0,0,0,1
60.1,Krian,2,1,0,1,36,90,-7.40299,112.5873906,5.680902608,1.908363811,1.678408623,13.40987172,1.932856415,14.67713014,13.78695269,0.734168206,1.111573591,1.159527555,22.12661877,1.066151869,27.44098755,4,1,0,0,0,0,0,0,0,0,0,1,0,0,0,0,0,0,0,0,0,0,0,0,0,0,0,0,0,0,0,0,0,0,0,0,0,1,0,0,0,0,0,0,0,0,1,0,0,0,0,0,0,0,0,0,1,0,0,0
110,Sedati,3,2,0,2,99,99,-7.3756205,112.7575683,0.718346209,3.136248352,4.162110205,5.479471909,1.081442893,4.86398908,2.177970483,0.510957903,4.356460532,2.768890209,0.828628272,4.480715511,8.159314559,4,1,1,1,0,1,1,1,0,0,0,0,0,0,0,0,1,0,0,0,0,0,0,0,0,0,0,0,0,0,0,0,0,0,0,0,0,0,0,0,0,1,0,1,0,0,1,0,0,0,0,0,0,0,0,0,0,0,0,0
125,Sidoarjo,1,2,2,2,110,96,-7.46476925,112.7340657,1.012259965,2.008713575,1.75670743,3.014207767,1.810848725,3.509905682,0.55654268,1.400599353,3.235175099,3.350519832,12.91602379,3.30801712,5.338886264,3,1,0,0,0,1,0,1,0,0,1,1,0,0,0,0,0,0,0,0,0,1,0,0,0,1,0,0,0,0,0,0,0,0,0,0,1,0,0,0,0,1,0,0,0,1,1,0,0,0,0,0,0,0,0,0,0,0,0,0
100,Buduran,3,3,0,2,36,72,-7.44390981,112.7027636,1.205382377,0.421833269,0.803075777,1.307418131,0.926809772,2.123425684,0.95048129,2.469566219,3.477648331,4.477921931,12.55783521,2.434781362,0.913708932,2,1,1,1,0,0,0,0,0,0,1,1,1,0,0,0,0,0,0,0,0,1,0,0,0,0,0,0,0,0,0,0,0,0,0,1,1,0,0,0,0,0,0,0,0,0,1,0,1,0,0,0,1,0,0,0,0,0,0,0
120,Waru,3,2,0,1,190,84,-7.350897,112.7384808,2.508679389,1.922518786,2.756028899,0.689014091,3.410048316,2.601558912,0.106056948,1.729885651,1.217806528,2.694114796,5.183194248,1.198947377,81.19501354,3,0,0,0,0,0,0,0,0,0,0,0,0,0,0,0,0,0,0,0,0,0,0,0,0,0,0,0,0,0,0,0,0,0,0,0,1,0,0,0,0,0,0,0,0,0,0,0,0,0,0,0,0,0,0,0,0,0,0,1
145,Sidoarjo,3,2,0,1,36,72,-7.4217,112.5322,13.81773375,5.633311884,6.851203125,20.82565765,7.105650917,21.49493989,19.87357832,1.787440015,3.87899293,6.643186608,29.54240469,3.874138192,34.85677348,3,1,1,0,0,0,0,1,0,0,0,0,0,0,0,0,0,0,0,0,0,0,0,0,0,0,0,0,0,0,0,1,0,0,0,0,0,0,0,0,0,0,0,0,0,1,0,0,0,0,0,0,0,0,0,0,0,0,0,0
62,Waru,2,1,1,1,55,102,-7.3541506,112.8078629,6.607422332,7.175411909,7.391869212,1.880076281,4.310181103,11.94079619,6.064008708,4.273003269,10.46185888,7.540858426,0.95572685,10.44299973,4.306676506,3,1,0,1,0,0,0,0,0,0,0,0,0,0,0,0,0,0,0,0,0,1,0,0,0,0,0,0,0,0,0,0,0,0,0,0,1,0,0,0,0,0,0,0,0,0,0,0,0,0,0,0,0,0,0,0,0,0,0,1
110,Gedangan,2,2,0,1,36,71,-7.4082894,112.7137227,1.830498074,2.08822795,3.484867096,3.424266329,1.981170282,5.387991722,1.932667994,2.053380665,3.656459039,8.413422005,8.286183692,3.656459039,21.73087129,2,1,0,1,0,0,0,0,0,0,0,0,0,0,0,0,0,0,0,0,0,1,0,0,0,0,0,0,0,0,0,0,0,0,0,0,1,0,0,0,0,0,0,0,0,1,1,0,0,0,0,0,0,0,0,0,1,0,0,0
33,Prambon,4,1,0,1,240,260,-7.4607526,112.5826176,4.570282991,7.354271093,6.838073563,16.60661797,6.727393743,15.64346448,13.8247922,7.588198319,5.535424541,7.493317199,27.16438379,5.235077032,23.48973381,3,1,0,1,0,0,0,0,0,0,0,0,0,0,0,0,0,0,0,0,0,1,0,0,0,0,0,0,0,0,0,0,0,0,0,0,1,1,0,0,0,0,0,0,0,0,0,0,0,0,0,0,0,0,0,0,0,0,0,1
60,Sukodono,3,2,0,1,36,72,-7.394061,112.6738809,0.841154993,2.876635709,3.908649488,5.892745572,0.28135024,8.302342463,3.92263492,1.354024066,6.782730801,8.26127735,11.8866952,6.612823097,19.89886834,4,1,0,1,0,0,0,0,0,0,0,0,0,0,0,0,0,0,0,0,0,1,0,0,0,0,0,0,0,0,0,0,0,0,0,0,1,0,0,0,0,0,0,0,0,0,0,0,0,0,0,0,0,0,0,0,0,0,0,1
69,Taman,2,1,1,2,100,90,-7.36625948,112.7065874,0.553141034,1.655737095,3.038385731,3.981910213,1.167300583,3.14082319,2.268436372,1.242744466,3.679063758,2.64734387,7.00465009,3.752360744,23.22515076,3,1,0,1,0,0,0,0,0,1,1,0,0,0,0,0,0,0,0,0,0,1,0,0,0,0,0,0,0,0,0,0,0,0,0,0,1,0,1,0,0,0,0,0,0,0,1,0,0,0,0,0,1,0,0,0,0,0,0,0
79.5,Taman,2,1,0,1,79,135,-7.374592,112.6395609,1.190093852,5.961797499,6.710333354,6.774313454,5.944511024,10.00469536,8.395385331,1.006884371,2.973415704,7.866903416,15.4910605,2.973415704,81.19501354,2,0,0,0,0,0,0,0,0,0,0,0,0,0,0,0,0,0,0,0,0,0,0,0,0,0,0,0,0,0,0,0,0,0,0,0,1,0,0,0,0,0,0,0,0,0,0,0,0,0,0,0,0,0,0,0,0,0,0,1
40.7,Waru,2,1,1,1,43,72,-7.3503078,112.7674661,1.10438002,1.229006217,1.445463521,3.972977345,0.373224262,5.970825657,4.238193775,0.837264716,4.491888353,5.123691752,3.893532255,4.473029203,5.266527028,4,1,1,1,0,0,0,0,0,0,1,1,0,1,0,1,0,0,0,0,0,1,0,0,0,0,0,0,0,0,0,0,0,0,0,0,1,1,1,0,0,1,0,0,0,1,1,0,1,1,0,0,0,0,0,0,0,0,0,0
42.5,Krian,2,1,1,1,38,65,-7.40299,112.5873906,5.680902608,1.908363811,1.678408623,13.40987172,1.932856415,14.67713014,13.78695269,0.734168206,1.111573591,1.159527555,22.12661877,1.066151869,27.44098755,4,1,0,1,0,0,0,0,0,0,0,1,0,1,0,0,0,0,0,0,0,1,0,0,0,1,0,0,0,1,0,0,0,0,0,0,1,1,0,1,0,1,0,1,0,1,1,0,0,1,0,0,1,0,0,0,1,0,0,0
40.1,Sedati,2,1,1,1,36,72,-7.39815958,112.7624206,1.913282359,4.655621451,0.319972509,3.612044076,1.996864314,6.493143135,4.327798067,2.595255537,4.595445558,3.647754548,2.878079187,4.595445558,11.14303231,2,1,0,0,0,0,0,0,0,0,0,1,0,0,0,0,0,0,0,0,0,0,0,0,0,0,0,0,0,0,0,0,0,0,0,0,1,0,0,0,0,0,0,0,0,1,0,0,0,0,0,0,0,0,0,0,0,0,0,0
36.5,Jabon,3,1,0,1,72,72,-7.572655,112.7680968,17.27313938,15.25793242,20.00636332,11.13293473,11.05954322,21.30653589,11.57324403,11.05652708,11.11342123,19.43345734,33.1501045,11.11342123,81.19501354,3,0,0,1,0,0,0,0,0,0,0,0,0,0,0,0,0,0,0,0,0,1,0,0,0,0,0,0,0,0,0,0,0,0,0,0,0,1,0,0,0,0,0,0,0,0,0,0,0,0,0,0,0,0,0,0,0,0,0,1
35,Candi,2,1,1,1,80,158,-7.4777576,112.7313755,0.496597492,2.081597009,2.334920379,3.430192316,1.418589818,5.054200238,2.062513602,0.243709329,4.451444884,3.357784538,14.42199471,4.524286904,13.96963668,4,1,0,1,0,0,0,0,0,0,0,1,0,1,0,1,0,0,0,0,0,1,0,0,0,0,0,0,0,0,0,0,0,0,0,0,1,0,0,0,0,1,0,0,0,1,1,0,0,0,0,0,0,0,0,0,1,0,0,0
20,Krian,2,1,1,1,100,73,-7.4204349,112.5888673,8.742030527,2.381211622,1.283440962,16.60999356,0.836171806,15.64684007,14.02547851,1.952990507,2.034130521,1.606918393,24.81377748,1.854265346,30.12814627,3,1,0,1,0,0,0,0,0,0,0,0,0,1,0,1,0,0,0,0,0,1,0,0,0,0,0,0,0,0,0,0,0,0,0,0,1,0,0,0,0,1,0,0,0,1,1,0,0,0,0,0,0,0,0,0,1,0,0,0
59.8,Taman,2,1,0,1,135,135,-7.3730239,112.6471451,1.769029914,5.834307965,5.905824475,5.969804575,4.898772963,9.200186481,7.590876452,1.987234356,3.953765688,8.363329415,14.68655162,3.953765688,81.19501354,3,0,0,0,0,0,1,0,0,0,0,0,0,0,0,0,0,0,0,0,0,0,0,0,0,0,0,0,0,0,0,0,0,0,0,0,0,0,0,0,0,0,0,0,0,0,1,0,0,0,0,0,0,0,0,0,0,0,0,0
40.5,Waru,2,1,1,1,40,90,-7.3503078,112.7674661,1.10438002,1.229006217,1.445463521,3.972977345,0.373224262,5.970825657,4.238193775,0.837264716,4.491888353,5.123691752,3.893532255,4.473029203,5.266527028,4,1,0,1,0,0,0,0,0,0,1,1,0,1,0,1,0,0,0,0,0,1,0,0,0,0,0,0,0,0,0,0,0,0,0,0,1,1,1,0,0,1,0,0,0,1,1,0,1,1,0,0,1,0,0,0,1,0,0,0
125,Waru,3,2,1,1,120,90,-7.3404656,112.7768891,0.062038409,3.427606679,3.601126153,2.896837419,1.109663257,8.012775166,0.506039765,2.041913865,6.533837863,6.514175012,5.096994815,6.514978712,3.630037376,3,1,0,0,0,0,0,0,0,0,0,0,0,0,0,0,0,0,0,0,0,0,0,0,0,0,0,0,0,0,0,0,0,0,0,0,1,0,0,0,0,0,0,0,0,0,0,0,0,0,0,0,0,0,0,0,0,0,0,1
62.5,Sedati,2,1,0,1,90,120,-7.3951247,112.8082562,0.818135689,9.157496431,6.313394338,3.048718921,5.975452667,10.67699807,8.495617132,3.878478723,9.970136162,3.725241879,3.825548737,10.13624972,8.687826904,3,1,0,0,0,0,0,0,0,0,0,0,0,0,0,0,0,0,0,0,0,0,0,0,0,0,0,0,0,0,0,0,0,0,0,0,1,0,0,0,0,0,0,0,0,0,0,0,0,0,0,0,0,0,0,0,0,0,0,1
175,Sidoarjo,7,6,0,1,40,90,-7.45642007,112.7082216,2.221027676,1.206760048,1.208938214,1.214147161,1.514494326,1.49493643,1.203136655,2.340758057,2.166997081,3.375929384,13.34719675,1.04340712,1.813069621,3,1,0,0,0,0,0,1,0,0,0,0,0,1,0,0,0,0,0,0,0,1,0,0,0,0,0,0,0,0,0,1,0,0,0,0,0,1,0,0,0,0,0,0,0,1,1,0,0,0,0,0,1,0,0,0,0,0,0,0
110,Waru,2,1,0,1,43,75,-7.3546904,112.7872976,4.218107971,3.558705354,3.737785516,2.707733586,1.90035389,8.367677477,2.04436496,0.261433359,7.011233868,4.935513033,4.907890982,6.992374718,2.132117792,3,1,0,1,0,0,0,0,0,0,0,0,0,0,0,0,0,0,0,0,0,1,0,0,0,0,0,0,0,0,0,0,0,0,0,0,1,0,0,0,0,0,0,0,0,0,1,0,0,0,0,0,0,0,0,0,0,0,0,0
55.2,Prambon,2,1,0,1,240,120,-7.4457506,112.5707595,7.512014843,4.41347128,4.167224303,17.94663175,4.087033105,16.98347827,15.3621167,4.647398506,2.683336435,4.552517386,27.50818548,2.34518898,32.82255427,2,1,0,1,0,0,0,0,1,0,0,1,0,0,1,0,0,0,0,0,0,1,0,0,0,0,1,0,0,0,0,0,0,0,0,0,1,0,0,0,0,0,0,1,1,1,1,0,0,0,0,0,1,0,0,0,1,0,1,0
70,Krian,3,2,2,1,36,72,-7.4316249,112.5779178,9.187110337,3.00431161,2.246233013,17.13716127,2.163547594,16.17400778,14.55264621,2.990165292,3.071305307,2.644093179,25.85095226,2.891440131,31.16532105,3,1,0,1,0,0,0,0,1,0,1,1,0,1,0,0,0,0,0,0,0,1,0,0,0,0,0,0,0,0,0,0,0,0,0,0,1,0,0,0,0,0,0,0,0,1,1,0,0,0,0,0,0,0,0,0,0,1,0,0
35,Candi,2,1,0,1,55,50,-7.4980086,112.7133981,2.318381387,4.899167047,4.372621732,2.258560078,4.25936869,6.255119287,6.090927141,3.856773106,2.721342216,4.382040734,18.13167177,2.634829595,14.86898803,3,1,0,0,0,0,0,0,0,0,0,0,0,0,0,0,0,0,0,0,0,0,0,0,0,0,0,0,0,0,0,0,0,0,0,0,1,0,0,0,0,0,0,0,0,0,0,0,0,0,0,0,0,0,0,0,0,0,0,1
30,Gedangan,2,1,0,1,48,90,-7.3991599,112.7464556,0.820217127,2.760478192,2.23077269,5.510793565,2.853430658,5.948787948,2.432654808,1.508377988,3.31512056,4.877950964,3.821284115,3.31512056,9.210795618,3,1,0,1,0,0,0,0,0,0,0,0,0,0,0,0,0,0,0,0,0,1,0,0,0,0,0,0,0,0,0,0,0,0,0,0,1,1,0,0,0,0,0,0,0,0,0,0,0,0,0,0,0,0,0,0,0,0,0,1
95,Sidoarjo,4,2,0,2,36,72,-7.4577208,112.7308424,1.781656433,1.124190261,1.238013101,2.581722456,1.162272247,2.984307473,1.086623588,2.225246572,2.709576891,2.91362563,13.05628338,2.800977864,4.813288055,3,1,0,0,0,0,0,0,0,0,0,0,0,0,0,0,0,0,0,0,0,0,0,0,0,0,0,0,0,0,0,0,0,0,0,0,1,0,0,0,0,0,0,0,0,0,0,0,0,0,0,0,0,0,0,0,0,0,0,1
99,Gedangan,3,2,0,2,120,99,-7.3862316,112.7174724,0.943499745,3.507114178,2.523402802,6.81488266,0.314100172,4.003400498,2.657443416,0.424855559,1.814481152,5.920622703,6.444205805,2.424155889,21.10098933,3,1,1,1,0,0,0,0,1,0,0,1,0,1,0,1,0,0,0,0,0,1,0,0,0,0,0,0,0,0,0,0,0,0,0,1,0,0,0,0,0,0,0,0,0,1,0,1,0,0,0,0,0,0,0,0,1,0,0,0
80,Taman,3,2,2,3,36,72,-7.3570383,112.6934908,2.541244384,1.726272604,1.091337509,1.605628436,0.830631306,3.81902841,2.038817608,0.506774248,1.908862858,2.982171344,9.134492777,1.738955154,81.19501354,4,0,0,0,0,0,0,1,0,0,0,0,1,0,0,1,0,0,0,0,0,0,0,0,0,0,0,0,0,0,0,1,0,0,0,1,0,0,0,0,0,0,0,0,0,1,0,0,0,0,0,0,0,0,0,0,1,1,0,0
170,Waru,4,2,0,1,91,91,-7.3433654,112.768599,1.364967968,2.057820605,2.231340079,3.581449694,1.521887456,6.642989092,0.372573759,1.708462682,5.164051788,5.994889718,5.78160709,5.145192638,5.092216824,4,1,0,0,0,0,0,0,0,0,0,0,0,0,0,0,0,0,0,0,0,0,0,0,0,0,0,0,0,0,0,0,0,0,0,0,1,0,0,0,0,0,0,0,0,0,0,0,0,0,0,0,0,0,0,0,0,0,0,1
44.9,Sedati,2,1,1,1,36,72,-7.40599519,112.7714627,3.780121816,6.259348955,2.290386887,3.167156814,3.863703772,8.376775495,5.931525571,4.403900596,6.479077918,4.105865441,4.105865441,6.479077918,10.22619868,3,1,1,1,0,0,0,0,0,0,0,1,0,0,0,0,0,0,0,0,0,1,0,0,0,0,0,0,0,0,0,0,0,0,0,0,1,0,0,0,0,0,0,0,0,0,0,0,0,0,0,0,0,0,0,0,1,0,0,0
46,Porong,2,1,1,1,54,90,-7.5402368,112.69314,6.558201124,4.349073216,9.411074638,0.895717024,0.91625615,11.29357219,0.514138072,0.616263108,1.226677013,9.420493641,23.17012468,1.226677013,81.19501354,4,0,0,0,0,0,0,0,0,0,1,0,0,0,0,0,0,0,0,0,0,0,0,0,0,0,0,0,0,0,0,0,0,0,0,0,1,0,0,0,0,1,0,0,0,0,1,0,0,0,0,0,0,0,0,0,1,0,0,0
79,Waru,2,1,0,1,160,160,-7.3489336,112.8057088,5.741537308,6.309526884,6.525984188,1.014191257,3.444296079,11.07491116,5.198123684,3.407118245,9.595973857,7.774828764,1.189697188,9.577114707,3.440791482,3,1,1,0,1,1,0,1,1,0,0,1,1,0,0,1,1,0,0,0,1,1,0,0,1,1,0,1,1,0,1,0,0,0,0,0,1,0,0,0,0,0,0,0,0,0,0,0,0,0,0,0,0,0,0,0,0,0,0,1
32.5,Sukodono,2,1,0,1,70,91,-7.408064,112.6943559,1.389154201,2.538243089,3.008517048,5.130514347,3.239714028,5.936832632,1.428024017,1.49751217,6.007195849,9.49202783,10.6369205,6.007195849,22.54943847,1,1,0,0,0,0,0,0,0,0,0,0,0,0,0,0,0,0,0,0,0,0,0,0,0,0,0,0,0,0,0,0,0,0,0,0,1,0,0,0,0,0,0,0,0,0,0,0,0,0,0,0,0,0,0,0,0,0,0,1
44,Sedati,2,1,0,1,40,90,-7.3928719,112.7896966,2.242360238,7.607090304,5.280769361,5.384115307,3.770760861,8.472306267,6.534126929,4.844033148,7.807302936,2.367128024,5.813613164,7.931557915,9.653381329,3,1,0,0,0,0,0,0,0,0,0,0,0,0,0,0,0,0,1,0,0,0,0,0,0,0,0,0,0,0,0,0,0,0,0,0,0,0,1,0,0,0,0,1,0,0,0,1,0,0,0,0,0,0,0,0,1,0,0,0
110,Buduran,4,2,2,2,66,66,-7.4221052,112.7112938,2.382631484,1.970459102,2.211310727,2.157881921,3.179775971,3.045734627,1.544608409,1.544608409,6.219551174,6.599721019,10.03966992,5.250799291,23.29743002,3,1,0,0,0,0,0,0,0,0,0,0,0,0,0,0,0,0,0,0,0,0,0,0,0,0,0,0,0,0,0,0,0,0,0,0,1,0,0,0,0,0,0,0,0,0,0,0,0,0,0,0,0,0,0,0,0,0,0,1
41.5,Sukodono,2,1,0,1,90,135,-7.3981,112.6737,0.513068847,2.548549563,3.580563342,6.427050762,0.758751938,7.974256317,4.854435118,1.025937919,7.427174055,8.79558254,12.42100039,7.427174055,20.43317354,3,1,0,1,0,0,0,1,0,0,0,1,0,1,0,1,0,0,1,0,0,1,0,0,0,0,0,0,0,0,0,0,0,0,0,0,1,0,1,0,0,0,0,0,0,0,0,0,0,0,0,0,0,0,0,0,1,0,0,0
36.5,Tulangan,2,1,1,1,38,72,-7.45723754,112.6481723,5.140883848,5.353069941,3.177758015,8.734424196,5.044065832,7.78108861,5.411057492,2.61413364,1.114150778,8.498949247,19.63636972,1.114150778,18.11699552,3,1,0,0,0,0,0,0,0,0,0,1,0,0,0,0,0,0,0,0,0,0,0,0,0,0,0,0,0,0,0,0,0,0,0,0,1,0,0,0,0,0,0,0,0,0,0,0,0,0,0,0,1,0,0,0,0,0,0,0
40,Candi,4,2,0,1,36,72,-7.4781286,112.7479374,2.671536291,3.68507808,3.599508265,5.148093838,3.729993337,6.318788124,3.21868513,2.29615251,5.716032771,5.484405903,15.57816624,5.788874791,15.27556404,3,1,0,0,0,0,0,0,0,0,0,0,0,0,0,0,0,0,0,0,0,0,0,0,0,0,0,0,0,0,0,0,0,0,0,0,1,0,0,0,0,0,0,0,0,0,0,0,0,0,0,0,0,0,0,0,0,0,0,1
30,Buduran,2,1,0,1,130,120,-7.425129,112.7230909,1.91030037,1.39795371,1.106105101,1.052676295,2.292918065,2.740648466,2.107458689,1.941617939,5.114345548,5.494515392,8.711963207,4.531137012,22.15665081,3,1,0,0,0,0,0,0,0,0,0,0,0,0,0,0,0,0,0,0,0,0,0,0,0,0,0,0,0,0,0,0,0,0,0,0,1,0,0,0,0,0,0,0,0,0,0,0,0,0,0,0,0,0,0,0,0,0,0,1
55,Sedati,2,1,0,1,36,72,-7.3952,112.7675,1.937589583,5.262272998,0.979803861,2.619739446,2.021171539,6.534243262,5.110680844,2.619562762,4.636545684,2.730601279,2.730601279,4.636545684,8.383666445,3,1,0,0,0,0,0,0,0,0,0,0,0,0,0,0,0,0,0,0,0,0,0,0,0,0,0,0,0,0,0,0,0,0,0,0,1,0,0,0,0,0,0,0,0,1,0,0,0,0,0,0,0,0,0,0,0,0,0,0
57.5,Gedangan,2,1,0,1,94,94,-7.3917721,112.7306701,0.811598983,1.229690775,1.376210914,4.585753045,1.403435301,3.8173734,0.570550072,1.337333273,1.050606099,6.139768061,4.818852244,1.050606099,81.19501354,3,0,0,0,0,0,0,0,0,0,0,0,0,0,0,0,0,0,0,0,0,0,0,0,0,0,0,0,0,0,0,0,0,0,0,0,1,0,0,0,0,0,0,0,0,0,0,0,0,0,0,0,0,0,0,0,0,0,0,1
110,Waru,3,2,0,2,115,140,-7.3432711,112.7683327,1.377339183,1.996591986,2.17011146,3.59382091,1.441414916,6.581760473,0.384944975,1.627990143,5.10282317,5.914417178,5.793978306,5.083964019,5.10118704,4,1,1,1,0,0,0,0,0,0,0,1,0,1,0,0,0,0,0,0,0,0,0,0,0,0,0,0,0,0,0,1,0,0,0,1,0,0,1,0,0,0,0,0,0,0,0,0,0,0,0,0,0,0,0,0,0,0,0,1
86,Waru,3,2,2,2,36,72,-7.3399267,112.7562893,2.597476493,2.50980273,2.680404847,4.610746191,2.552150792,6.533520774,1.977784907,0.687217669,5.14976839,6.626076658,6.357688631,5.130909239,4.310022946,2,1,0,0,0,0,0,0,0,0,0,0,0,0,0,0,0,0,0,0,0,0,0,0,0,0,0,0,0,0,0,0,0,0,0,0,1,0,0,0,0,0,0,0,0,0,0,0,0,0,0,0,0,0,0,0,0,0,0,1
58.5,Sukodono,2,1,1,1,34,60,-7.3982913,112.6883969,1.724546966,3.201844851,3.580931461,7.516977246,2.016779864,7.956403993,3.046284896,2.715422785,5.983125515,7.707627702,10.61285017,5.983125515,20.20433312,3,1,1,1,0,0,0,0,1,0,0,1,0,1,0,1,0,0,0,0,0,1,0,0,0,1,0,0,0,0,0,1,0,0,0,0,0,0,0,0,0,1,0,1,1,1,1,0,0,0,0,0,1,0,0,0,1,0,0,0
85,Taman,2,2,2,2,32,72,-7.36271,112.68037,3.808899906,2.335267555,2.169972139,2.303361034,2.07374989,5.508749878,3.118263292,1.677388071,3.193346263,4.671892812,10.4021483,3.02343856,81.19501354,4,0,0,0,0,0,0,0,0,0,0,1,0,0,0,0,0,0,0,0,0,0,0,0,0,0,0,0,0,0,0,0,0,0,0,0,1,0,0,0,0,0,0,0,0,0,0,0,0,0,0,0,0,0,0,0,0,0,0,1
97.8,Gedangan,2,1,0,1,105,105,-7.3970813,112.7469881,1.393572052,2.765523232,2.235817729,5.890542444,3.233179537,6.086932901,2.812403687,2.081732913,3.320165599,5.395557867,4.338891018,3.320165599,9.728402521,3,1,1,1,1,0,0,1,1,0,1,1,0,1,0,1,0,0,1,0,1,1,0,0,0,0,0,0,0,1,0,1,0,0,0,0,0,0,1,0,0,0,0,1,0,1,1,0,0,0,0,0,0,0,0,0,1,0,0,0
60.087,Waru,2,1,1,1,72,90,-7.3402008,112.7625753,2.13214981,2.440991415,2.148245366,4.541934876,2.075665405,6.464709459,1.216069674,1.274495379,5.080957075,6.557265343,5.595973398,5.062097925,4.52354839,2,1,0,0,0,0,0,0,0,0,0,1,0,0,0,0,0,0,0,0,0,1,0,0,0,0,0,0,0,0,0,0,0,0,0,0,1,0,0,0,0,0,0,0,0,0,0,0,0,0,0,0,0,0,0,0,0,0,0,1
39.5,Candi,2,1,1,1,90,90,-7.4588931,112.6995701,2.527793492,2.718205268,0.934954892,2.015446077,1.806297044,3.165956113,1.687197023,1.442953144,2.205986772,2.871106665,14.64035507,2.560770201,2.29712999,4,1,0,0,0,1,0,1,0,0,1,1,0,1,0,1,0,0,1,0,0,1,0,0,0,0,0,0,0,0,0,0,0,0,0,0,1,1,1,0,0,0,0,0,0,0,1,0,0,0,0,0,0,0,0,0,1,1,0,0
63.3,Tulangan,3,3,3,1,80,135,-7.4446995,112.6306427,5.852080132,5.549384796,5.124040427,10.45863704,8.163936071,9.495483553,7.874121986,5.290523594,4.059895289,7.680167444,21.01640286,4.059895289,30.11880058,3,1,0,1,0,0,0,0,0,0,1,1,0,1,0,0,0,0,0,0,0,1,0,0,0,0,0,0,0,0,0,0,0,0,0,0,1,1,0,0,0,1,0,0,0,1,1,1,0,0,0,0,0,0,0,0,1,0,0,0
29,Tulangan,2,1,1,1,200,241,-7.4726134,112.6675398,3.788485157,4.410160492,3.569610887,7.48807905,3.967491241,6.838179161,3.886930266,1.67122419,3.414253244,6.978146743,19.38778336,3.441593893,14.73138427,2,1,0,0,0,0,1,0,0,0,0,1,0,0,0,0,0,0,0,0,0,0,0,0,0,0,0,0,0,0,0,0,0,0,0,0,0,0,0,0,0,0,0,0,0,0,0,0,0,0,0,0,0,0,0,0,1,0,0,0
99,Waru,3,2,0,1,36,90,-7.3432711,112.7683327,1.377339183,1.996591986,2.17011146,3.59382091,1.441414916,6.581760473,0.384944975,1.627990143,5.10282317,5.914417178,5.793978306,5.083964019,5.10118704,4,1,0,0,0,0,0,0,0,0,0,0,0,0,0,0,0,0,0,0,0,0,0,0,0,0,0,0,0,0,0,0,0,0,0,0,1,0,0,0,0,0,0,0,0,0,0,0,0,0,0,0,0,0,0,0,0,0,0,1
80,Waru,4,3,3,2,36,90,-7.3588392,112.7583752,0.705553645,0.679717036,0.443849056,3.793098972,0.750879346,4.501491454,0.670132861,2.447943576,4.332121171,4.573032165,3.342872668,4.332121171,5.702783243,3,1,0,1,0,0,0,0,1,0,0,0,1,0,0,0,0,0,0,0,0,1,0,0,0,0,0,0,0,0,0,0,0,0,0,1,1,0,0,0,0,0,0,0,0,1,1,0,0,0,0,0,0,0,0,0,0,0,0,0
197,Tanggulangin,3,2,2,1,36,50,-7.49958,112.69992,1.942634472,2.126644492,5.456488541,2.543793718,5.343235498,7.338986095,6.191868166,0.371791703,2.095439949,5.465907543,19.21553858,2.008927328,15.22386431,3,1,1,0,0,0,0,0,0,0,0,1,1,1,0,0,0,0,0,0,0,1,0,0,1,0,0,0,0,0,0,0,0,0,0,1,1,0,0,0,0,0,0,0,0,0,0,0,0,0,0,0,0,0,0,0,1,0,0,0
49.5,Gedangan,2,1,0,1,150,210,-7.3896762,112.7279598,0.158767307,1.777257755,1.21182274,4.456698371,0.27487645,2.68881455,0.927586993,0.208774423,0.08462473,5.01120921,4.714349383,0.08462473,81.19501354,5,0,1,1,0,0,0,0,0,0,0,1,0,0,0,1,0,0,0,0,0,0,0,0,0,0,0,0,0,0,0,0,0,0,0,0,0,0,1,0,0,0,0,0,0,0,0,0,0,0,0,0,1,0,0,0,0,0,0,0
28.5,Sidoarjo,2,1,1,1,60,120,-7.412324,112.5378369,14.10777388,4.521358592,5.739249833,19.67989096,5.993697625,20.98096278,19.67509937,0.176468657,4.24756786,5.531233316,28.39663801,4.535996651,33.7110068,5,1,0,0,0,0,0,0,0,0,0,0,0,1,0,0,0,0,0,0,0,0,0,0,0,0,0,0,0,0,0,0,0,0,0,0,1,0,0,0,0,0,0,0,0,0,1,0,0,0,0,0,0,0,0,0,0,0,0,0
95,Jabon,4,2,0,1,600,915,-7.5411,112.7309,8.816549207,8.537327982,11.27775911,4.412330286,4.338938784,13.3548178,4.852639587,4.788846933,4.392816793,11.48173925,23.36483344,4.44695813,81.19501354,2,0,0,0,0,0,0,0,0,0,0,1,0,0,0,0,0,0,0,0,0,0,0,0,0,0,0,0,0,0,0,0,0,0,0,0,1,0,0,0,0,0,0,0,0,1,0,0,0,0,0,0,0,0,0,0,0,0,0,0
98,Waru,3,2,1,1,126,131,-7.3517813,112.7846068,3.655698466,4.153966852,4.333047014,2.145324082,1.337944385,8.962938975,1.481955455,0.333828139,7.489622164,5.530774531,4.345481477,7.470763013,1.145830679,2,1,0,0,0,0,0,0,0,0,0,0,0,0,0,0,0,0,0,0,0,0,0,0,0,0,0,0,0,0,0,0,0,0,0,0,1,0,0,0,0,0,0,0,0,0,0,0,0,0,0,0,0,0,0,0,0,0,0,1
150,Sidoarjo,3,2,0,1,77,77,-7.44726655,112.6959508,1.43520771,0.824445535,1.782333433,2.048638194,1.384903754,1.085484708,1.691701353,2.676935174,4.218868394,5.217578259,14.36479101,3.176001425,18.06259925,3,1,0,1,0,0,0,0,0,0,1,1,0,0,0,0,0,0,0,0,0,1,0,0,0,0,0,0,0,0,0,0,0,0,0,1,1,0,0,0,0,0,0,0,0,1,0,0,0,0,0,0,0,0,0,0,0,0,0,0
135,Sidoarjo,3,2,0,1,140,120,-7.4540491,112.7066448,1.329265792,1.199338443,1.227777695,0.816918377,1.117265542,1.37170299,1.000657349,2.333336452,2.185836562,3.394768865,13.33977515,0.959526932,1.632499152,3,1,0,1,0,0,0,0,0,0,0,0,0,0,0,0,0,0,0,0,0,1,0,0,0,0,0,0,0,0,0,0,0,0,0,0,1,0,0,0,0,0,0,0,0,0,0,0,0,0,0,0,0,0,0,0,0,0,0,1
49.5,Gedangan,2,1,1,1,153,153,-7.4021421,112.7190062,1.269389409,2.844882305,2.235123535,3.658197602,1.384507879,4.972144036,1.995211542,1.550613233,2.406715478,7.584147342,7.036440131,2.406715478,20.48112773,3,1,0,0,0,0,0,0,0,0,0,0,0,0,0,0,0,0,0,0,0,0,0,0,0,0,0,0,0,0,0,0,0,0,0,0,1,0,0,0,0,0,0,0,0,0,0,0,0,0,0,0,0,0,0,0,0,0,0,1
50,Sidoarjo,2,1,1,1,45,78,-7.4459557,112.7243185,1.126267363,0.584706116,0.871008221,1.730460186,1.346929932,2.344670299,1.332154329,1.12683188,2.934419282,3.23370517,11.68373075,2.631900876,3.612822305,4,1,0,0,0,0,0,0,0,0,1,1,0,0,0,1,0,0,0,0,0,1,0,0,0,1,0,0,0,0,0,0,0,0,0,0,1,0,1,0,0,1,0,1,1,0,0,0,0,0,0,0,1,0,0,0,1,0,0,0
68.5,Wonoayu,2,1,1,1,68,88,-7.4478578,112.662473,3.490590353,2.940202613,1.10222689,6.341516571,3.490590353,5.378363085,3.719264289,2.374344392,3.541806449,6.748455537,17.51991161,3.694380871,18.77092796,3,1,0,1,0,0,0,0,0,0,0,1,0,1,0,1,0,0,0,0,0,1,0,0,0,1,0,0,0,0,0,0,0,0,0,1,1,1,0,0,0,0,0,0,0,0,1,0,0,0,0,0,0,0,0,0,1,0,0,0
31,Sukodono,2,1,1,1,59,72,-7.394061,112.6738809,0.841154993,2.876635709,3.908649488,5.892745572,0.28135024,8.302342463,3.92263492,1.354024066,6.782730801,8.26127735,11.8866952,6.612823097,19.89886834,4,1,0,1,0,0,0,0,1,0,0,0,0,1,0,0,0,0,0,0,0,1,0,0,0,0,0,0,0,0,0,0,0,0,0,0,1,1,0,0,0,0,0,0,0,1,1,0,0,0,0,0,1,0,0,0,1,0,0,0
72.5,Waru,3,2,0,1,192,96,-7.35128,112.8135304,7.119939325,7.687928902,7.904386206,2.392593274,4.822698096,12.45331318,6.576525701,4.785520262,10.97437587,8.053375419,1.468243843,10.95551672,4.819193499,3,1,0,0,0,0,0,0,0,0,0,0,0,0,0,0,0,0,0,0,0,0,0,0,0,0,0,0,0,0,0,0,0,0,0,0,1,0,0,0,0,0,0,0,0,0,0,0,0,0,0,0,0,0,0,0,0,0,0,1
31.3,Krembung,3,2,2,2,198,198,-7.5074644,112.6200342,3.7384495,10.78690415,11.1665082,10.63931738,8.467335459,14.43507648,11.48382758,9.268121508,7.395625326,14.57504406,26.98468068,7.395625326,21.57160575,4,1,1,1,0,0,0,0,1,0,0,1,0,1,0,1,0,0,0,0,0,1,0,0,0,1,0,0,1,0,0,0,0,0,0,0,1,1,0,0,0,1,0,1,0,1,0,0,0,0,0,0,0,0,0,0,1,0,0,0
115,Waru,3,2,1,1,84,84,-7.3517813,112.7846068,3.655698466,4.153966852,4.333047014,2.145324082,1.337944385,8.962938975,1.481955455,0.333828139,7.489622164,5.530774531,4.345481477,7.470763013,1.145830679,2,1,0,0,0,0,0,0,0,0,0,0,0,0,0,0,0,0,0,0,0,0,0,0,0,0,0,0,0,0,0,0,0,0,0,0,1,0,0,0,0,0,0,0,0,0,0,0,0,0,0,0,0,0,0,0,0,0,0,1
120,Buduran,3,2,2,1,78,78,-7.4404444,112.7155016,0.779333396,1.493088475,1.963094374,2.300590298,0.641237896,0.73910582,1.33937525,1.232349143,3.455743275,3.835913119,11.1391774,2.378667805,2.798501288,3,1,0,1,0,0,0,1,1,0,0,1,1,1,0,1,0,0,1,0,1,1,0,0,1,0,0,0,1,0,0,1,0,0,0,0,0,0,1,0,0,0,0,1,0,1,1,0,0,1,0,0,1,0,0,0,1,0,0,0
34,Sukodono,2,1,1,2,36,72,-7.4191134,112.6764786,0.669532047,1.127756414,0.931209735,6.288056196,0.788175664,5.32490271,3.83263409,1.725272647,8.458286396,9.185867138,13.43530953,7.415419427,22.97816506,3,1,0,0,0,0,0,0,0,0,0,1,0,0,0,1,0,0,0,0,0,1,0,0,0,0,0,0,0,0,0,0,0,0,0,0,1,1,1,0,0,0,0,0,0,0,1,0,0,0,0,0,1,0,0,0,1,0,0,0
39.9,Buduran,2,1,1,1,40,40,-7.4193666,112.7658623,3.909136298,7.419714836,4.031839177,7.258130987,5.708730981,9.081723396,6.677534066,3.554817724,7.599108167,7.359621215,7.359621215,7.599108167,11.53567315,3,1,1,1,0,0,0,0,0,0,1,0,0,1,0,1,0,0,0,0,0,1,0,0,0,0,0,0,0,0,0,0,0,0,0,0,1,1,1,0,0,1,0,0,0,1,1,0,1,1,0,0,1,0,0,0,1,0,0,0
49.5,Buduran,3,1,1,1,165,165,-7.4201901,112.7575969,3.094733826,4.85539623,3.326046113,5.434754366,5.219871124,7.92663372,5.863131594,2.740415252,6.784705695,6.653828152,5.884152791,6.784705695,10.38058347,3,1,0,0,0,0,0,0,0,0,0,0,0,0,0,0,0,0,0,0,0,0,0,0,0,0,0,0,0,0,0,0,0,0,0,0,1,0,0,0,0,0,0,0,0,0,0,0,0,0,0,0,0,0,0,0,0,0,0,1
80,Sukodono,5,3,0,2,130,104,-7.394061,112.6738809,0.841154993,2.876635709,3.908649488,5.892745572,0.28135024,8.302342463,3.92263492,1.354024066,6.782730801,8.26127735,11.8866952,6.612823097,19.89886834,4,1,1,1,0,0,0,0,0,0,0,1,0,1,0,0,0,0,1,0,0,0,0,0,0,0,0,0,0,0,0,0,0,0,0,1,0,0,1,0,0,0,0,1,0,0,0,0,0,0,0,0,0,0,0,0,0,0,0,0
77.5,Waru,3,1,1,1,120,90,-7.34506052,112.7493553,1.973121751,1.104049452,2.249853454,2.348836581,1.92779605,4.271611164,1.7761092,2.861977494,2.88785878,4.364167047,5.566344343,2.868999629,81.19501354,3,0,0,0,0,0,0,0,0,0,0,0,0,0,0,0,0,0,0,0,0,0,0,0,0,0,0,0,0,0,0,1,0,0,0,0,0,0,0,0,0,0,0,0,0,0,0,0,0,0,0,0,0,0,0,0,0,0,0,1
59.1,Sidoarjo,2,1,1,1,80,60,-7.44488422,112.6730203,1.824390504,1.274002764,2.174027036,4.675316722,1.824390504,3.712163236,3.530559686,2.447847635,5.193639358,6.559750934,16.08569418,5.34621378,18.82011175,3,1,0,1,0,0,0,0,0,0,0,1,0,0,0,0,0,0,0,0,0,1,0,0,0,0,0,0,0,0,0,0,0,0,0,0,1,0,0,0,0,0,0,0,0,1,1,0,0,0,0,0,0,0,0,0,0,0,0,0
95,Sidoarjo,4,2,0,2,68,72,-7.4578331,112.7278553,1.390739392,0.733273219,0.84709606,2.190805415,0.771355206,2.593390432,1.295063783,0.752379992,2.31865985,2.522708589,13.33265586,2.410060823,4.422371014,3,1,0,0,0,0,0,0,0,0,0,0,0,0,0,1,0,0,0,0,0,0,0,0,0,0,0,0,0,0,0,0,0,0,0,0,0,0,1,0,0,1,0,0,1,0,1,1,0,0,0,0,0,0,0,0,1,0,0,0
144,Krembung,3,2,0,1,210,210,-7.5268,112.6637,7.897964305,5.746944314,11.59598382,5.080471132,2.908489209,13.86411006,4.327001334,3.249704829,5.271918747,11.80931862,25.55894965,5.224403821,21.66326364,3,1,0,0,0,0,0,0,0,0,0,1,0,0,1,0,0,1,0,0,0,0,0,0,0,0,0,0,0,0,0,0,0,0,0,0,1,0,0,0,0,0,0,0,0,1,0,1,1,0,0,0,0,0,0,0,1,0,0,0
64.92,Buduran,4,2,2,2,72,72,-7.4213829,112.7047843,2.297790262,1.288287455,2.521219761,3.062229456,2.497604323,3.482160566,1.342140397,1.342140397,6.403989154,7.146905592,10.56046437,5.342778684,23.09496201,3,1,0,1,0,0,0,0,0,0,0,0,0,0,0,1,0,0,0,0,0,1,0,0,0,0,0,0,0,0,0,0,0,0,0,0,1,0,0,0,0,0,0,0,0,0,1,0,0,0,0,0,0,0,0,0,0,0,0,0
185,Waru,3,2,1,2,100,105,-7.3541007,112.7842655,4.224370407,4.722638793,4.901718954,2.713996022,1.906616326,9.531610915,2.050627396,0.902500079,8.058294104,6.099446471,4.914153418,8.039434954,1.71450262,3,1,0,1,0,0,0,0,0,0,0,0,0,0,0,0,0,0,0,0,0,0,0,0,0,0,0,0,0,0,0,0,0,0,0,0,1,0,0,0,0,0,0,0,0,1,1,0,0,0,0,0,0,0,0,0,0,0,0,0
79,Gedangan,3,2,0,2,133,77,-7.3885636,112.732315,0.293057018,1.308594815,0.5520178,5.005422535,0.884893335,3.298831435,0.996987213,0.818791308,0.532064133,5.621226095,4.300310279,1.125763389,81.19501354,3,0,0,0,0,0,0,0,0,0,0,0,0,0,0,0,0,0,0,0,0,0,0,0,0,0,0,0,0,0,0,0,0,0,0,0,1,0,0,0,0,0,0,0,0,0,0,0,0,0,0,0,0,0,0,0,0,0,0,1
130,Waru,3,2,2,2,138,108,-7.3503078,112.7674661,1.10438002,1.229006217,1.445463521,3.972977345,0.373224262,5.970825657,4.238193775,0.837264716,4.491888353,5.123691752,3.893532255,4.473029203,5.266527028,4,1,0,0,0,0,0,0,0,0,0,0,0,1,0,0,0,0,1,0,0,0,0,0,0,0,0,0,0,0,0,0,0,0,0,1,1,0,1,0,0,0,0,0,0,0,0,0,0,0,0,0,0,0,0,0,0,0,0,1
39.55,Buduran,2,1,1,1,39,105,-7.425129,112.7230909,1.91030037,1.39795371,1.106105101,1.052676295,2.292918065,2.740648466,2.107458689,1.941617939,5.114345548,5.494515392,8.711963207,4.531137012,22.15665081,3,1,1,1,0,0,0,0,0,0,1,1,0,1,0,1,0,0,0,0,0,1,0,0,0,0,0,0,0,0,0,0,0,0,0,0,1,1,1,0,0,1,0,0,0,1,1,0,1,1,0,0,1,0,0,0,1,0,0,0
99,Waru,5,3,0,2,165,200,-7.3603889,112.7585073,0.893100167,0.858084829,0.622216849,3.835800662,0.938425868,4.509319437,0.827782717,2.286554378,4.364593099,4.411642967,3.18148347,4.364593099,5.881151036,3,1,0,1,1,0,0,0,0,0,0,1,0,0,0,1,0,0,0,0,0,1,0,0,0,0,0,0,0,0,0,0,0,0,0,0,0,0,0,0,0,1,0,1,0,1,0,0,0,0,0,0,0,0,0,0,1,0,0,0
74.92,Sukodono,3,2,2,2,60,90,-7.394061,112.6738809,0.841154993,2.876635709,3.908649488,5.892745572,0.28135024,8.302342463,3.92263492,1.354024066,6.782730801,8.26127735,11.8866952,6.612823097,19.89886834,4,1,0,1,0,1,0,0,0,0,0,0,0,1,0,1,0,0,0,0,0,1,0,0,0,0,0,0,0,0,0,0,0,0,0,0,1,0,0,0,0,0,0,0,0,0,1,0,0,0,0,0,0,0,0,0,1,0,0,0
85,Buduran,2,1,1,1,80,108,-7.4288422,112.6956863,6.06552564,5.715832094,6.001768535,3.614705727,1.639898507,4.517434439,4.44470499,24.58389532,5.784935927,6.683339526,14.01785844,4.742068958,26.1975266,3,1,0,0,0,0,0,0,0,0,0,0,0,0,0,0,0,0,0,0,0,0,0,0,0,0,0,0,0,0,0,0,0,0,0,0,1,0,0,0,0,0,0,0,0,0,0,0,0,0,0,0,0,0,0,0,0,0,0,1
40.5,Gedangan,3,1,0,1,100,118,-7.3896762,112.7279598,0.158767307,1.777257755,1.21182274,4.456698371,0.27487645,2.68881455,0.927586993,0.208774423,0.08462473,5.01120921,4.714349383,0.08462473,81.19501354,5,0,0,0,0,0,0,0,0,0,0,0,0,0,0,0,0,0,0,0,0,0,0,0,0,0,0,0,0,0,0,0,0,0,0,0,1,0,0,0,0,0,0,0,0,0,0,0,0,0,0,0,0,0,0,0,0,0,0,1
62.5,Sukodono,2,1,0,1,88,88,-7.3935594,112.6985145,1.186418753,1.48136907,4.851338872,6.577660011,2.542483506,5.86641109,1.325809115,0.965503317,4.233206047,6.218272416,8.8629307,4.233206047,19.57091432,3,1,0,0,0,0,0,0,0,0,0,0,0,0,0,0,0,0,0,0,0,0,0,0,0,0,0,0,0,0,0,0,0,0,0,0,1,0,0,0,0,0,0,0,0,0,0,0,0,0,0,0,0,0,0,0,0,0,0,1
83.4,Candi,3,2,2,2,66,78,-7.4869501,112.6973995,0.514303157,3.700544154,5.632754982,2.782798504,5.056800767,6.594604673,4.965297271,1.945691365,4.324607315,4.721526121,18.47115716,4.238094694,14.29469537,3,1,0,0,0,1,0,0,1,0,0,1,0,1,0,0,0,0,0,0,0,1,0,0,0,0,0,0,0,0,0,0,0,0,0,1,1,1,0,0,0,1,0,0,1,1,1,1,0,0,0,0,1,0,0,0,0,1,0,0
75,Sidoarjo,2,2,0,1,70,120,-7.4578331,112.7278553,1.390739392,0.733273219,0.84709606,2.190805415,0.771355206,2.593390432,1.295063783,0.752379992,2.31865985,2.522708589,13.33265586,2.410060823,4.422371014,3,1,0,1,0,0,0,0,0,0,0,0,0,0,0,0,0,0,0,0,0,1,0,0,0,0,0,0,0,0,0,0,0,0,0,0,1,0,0,0,0,0,0,0,0,0,1,1,0,0,0,0,1,0,0,0,1,0,0,0
97.5,Krembung,2,1,0,1,470,305,-7.5268,112.6637,7.897964305,5.746944314,11.59598382,5.080471132,2.908489209,13.86411006,4.327001334,3.249704829,5.271918747,11.80931862,25.55894965,5.224403821,21.66326364,3,1,0,0,0,0,0,0,0,0,0,0,0,0,0,0,0,0,0,0,0,0,0,0,0,0,0,0,0,0,0,1,1,0,0,0,0,0,0,0,0,0,0,0,0,0,0,0,0,0,0,0,0,0,0,0,0,0,0,1
48,Sidoarjo,2,1,1,1,36,78,-7.4381103,112.732325,2.281053373,0.562259443,0.834307641,0.787119017,2.483749701,3.243115199,2.001176534,1.867381575,4.619855102,4.91914099,9.986514813,4.139336613,5.119921759,3,1,0,0,0,0,0,0,0,0,0,1,0,0,0,0,0,0,1,0,0,0,0,0,0,0,0,0,1,0,0,0,0,0,0,0,1,0,0,0,0,0,0,0,0,1,1,0,0,0,0,0,0,0,0,0,0,0,0,0
46.64,Buduran,2,1,1,1,41,81,-7.4349235,112.7345789,3.021592939,1.302799009,0.647616288,1.245557987,3.224289266,3.469753212,2.619140297,2.485345338,5.360394668,5.659680556,9.245975248,4.879876178,5.860461324,4,1,1,1,1,1,0,1,0,1,0,0,1,1,0,0,0,0,0,0,1,0,0,0,1,1,0,0,0,0,1,0,0,0,0,1,1,1,1,1,0,1,0,0,1,0,0,0,1,1,0,0,1,0,1,0,1,0,0,0
63,Tulangan,3,3,3,1,80,66,-7.4444527,112.6306303,5.813410276,5.510714941,5.085370571,10.41996718,8.125266215,9.456813698,7.83545213,5.315317281,4.084688977,7.641497588,20.977733,4.084688977,30.08013072,3,1,0,1,0,0,0,0,0,0,1,1,0,1,0,1,0,0,0,0,0,1,0,0,0,0,0,0,0,0,0,0,0,0,0,0,1,1,1,0,0,1,0,0,0,1,1,1,0,0,0,0,1,0,0,0,1,0,0,0
196,Sidoarjo,3,1,1,1,154,210,-7.4284073,112.4783188,17.88499509,11.40785856,12.62574981,26.56639094,1.968940981,27.86746275,26.55343586,0.443260613,7.809509507,12.41773329,35.28313798,7.809509507,40.59750677,2,1,0,1,0,0,0,0,0,0,0,0,0,1,0,0,0,0,0,0,0,1,0,0,0,0,0,0,0,0,0,0,0,0,0,0,1,0,0,0,0,0,0,0,0,0,0,0,0,0,0,0,0,0,0,0,1,0,0,0
39.4,Waru,2,1,1,1,40,90,-7.3588392,112.7583752,0.705553645,0.679717036,0.443849056,3.793098972,0.750879346,4.501491454,0.670132861,2.447943576,4.332121171,4.573032165,3.342872668,4.332121171,5.702783243,3,1,1,1,1,0,0,0,0,0,1,1,0,1,0,1,0,0,0,0,0,1,0,0,0,0,0,0,0,0,0,0,0,0,0,0,1,1,1,0,0,0,0,1,0,1,1,0,1,1,0,0,1,0,0,0,1,0,0,0
65,Sukodono,4,2,0,2,115,100,-7.394061,112.6738809,0.841154993,2.876635709,3.908649488,5.892745572,0.28135024,8.302342463,3.92263492,1.354024066,6.782730801,8.26127735,11.8866952,6.612823097,19.89886834,4,1,0,0,0,0,0,0,0,0,0,0,0,0,0,0,0,0,0,0,0,0,0,0,0,0,0,0,0,0,0,0,0,0,0,0,1,0,0,0,0,0,0,0,0,0,0,0,0,0,0,0,0,0,0,0,0,0,0,1
38.255,Waru,2,1,1,1,44,91,-7.34997987,112.7666361,1.235686879,1.25435031,1.427869784,4.104284205,0.504531122,5.839518797,4.369500635,0.968571576,4.360581493,5.254998612,4.024839114,4.341722343,5.135220168,4,1,0,1,0,0,0,0,0,0,1,1,0,1,0,1,0,0,1,0,0,1,0,0,0,0,0,0,1,0,0,0,0,0,0,0,1,1,1,0,0,1,0,1,0,1,1,1,0,0,0,0,1,0,0,0,1,1,0,0
111,Waru,2,1,1,1,36,72,-7.36133582,112.7124281,1.254682334,1.252291909,4.243794913,4.970866296,1.871388134,2.280128935,2.555295811,0.67046903,3.21845347,2.240591223,6.606561414,5.03805377,23.94362928,3,1,0,0,0,0,0,0,0,0,0,1,0,0,0,0,0,0,0,0,0,0,0,0,0,0,0,0,0,0,0,0,0,0,0,0,1,0,0,0,0,1,0,0,0,0,1,0,0,0,0,0,0,0,0,0,1,0,0,0
40,Sedati,2,1,0,1,26,84,-7.3995145,112.8018209,2.33398916,9.822376277,4.720348344,1.455672927,5.761716022,10.27478775,8.749412902,5.394332194,8.377090168,5.24109535,6.36391221,8.377090168,10.20368037,3,1,0,0,0,0,0,0,0,0,0,0,0,0,0,0,0,0,0,0,0,0,0,0,0,0,0,0,0,0,0,0,0,0,0,0,1,0,0,0,0,0,0,0,0,0,0,0,0,0,0,0,0,0,0,0,0,0,0,1
190,Waru,4,2,0,2,130,90,-7.3435939,112.7688649,1.252556944,2.021316274,2.194835748,3.469038671,1.226615859,6.606484761,0.444850186,1.604371304,5.127547457,5.939141465,5.669196067,5.108688307,4.202238628,3,1,0,0,0,0,0,0,0,0,0,0,0,0,0,0,0,0,0,0,0,0,0,0,0,0,0,0,0,0,0,0,0,0,0,0,1,0,0,0,0,0,0,0,0,0,0,0,0,0,0,0,0,0,0,0,0,0,0,1
113,Sedati,3,3,3,2,160,90,-7.3691194,112.7645339,1.895138025,2.353119368,2.201924901,5.310360961,1.765396604,4.975595443,1.280155992,1.18343106,5.839153398,3.45637804,2.226218543,5.839153398,7.336814682,3,1,1,0,0,1,0,0,0,0,0,1,1,0,0,1,0,0,0,0,0,1,0,0,1,1,0,1,1,0,0,0,0,0,0,1,1,0,0,0,1,1,0,0,1,1,0,0,1,0,0,0,1,0,0,0,1,0,0,0
98,Gedangan,2,1,0,1,105,70,-7.3885636,112.732315,0.293057018,1.308594815,0.5520178,5.005422535,0.884893335,3.298831435,0.996987213,0.818791308,0.532064133,5.621226095,4.300310279,1.125763389,81.19501354,3,0,0,0,0,0,0,0,0,0,0,0,0,0,0,0,0,0,0,0,0,0,0,0,0,0,0,0,0,0,0,0,0,0,0,0,1,0,0,0,0,0,0,0,0,0,0,0,0,0,0,0,0,0,0,0,0,0,0,1
88.8,Tanggulangin,3,2,0,1,323,234,-7.49958,112.69992,1.942634472,2.126644492,5.456488541,2.543793718,5.343235498,7.338986095,6.191868166,0.371791703,2.095439949,5.465907543,19.21553858,2.008927328,15.22386431,3,1,0,0,0,0,0,0,0,0,0,0,0,0,0,0,0,0,0,0,0,0,0,0,0,0,0,0,0,0,0,0,0,0,0,0,1,0,0,0,0,0,0,0,0,0,0,0,0,0,0,0,0,0,0,0,0,0,0,1
39,Sidoarjo,2,1,1,1,40,90,-7.4609599,112.7360198,1.271757054,1.163889375,1.837905529,3.095405866,1.892046824,3.591103781,0.091585698,1.660096443,3.316373198,3.431717931,12.34604329,3.389215219,5.420084362,4,1,1,1,0,0,0,0,0,0,1,1,0,1,0,1,0,0,0,0,0,1,0,0,0,0,0,0,0,0,0,0,0,0,0,0,1,1,1,0,0,1,0,0,0,1,1,0,1,1,0,0,1,0,0,0,1,0,0,0
60,Sukodono,2,1,0,1,70,108,-7.40888442,112.6965318,1.604646266,1.800723594,3.224009113,4.727987177,3.618977531,5.534305461,1.025496846,0.759992675,5.269676354,9.169826274,9.899401007,5.269676354,21.81191898,3,1,0,0,0,0,0,0,0,0,0,0,0,0,0,0,0,0,0,0,0,0,0,0,0,0,0,0,0,0,0,1,0,0,0,0,0,0,0,0,0,1,0,0,0,0,0,0,0,0,0,0,1,0,0,0,1,0,0,0
89,Waru,3,2,0,1,108,108,-7.3648872,112.7702531,2.154014975,2.501148467,2.419929744,5.048522742,2.111954172,5.49100284,1.428185092,1.698838456,6.05715824,3.971785437,3.971785437,6.05715824,5.781722699,3,1,0,0,0,0,0,0,0,0,0,0,0,0,0,0,0,0,0,0,0,0,0,0,0,0,0,0,0,0,0,1,0,0,0,0,0,0,0,0,0,0,0,0,0,0,1,0,0,0,0,0,0,0,0,0,0,0,0,0
188,Gedangan,5,3,3,2,90,108,-7.386163,112.7499239,4.235466689,5.213631153,5.116929257,7.856947896,4.010352851,5.262978053,5.230627007,2.806060044,4.587903839,4.340427423,2.121971006,4.712158818,7.608638838,3,1,1,1,0,1,1,1,0,1,0,1,0,1,0,1,0,0,0,0,0,1,0,0,0,0,0,0,0,1,0,0,0,0,0,1,0,1,0,0,0,0,0,0,0,1,1,1,0,0,0,0,0,0,0,0,1,0,0,0
48,Candi,2,1,1,1,55,35,-7.48435287,112.7481855,2.218070588,4.604949207,4.768808772,5.568663162,3.941942016,7.349937157,4.387985637,2.279642869,6.699407963,5.476858604,16.74746674,6.772249983,16.08871075,3,1,0,1,0,0,0,0,0,0,1,0,0,0,0,0,0,0,0,0,0,0,0,0,0,0,0,0,0,0,0,0,0,0,0,0,1,0,0,0,0,1,0,0,0,0,1,0,0,0,0,0,0,0,0,0,1,0,0,0
68,Candi,2,1,0,2,120,78,-7.4869563,112.6970489,0.481944784,3.668185782,5.60039661,2.750440132,5.013499874,6.562246301,4.932938899,1.913332993,4.292248943,4.689167749,18.43879878,4.205736322,14.262337,3,1,0,1,0,0,0,0,0,0,0,1,0,1,0,1,0,0,0,0,0,1,0,0,0,1,0,0,0,0,0,0,0,0,0,0,1,0,0,0,0,1,0,0,1,1,1,1,0,1,0,0,1,0,0,0,1,0,0,0
40,Sukodono,3,1,0,1,110,96,-7.394061,112.6738809,0.841154993,2.876635709,3.908649488,5.892745572,0.28135024,8.302342463,3.92263492,1.354024066,6.782730801,8.26127735,11.8866952,6.612823097,19.89886834,4,1,0,0,0,0,1,0,0,0,0,0,0,0,0,0,0,0,0,0,0,0,0,0,0,0,0,0,0,0,0,0,0,0,0,0,0,0,0,0,0,0,0,0,0,0,0,0,0,0,0,0,0,0,0,0,0,0,0,1
75,Waru,2,1,1,1,120,180,-7.345331,112.7739507,1.956260458,2.391126501,2.607583805,3.199590206,0.442247921,7.156510778,0.353244121,0.975353454,5.677573474,5.580947196,5.399747601,5.658714324,3.932790163,3,1,0,0,0,0,0,0,0,0,0,0,0,0,0,0,0,0,0,0,0,0,0,0,0,0,0,0,0,0,0,0,0,0,0,0,1,0,0,0,0,0,0,0,0,0,0,0,0,0,0,0,0,0,0,0,0,0,0,1
42.5,Krian,2,1,1,1,34,60,-7.40132192,112.5880845,5.780352251,2.19634735,1.966392162,13.50932136,2.220839954,14.96511368,13.88640233,1.022151745,1.39955713,1.447511094,22.22606841,1.354135407,27.5404372,3,1,1,1,0,0,0,0,1,0,0,1,0,1,0,1,0,0,0,0,0,1,0,0,0,1,0,0,0,0,0,0,0,0,0,0,1,0,0,0,0,1,0,1,1,1,1,0,0,0,0,0,1,0,0,0,1,0,0,0
65,Waru,2,1,1,1,36,72,-7.3517813,112.7846068,3.655698466,4.153966852,4.333047014,2.145324082,1.337944385,8.962938975,1.481955455,0.333828139,7.489622164,5.530774531,4.345481477,7.470763013,1.145830679,2,1,0,1,0,0,0,0,0,0,0,0,0,1,0,0,0,0,0,0,0,1,0,0,0,0,0,0,0,0,0,0,0,0,0,1,1,1,0,0,0,0,0,0,0,1,1,0,0,0,0,0,1,0,0,0,1,0,0,0
46.52,Sedati,2,1,1,1,41,82,-7.37379474,112.7611664,1.070865354,3.528569728,3.292701748,5.877701602,1.433962039,5.262218774,2.563950674,1.819797808,4.718101648,3.121409355,1.190269388,4.842356627,8.551635935,2,1,0,1,0,0,0,0,0,0,0,0,1,1,0,0,1,0,1,0,0,0,0,0,0,1,0,0,1,1,0,0,0,0,0,1,1,1,1,0,1,0,0,0,0,1,1,1,1,0,0,1,0,1,1,0,0,1,0,0
50,Sidoarjo,2,1,1,1,90,90,-7.45347914,112.6980643,2.211378658,1.955948998,1.386145518,1.699031242,1.335041311,2.210130431,1.326147516,2.447510248,2.598022292,3.603511074,14.32394024,2.161978922,16.59219635,3,1,1,1,0,0,0,0,0,0,0,1,0,0,0,0,0,0,0,0,0,1,0,0,0,0,0,0,0,1,0,0,0,0,0,1,1,1,0,0,0,0,0,0,0,1,1,0,0,0,0,0,0,0,0,0,0,0,0,0
37.3,Wonoayu,2,1,0,1,285,150,-7.446138,112.6514882,3.785473978,3.578061409,2.194564528,7.52916114,4.678234921,6.566007654,4.944646087,3.466680612,2.316424651,7.973837334,18.28095985,2.316424651,19.3192694,4,1,0,0,0,0,0,0,0,0,0,0,0,0,0,0,0,0,0,0,0,0,0,0,0,0,0,0,0,0,0,0,0,0,0,0,1,0,0,0,0,0,0,0,0,0,0,0,0,0,0,0,0,0,0,0,0,0,0,1
46,Sukodono,3,1,1,1,150,102,-7.408064,112.6943559,1.389154201,2.538243089,3.008517048,5.130514347,3.239714028,5.936832632,1.428024017,1.49751217,6.007195849,9.49202783,10.6369205,6.007195849,22.54943847,1,1,0,0,0,0,0,0,1,0,0,0,0,0,0,0,0,0,0,0,0,0,0,0,0,1,0,0,1,1,0,0,0,0,0,0,1,1,0,1,0,1,0,0,0,0,0,0,0,0,1,0,0,0,0,0,0,0,0,0
30,Krian,2,1,0,1,49,84,-7.4113967,112.5938957,6.507844815,3.717541976,2.360102916,14.68218765,2.694182105,14.4352593,13.85765457,2.753445429,3.130850814,2.943248748,22.97936248,3.085429091,28.71330349,3,1,0,1,0,0,0,0,0,0,0,0,0,0,0,0,0,0,0,0,0,1,0,0,0,0,0,0,0,0,0,0,0,0,0,0,1,1,0,0,0,0,0,0,0,0,0,0,0,0,0,0,0,0,0,0,0,0,0,1
55.5,Sukodono,2,1,1,1,60,90,-7.394061,112.6738809,0.841154993,2.876635709,3.908649488,5.892745572,0.28135024,8.302342463,3.92263492,1.354024066,6.782730801,8.26127735,11.8866952,6.612823097,19.89886834,4,1,0,1,0,0,0,0,1,0,0,0,0,1,0,0,0,0,0,0,0,1,0,0,0,0,0,0,0,0,0,0,0,0,0,0,1,0,0,0,0,0,0,0,0,1,0,0,0,0,0,0,0,0,0,0,1,0,0,0
50,Krembung,2,1,0,1,210,210,-7.5268,112.6637,7.897964305,5.746944314,11.59598382,5.080471132,2.908489209,13.86411006,4.327001334,3.249704829,5.271918747,11.80931862,25.55894965,5.224403821,21.66326364,3,1,0,0,0,0,0,0,0,0,0,1,0,0,1,0,0,1,0,0,0,0,0,0,0,0,0,0,0,0,0,0,0,0,0,0,1,0,0,0,0,0,0,0,0,1,0,0,1,0,0,0,0,0,0,0,0,0,1,0
22.7,Tanggulangin,2,1,0,1,350,302,-7.49958,112.69992,1.942634472,2.126644492,5.456488541,2.543793718,5.343235498,7.338986095,6.191868166,0.371791703,2.095439949,5.465907543,19.21553858,2.008927328,15.22386431,3,1,0,0,0,1,0,0,0,0,0,1,0,0,1,0,0,1,0,1,0,0,0,0,0,0,1,0,0,0,0,0,0,1,0,0,1,1,0,0,0,0,0,0,0,1,0,1,0,0,0,0,0,0,0,0,1,0,1,0
54.5,Tulangan,2,1,1,1,77,128,-7.4546837,112.6497945,4.885899209,5.228272413,2.922773376,8.629586371,5.30701753,7.666432885,5.732709698,3.061737362,1.911481401,8.761900945,19.38138509,1.911481401,18.91432615,3,1,1,1,1,0,0,1,1,0,1,1,0,1,0,0,0,0,1,0,1,1,0,0,0,0,0,1,0,1,0,1,0,0,0,0,0,0,1,0,0,0,0,1,0,1,1,0,0,0,0,0,1,0,0,0,1,0,0,0
90,Sedati,2,1,0,1,108,108,-7.3717381,112.7637334,1.055519877,2.530923798,2.379729331,5.851397801,0.925778456,4.842332909,1.457960423,0.343812911,5.271921531,2.616759892,1.74408927,5.39617651,7.514619113,3,1,0,0,0,0,0,0,0,0,0,0,0,0,0,0,0,0,0,0,0,0,0,0,0,0,0,0,0,0,0,0,0,0,0,0,1,0,0,0,0,0,0,0,0,0,0,0,0,0,0,0,0,0,0,0,0,0,0,1
190,Sidoarjo,3,3,0,2,50,72,-7.4501427,112.6950608,1.648815188,1.038053013,1.995940911,2.262245672,1.598511232,1.299092186,1.905308831,2.890542652,4.432475872,5.431185737,14.57839848,3.389608903,18.27620673,3,1,0,0,0,0,0,0,0,0,0,1,0,0,0,0,0,0,0,0,0,0,0,0,0,0,0,0,0,0,0,0,0,0,0,0,1,0,0,0,0,0,0,0,0,1,0,0,0,0,0,0,1,0,0,0,1,0,0,0
40,Sedati,2,1,1,1,40,75,-7.3717382,112.7637336,1.055519877,2.530923798,2.379729331,5.851397801,0.925778456,4.842332909,1.457960423,0.343812911,5.271921531,2.616759892,1.74408927,5.39617651,7.514619113,3,1,1,1,0,0,0,0,0,0,1,1,0,1,0,1,0,0,0,0,0,1,0,0,0,0,0,0,0,0,0,0,0,0,0,0,1,1,0,0,0,1,0,1,0,1,1,0,1,1,0,0,1,0,0,0,1,0,0,0
30.5,Gedangan,2,1,0,1,90,36,-7.3896762,112.7279598,0.158767307,1.777257755,1.21182274,4.456698371,0.27487645,2.68881455,0.927586993,0.208774423,0.08462473,5.01120921,4.714349383,0.08462473,81.19501354,5,0,0,0,0,0,0,0,0,0,0,0,0,0,0,0,0,0,0,0,0,0,0,0,0,0,0,0,0,0,0,0,0,0,0,0,1,0,0,0,0,0,0,0,0,0,0,0,0,0,0,0,0,0,0,0,0,0,0,1
41,Taman,2,1,1,1,36,120,-7.340531,112.7077638,5.039305164,1.793968553,1.388814958,2.737127132,1.397520668,4.059999573,6.423217751,2.81503192,1.531673722,3.223142507,9.867280458,1.36647208,81.19501354,3,0,0,0,0,0,0,0,0,0,0,1,0,0,0,1,0,0,0,0,0,0,0,0,0,0,0,0,0,0,0,1,0,0,0,0,0,0,0,0,0,0,0,0,0,0,0,0,0,0,0,0,0,0,0,0,1,0,0,0
138,Gedangan,3,3,3,1,73,73,-7.3885636,112.732315,0.293057018,1.308594815,0.5520178,5.005422535,0.884893335,3.298831435,0.996987213,0.818791308,0.532064133,5.621226095,4.300310279,1.125763389,81.19501354,3,0,0,1,0,0,0,0,0,0,0,0,0,1,0,1,0,0,0,0,0,1,0,0,0,0,0,0,0,0,0,0,0,0,0,0,1,0,0,0,0,0,0,0,0,1,1,0,0,0,0,0,0,0,0,0,0,0,0,0
75,Sidoarjo,3,2,0,2,157,157,-7.45659327,112.7100083,2.244739222,0.957493794,1.527619189,1.401698042,1.468608374,1.059864531,1.393804414,2.920016963,2.485678057,3.543626901,13.0979305,0.794140866,2.00373738,3,1,0,0,0,0,0,0,0,0,0,1,0,1,0,0,0,0,0,0,0,0,0,0,0,0,0,0,0,1,0,0,0,0,0,0,1,0,0,0,0,0,0,0,0,0,0,0,0,0,0,0,0,0,0,0,0,0,0,1
44,Taman,2,1,0,1,120,154,-7.3589157,112.6810879,3.958887031,1.892287961,1.726992546,1.860381441,1.630770297,5.065770285,3.456460256,1.234408478,2.75036667,4.228913219,10.55213542,2.580458966,81.19501354,5,0,0,0,0,0,0,0,0,0,0,0,0,0,0,0,0,0,0,0,0,0,0,0,0,0,0,0,0,0,0,0,0,0,0,0,1,0,0,0,0,0,0,0,0,0,0,0,0,0,0,0,0,0,0,0,0,0,0,1
49.478,Candi,2,1,1,1,37,72,-7.4673674,112.7023641,1.742559299,2.276405157,1.299785296,2.342984867,1.920283628,2.988208825,2.22449385,1.408363513,2.337679631,1.571948555,14.86476131,2.925600605,2.661960394,4,1,0,1,0,0,0,0,0,0,0,0,0,0,0,1,0,0,0,0,0,0,0,0,0,0,0,0,0,0,0,0,0,0,0,0,1,0,0,0,0,1,0,0,0,1,1,0,0,0,0,0,1,0,0,0,1,0,0,0
27,Sukodono,2,1,0,1,36,72,-7.394061,112.6738809,0.841154993,2.876635709,3.908649488,5.892745572,0.28135024,8.302342463,3.92263492,1.354024066,6.782730801,8.26127735,11.8866952,6.612823097,19.89886834,4,1,0,1,0,0,0,0,0,0,0,0,0,0,0,0,0,0,0,0,0,1,0,0,0,0,0,0,0,0,0,0,0,0,0,0,1,0,0,0,0,0,0,0,0,0,0,0,0,0,0,0,0,0,0,0,0,0,0,1
39.1,Gedangan,2,1,1,1,32,72,-7.3896762,112.7279598,0.158767307,1.777257755,1.21182274,4.456698371,0.27487645,2.68881455,0.927586993,0.208774423,0.08462473,5.01120921,4.714349383,0.08462473,81.19501354,5,0,1,1,0,0,0,1,0,0,1,1,0,1,0,1,0,0,0,0,0,1,0,0,0,0,0,0,0,0,0,0,0,0,0,0,1,1,1,0,0,1,0,1,0,1,1,0,1,1,0,0,1,0,0,0,1,0,0,0
45,Sidoarjo,2,1,1,1,54,90,-7.44977187,112.7015496,1.418867546,1.347328217,1.619650847,1.161143531,1.125437344,1.711231791,0.80420669,2.877355001,2.962788217,3.976635156,13.48333016,2.288506762,0.501515038,3,1,0,1,0,0,0,0,0,0,0,0,0,1,0,0,0,0,0,0,0,1,0,0,0,0,0,0,0,0,0,0,0,0,0,0,1,0,0,0,0,0,0,0,0,0,1,1,0,0,0,0,1,0,0,0,1,0,0,0
68.5,Waru,2,1,1,1,36,50,-7.3564458,112.8066612,4.054281083,7.319414952,7.535872255,2.024079324,4.454184146,12.08479923,6.208011751,4.417006312,10.60586192,6.890853886,0.305722309,10.58700277,4.450679549,2,1,0,0,0,0,0,0,0,0,1,0,0,0,0,0,0,0,0,0,0,0,0,0,0,0,0,0,0,0,0,0,0,0,0,0,1,0,0,0,0,1,0,0,0,1,0,1,0,0,0,0,1,0,0,0,1,0,0,0
95,Sukodono,2,1,0,1,75,75,-7.3673611,112.7042937,0.486264891,1.979624996,2.882492854,3.826017335,1.242163777,3.215686384,2.112543494,1.207455432,3.523170881,2.971231771,7.079513284,3.596467866,22.88311721,3,1,0,1,0,0,0,0,0,0,0,1,0,1,0,0,0,0,0,0,0,1,0,0,0,0,0,0,0,0,0,0,0,0,0,1,0,0,1,0,0,0,0,0,0,0,0,0,0,0,0,0,0,0,0,0,1,0,0,0
95,Taman,5,3,3,1,200,120,-7.3807457,112.700583,1.431882119,3.162405596,5.17935938,5.051511653,1.048129278,4.417534175,1.442959735,0.245144845,4.47710454,4.596388484,8.281361075,4.347710547,21.25195084,3,1,0,0,0,0,0,0,0,0,0,0,0,0,0,0,0,0,0,0,0,0,0,0,0,0,0,0,0,0,0,0,0,0,0,0,1,0,0,0,0,0,0,0,0,0,0,0,0,0,0,0,0,0,0,0,0,0,0,1
180,Balongbendo,4,3,0,1,360,200,-7.4217,112.5322,13.81773375,5.633311884,6.851203125,20.82565765,7.105650917,21.49493989,19.87357832,1.787440015,3.87899293,6.643186608,29.54240469,3.874138192,34.85677348,3,1,0,0,0,1,0,0,0,0,0,1,0,0,1,0,0,0,0,1,0,0,0,0,0,0,0,0,0,0,0,1,1,0,0,0,0,0,0,0,0,0,0,0,0,1,0,1,0,0,0,0,0,0,0,0,1,0,0,0
54.3,Tanggulangin,2,1,1,1,39,91,-7.50246405,112.7091935,1.75730667,2.697035429,4.610180184,1.697485361,4.496927142,6.492677739,4.744941669,1.654641488,0.519210598,4.619599187,18.36923022,0.432697977,15.79050994,5,1,1,1,0,0,0,0,1,0,0,1,0,0,0,0,0,0,0,0,0,1,0,0,0,1,0,0,0,0,0,0,0,0,0,0,1,0,0,0,0,1,0,1,1,1,1,0,0,0,0,0,1,0,0,0,1,0,0,0
26,Tulangan,2,1,0,1,100,135,-7.4726134,112.6675398,3.788485157,4.410160492,3.569610887,7.48807905,3.967491241,6.838179161,3.886930266,1.67122419,3.414253244,6.978146743,19.38778336,3.441593893,14.73138427,2,1,0,0,0,0,0,0,0,0,0,0,0,0,0,0,0,0,0,0,0,0,0,0,0,0,0,0,0,0,0,0,0,0,0,0,1,0,0,0,0,0,0,0,0,0,0,0,0,0,0,0,0,0,0,0,0,0,0,1
56.4,Krembung,2,1,1,1,43,75,-7.50875445,112.6226665,4.047952021,10.3908873,11.02631388,10.24330053,8.071318606,14.29488216,9.489830732,9.127927188,7.255431005,14.43484974,26.84448636,7.255431005,21.43141143,4,1,1,1,0,0,0,0,0,0,0,0,0,1,0,1,0,0,1,0,0,1,0,0,0,1,0,0,0,0,0,0,0,0,0,1,1,1,1,1,0,1,0,1,1,1,1,0,0,0,0,0,1,0,0,0,1,0,0,0
38.28,Wonoayu,2,1,1,1,56,84,-7.446138,112.6514882,3.785473978,3.578061409,2.194564528,7.52916114,4.678234921,6.566007654,4.944646087,3.466680612,2.316424651,7.973837334,18.28095985,2.316424651,19.3192694,4,1,0,1,0,0,0,0,0,0,1,1,0,1,0,1,0,0,0,0,0,1,0,0,0,0,0,0,1,0,0,0,0,0,0,0,1,1,1,0,0,1,0,1,0,1,1,1,0,0,0,0,1,0,0,0,1,0,0,0
140,Gedangan,3,2,1,2,70,108,-7.39499401,112.7266654,1.063056736,2.720308447,0.856083479,5.399749063,2.706895103,3.593103979,1.870637684,2.353466285,1.027675421,6.205107286,5.657400074,1.027675421,21.62068087,3,1,0,1,0,0,0,0,0,0,1,1,0,0,0,0,0,0,0,0,0,1,0,0,0,0,0,0,0,0,0,1,0,0,0,0,0,0,0,0,0,0,0,0,0,0,1,0,0,0,0,0,0,0,0,0,1,0,0,0
50,Sidoarjo,2,1,1,1,36,72,-7.4541053,112.7302448,2.64351631,1.71746834,1.790289553,2.946315289,1.601064137,2.658111077,1.644896736,0.583436712,2.978932575,3.278218463,12.12296271,2.749194057,4.45845478,3,1,0,0,0,0,0,0,0,0,0,0,0,0,0,0,0,0,0,0,0,0,0,0,0,0,0,0,0,0,0,0,0,0,0,0,1,0,0,0,0,0,0,0,0,0,0,0,0,0,0,0,0,0,0,0,0,0,0,1
22.7,Tanggulangin,2,1,0,1,36,72,-7.50246405,112.7091935,1.75730667,2.697035429,4.610180184,1.697485361,4.496927142,6.492677739,4.744941669,1.654641488,0.519210598,4.619599187,18.36923022,0.432697977,15.79050994,5,1,0,0,0,0,0,0,0,0,0,0,0,0,0,0,0,0,0,0,0,0,0,0,0,0,0,0,0,0,0,0,0,0,0,0,1,0,0,0,0,0,0,0,0,0,0,0,0,0,0,0,0,0,0,0,0,0,0,1
67.5,Krembung,3,2,0,1,765,765,-7.5268,112.6637,7.897964305,5.746944314,11.59598382,5.080471132,2.908489209,13.86411006,4.327001334,3.249704829,5.271918747,11.80931862,25.55894965,5.224403821,21.66326364,3,1,0,0,0,1,0,0,0,0,0,1,0,0,1,0,0,0,0,0,0,0,0,0,0,0,1,0,0,0,0,1,0,0,0,0,0,0,0,0,0,0,0,0,0,1,0,0,0,0,0,0,0,0,0,0,1,0,0,0
55.5,Sukodono,2,1,1,1,30,72,-7.4214909,112.6838001,1.382357487,1.092411374,0.402974039,5.713928494,1.946364668,4.750775008,2.802714344,8.422357736,7.884158694,8.657631442,12.37926291,6.841291725,23.38699826,3,1,0,1,0,0,0,0,0,0,0,1,0,0,0,0,0,0,0,0,0,1,0,0,0,0,0,0,0,0,0,0,0,0,0,0,1,0,0,0,0,0,0,0,0,0,1,0,0,0,0,0,0,0,0,0,1,0,0,0
75,Tulangan,3,2,0,1,100,100,-7.4726134,112.6675398,3.788485157,4.410160492,3.569610887,7.48807905,3.967491241,6.838179161,3.886930266,1.67122419,3.414253244,6.978146743,19.38778336,3.441593893,14.73138427,2,1,0,0,0,0,0,0,0,0,0,0,0,0,0,0,0,0,0,0,0,0,0,0,0,0,0,0,0,0,0,0,0,0,0,0,1,0,0,0,0,0,0,0,0,0,0,0,0,0,0,0,0,0,0,0,0,0,0,1
50,Buduran,3,2,0,1,79,62,-7.436595,112.694927,2.305282635,1.091080798,3.925477366,3.50384699,4.093047567,2.540693504,3.146910149,25.70403532,5.67407719,6.67435079,15.58889553,4.631210221,27.31766661,2,1,1,1,0,0,0,0,0,0,0,1,0,1,0,0,0,0,0,0,0,1,0,0,0,0,0,0,0,0,0,0,0,0,0,1,1,0,1,0,0,1,0,0,0,0,0,0,0,0,0,0,0,0,0,0,0,0,0,0
175,Waru,5,3,0,1,90,113,-7.3645565,112.73553,2.052591345,1.152120693,1.247421178,2.635329208,1.901440594,1.343291791,1.396176722,0.287458602,2.851526131,3.665686452,4.108416305,3.164121645,81.19501354,4,0,0,0,0,0,0,0,0,0,0,0,0,0,0,0,0,0,0,0,0,0,0,0,0,0,0,0,0,0,0,0,0,0,0,0,1,0,0,0,0,0,0,0,0,0,0,0,0,0,0,0,0,0,0,0,0,0,0,1
37.5,Krian,2,1,1,1,72,72,-7.39687685,112.610094,3.642534967,5.025978631,4.452832954,11.37150408,4.605917523,13.34752098,11.11389158,1.865573769,2.100893257,3.832588662,19.65756957,4.267230693,25.40261991,4,1,0,0,0,0,0,0,0,0,0,1,0,1,0,0,0,0,0,0,0,1,0,0,0,1,0,0,0,0,0,0,0,0,0,0,1,0,0,0,0,1,0,1,0,1,1,0,0,0,0,0,1,0,0,0,1,0,0,0
50,Prambon,2,1,0,1,260,180,-7.449034,112.569756,7.138616352,4.78686977,4.540622794,17.86388383,4.460431596,16.90073035,15.19554032,5.020796996,3.056734926,4.925915877,27.88158397,2.718587471,25.14395451,3,1,0,1,0,0,0,0,0,0,0,0,0,0,0,0,0,0,0,0,0,1,0,0,0,0,0,0,0,0,0,0,0,0,0,0,1,0,0,0,0,0,0,0,0,0,0,0,0,0,0,0,0,0,0,0,0,0,0,1
68,Sukodono,2,1,1,1,60,84,-7.41997638,112.6839275,1.229685772,0.939739659,0.555645755,5.866600209,1.793692953,4.903446724,2.95538606,8.575029452,8.03683041,8.810303158,12.22659119,6.99396344,23.23432654,3,1,0,1,0,0,0,0,1,0,0,0,0,1,0,0,0,0,0,0,0,1,0,0,0,0,0,0,0,0,0,0,0,0,0,0,1,1,0,0,0,0,0,0,0,1,0,0,0,0,0,0,0,0,0,0,1,0,0,0
135,Waru,3,2,2,1,100,100,-7.3434451,112.7685874,1.377339183,1.996591986,2.17011146,3.59382091,1.441414916,6.581760473,0.384944975,1.627990143,5.10282317,5.914417178,5.793978306,5.083964019,5.10118704,3,1,0,0,0,0,0,0,0,0,0,0,0,0,0,0,0,0,0,0,0,0,0,0,0,0,0,0,0,0,0,0,0,0,0,0,1,0,0,0,0,0,0,0,0,0,0,0,0,0,0,0,0,0,0,0,0,0,0,1
75,Candi,2,1,1,1,36,72,-7.4644539,112.7018048,2.160667704,2.694513561,1.181311429,2.761093272,2.338392033,2.882292692,1.933553561,1.36604216,2.319691717,1.99005696,14.84677339,2.807126739,2.543486527,3,1,0,1,0,0,0,0,0,0,0,0,0,0,0,0,0,0,0,0,0,1,0,0,0,0,0,0,0,0,0,0,0,0,0,0,1,0,0,0,0,0,0,0,0,1,1,0,0,0,0,0,0,0,0,0,0,0,0,0
59.5,Sidoarjo,2,1,1,1,80,66,-7.4490842,112.6824377,1.347327059,0.631007866,0.78614283,3.77147722,1.347327059,2.808323734,2.631634613,2.629095272,4.913653215,5.528613568,15.60863074,4.813430536,17.98022328,3,1,0,1,0,0,0,0,0,0,0,1,0,0,0,0,0,0,0,0,0,1,0,0,0,0,0,0,0,0,0,0,0,0,0,0,1,0,0,0,0,0,0,0,0,1,1,0,0,0,0,0,0,0,0,0,0,0,0,0
119,Wonoayu,3,2,0,1,290,144,-7.4449197,112.6517872,3.651070633,3.443658064,2.323453186,7.477564491,4.626638272,6.514411005,5.073534745,3.601083957,2.450827996,8.102725992,18.14655651,2.450827996,19.45367274,4,1,0,1,0,0,0,0,0,0,0,0,0,0,1,0,0,0,0,0,0,0,0,0,0,0,0,0,0,0,0,0,0,0,0,0,1,0,0,0,0,0,0,1,0,1,1,1,0,0,0,0,1,0,0,0,1,0,0,0
85,Taman,3,2,0,2,90,90,-7.3778578,112.6411193,2.631206094,6.696484144,6.847380941,6.911361041,5.760949143,10.14174295,8.519256637,1.431569858,4.035794456,8.929282168,15.62810809,4.035794456,81.19501354,3,0,1,0,0,0,0,1,0,0,0,1,0,0,0,1,0,0,0,0,0,1,0,0,0,0,0,0,0,0,0,0,0,0,0,0,1,0,1,0,0,0,0,0,0,0,0,0,0,0,0,0,0,0,0,0,1,0,0,0
39.9,Buduran,2,1,0,2,84,84,-7.425129,112.7230909,1.91030037,1.39795371,1.106105101,1.052676295,2.292918065,2.740648466,2.107458689,1.941617939,5.114345548,5.494515392,8.711963207,4.531137012,22.15665081,3,1,0,0,0,0,0,0,0,0,0,0,0,0,0,0,0,0,0,0,0,0,0,0,0,0,0,0,0,0,0,0,0,0,0,0,1,0,0,0,0,0,0,0,0,0,0,0,0,0,0,0,0,0,0,0,0,0,0,1
65,Sidoarjo,3,2,0,1,36,72,-7.4362461,112.6855113,0.580033158,1.53281367,0.631361502,3.782683797,1.880460415,2.819530311,3.425746956,23.97878585,5.952913997,6.953187598,13.86364606,4.910047028,25.59241713,3,1,0,0,0,0,0,0,0,0,0,0,0,0,0,0,0,0,0,0,0,0,0,0,0,0,0,0,0,0,0,0,0,0,0,0,1,0,0,0,0,0,0,0,0,0,0,0,0,0,0,0,0,0,0,0,0,0,0,1
46,Sidoarjo,3,2,0,1,60,72,-7.4497718,112.7015495,1.418867546,1.347328217,1.619650847,1.161143531,1.125437344,1.711231791,0.80420669,2.877355001,2.962788217,3.976635156,13.48333016,2.288506762,0.501515038,3,1,0,0,0,0,0,0,0,0,0,0,0,0,0,0,0,0,0,0,0,0,0,0,0,0,0,0,0,0,0,0,0,0,0,0,1,0,0,0,0,0,0,0,0,0,0,0,0,0,0,0,0,0,0,0,0,0,0,1
200,Sidoarjo,3,2,0,2,38,72,-7.45253847,112.7049707,1.530243867,1.720655643,1.090757524,1.017896452,0.696152844,1.572681064,0.389032519,2.854653652,2.198463795,3.30812308,13.64280545,1.480844132,1.08585532,3,1,0,0,0,0,0,0,0,0,0,0,0,0,0,0,0,0,0,0,0,0,0,0,0,0,0,0,0,0,0,1,0,0,0,0,0,0,0,0,0,0,0,0,0,0,0,0,0,0,0,0,0,0,0,0,0,0,0,1
56.4,Buduran,2,1,1,1,38,90,-7.425129,112.7230909,1.91030037,1.39795371,1.106105101,1.052676295,2.292918065,2.740648466,2.107458689,1.941617939,5.114345548,5.494515392,8.711963207,4.531137012,22.15665081,3,1,1,1,0,0,0,0,0,0,0,1,0,1,0,1,0,0,1,0,0,1,0,0,0,1,0,0,0,0,0,0,0,0,0,1,1,0,1,0,0,1,0,1,1,1,1,0,0,0,0,0,1,0,0,0,1,0,0,0
30,Tulangan,2,1,1,1,200,256,-7.4726134,112.6675398,3.788485157,4.410160492,3.569610887,7.48807905,3.967491241,6.838179161,3.886930266,1.67122419,3.414253244,6.978146743,19.38778336,3.441593893,14.73138427,2,1,0,0,0,0,1,0,0,0,0,1,0,0,0,0,0,0,0,0,0,0,0,0,0,0,0,0,0,0,0,0,0,0,0,0,0,0,0,0,0,0,0,0,0,0,0,0,0,0,0,0,0,0,0,0,0,0,0,1
65.5,Sukodono,2,1,1,2,70,90,-7.392182,112.695822,0.035669382,1.828065894,5.227479382,6.44772439,2.444342016,5.813746913,1.672505938,1.341643827,4.609346557,5.992601222,9.23907121,4.609346557,19.89909863,4,1,1,0,0,0,0,0,1,0,0,1,0,1,0,0,0,0,0,0,0,0,0,0,0,0,0,0,0,0,0,0,0,0,0,0,1,0,0,0,0,1,0,1,0,0,1,0,0,0,0,0,1,0,0,0,0,0,0,0
64,Sukodono,2,1,0,1,36,72,-7.3917448,112.7010238,1.270253791,1.565204108,4.935173909,6.661495048,2.023911636,5.34783922,1.409644152,1.049338354,4.317041085,5.699700545,8.946765738,4.317041085,19.65474935,4,1,0,0,0,0,0,0,0,0,0,0,0,0,0,0,0,0,0,0,0,0,0,0,0,0,0,0,0,0,0,0,0,0,0,0,1,0,0,0,0,1,0,0,0,0,0,0,0,0,0,0,0,0,0,0,1,0,0,0
15,Sukodono,2,1,0,1,105,150,-7.394061,112.6738809,0.841154993,2.876635709,3.908649488,5.892745572,0.28135024,8.302342463,3.92263492,1.354024066,6.782730801,8.26127735,11.8866952,6.612823097,19.89886834,4,1,0,0,0,0,0,0,0,0,0,0,0,0,0,0,0,0,0,0,0,0,0,0,0,0,0,0,0,0,0,0,0,0,0,0,1,0,0,0,0,0,0,0,0,0,0,0,0,0,0,0,0,0,0,0,0,0,0,1
90,Waru,2,1,0,1,100,188,-7.3549903,112.7519191,2.171490622,2.075140336,2.453521835,3.049190726,2.12616492,4.022922632,3.021177887,3.669026703,3.577983162,5.05429143,4.68510093,3.577983162,2.55526037,3,1,0,0,0,0,0,0,0,0,0,0,0,0,0,0,0,0,0,0,0,0,0,0,0,0,0,0,0,0,0,0,0,0,0,0,1,0,0,0,0,0,0,0,0,0,0,0,0,0,0,0,0,0,0,0,0,0,0,1
38.245,Sidoarjo,2,1,1,1,45,90,-7.44977187,112.7015496,1.418867546,1.347328217,1.619650847,1.161143531,1.125437344,1.711231791,0.80420669,2.877355001,2.962788217,3.976635156,13.48333016,2.288506762,0.501515038,3,1,0,1,0,0,0,0,1,0,1,1,0,1,0,1,0,0,0,0,0,1,0,0,0,0,0,0,1,1,0,0,0,0,0,0,1,1,0,0,0,1,0,1,0,1,1,1,1,0,0,0,1,0,0,0,1,1,0,0
48,Sedati,3,1,0,1,91,91,-7.40345,112.76539,2.47888228,5.001893365,1.180635035,3.767396736,2.85752684,7.353805661,4.674069981,3.146445005,5.456108083,3.878258569,3.878258569,5.456108083,9.220021746,3,1,0,1,0,0,0,0,0,0,0,1,0,0,0,0,0,0,0,0,0,0,0,0,0,0,0,0,0,0,0,0,0,0,0,0,1,0,0,0,0,0,0,0,0,0,0,0,0,0,0,0,0,0,0,0,0,0,0,1
39.6,Sukodono,3,2,2,2,50,100,-7.4156799,112.6815785,1.259801158,0.237646129,1.257739284,6.428804522,1.091599423,5.465651036,3.047810094,9.269212463,8.599034722,9.512396688,12.25670658,7.556167753,22.53223301,2,1,0,0,0,0,0,0,0,0,0,0,0,0,0,0,0,0,0,0,0,0,0,0,0,0,0,0,0,0,0,0,0,0,0,0,1,0,0,0,0,0,0,0,0,0,0,0,0,0,0,0,0,0,0,0,0,0,0,1
31.3,Candi,3,2,2,2,196,192,-7.478217,112.711994,0.793470339,1.49367899,1.843816872,1.945040432,1.730563829,3.726314427,4.448002271,0.83672021,3.075785233,1.853235874,15.60286691,3.148627253,12.09613702,3,1,1,1,0,1,0,0,1,0,0,1,0,1,0,1,0,0,0,0,0,1,0,0,0,1,0,0,1,0,0,0,0,0,0,0,1,1,0,0,0,1,0,1,0,1,0,0,0,0,0,0,0,0,0,0,1,0,0,0
124,Waru,3,2,2,1,105,105,-7.3478182,112.7369717,2.860972438,2.202222157,3.047714081,0.326971152,3.653708693,2.69165709,0.440151216,1.819983829,1.307904705,2.784212973,5.730834958,1.289045555,81.19501354,3,0,0,1,0,0,0,0,0,0,0,1,0,0,0,0,0,0,0,0,0,1,0,0,0,0,0,0,0,0,0,0,0,0,0,0,1,0,0,0,0,0,0,0,0,0,0,0,0,0,0,0,0,0,0,0,1,0,0,0
60,Candi,2,1,0,1,36,72,-7.4815936,112.7255653,0.659341316,2.902386438,3.155709808,3.295850726,2.239379247,5.077124721,2.883303031,0.205877526,4.426595527,3.204046169,15.24278414,4.499437547,13.81589831,3,1,0,1,0,0,0,0,0,0,0,0,0,0,0,0,0,0,0,0,0,1,0,0,0,0,0,0,0,0,0,0,0,0,0,0,0,0,0,0,0,0,0,0,0,1,0,0,0,0,0,0,0,0,0,0,0,0,0,0
70,Sukodono,2,2,2,2,36,72,-7.3917448,112.7010238,1.270253791,1.565204108,4.935173909,6.661495048,2.023911636,5.34783922,1.409644152,1.049338354,4.317041085,5.699700545,8.946765738,4.317041085,19.65474935,4,1,0,0,0,0,0,0,0,0,0,0,0,0,0,0,0,0,0,0,0,0,0,0,0,0,0,0,0,0,0,0,0,0,0,0,1,0,0,0,0,1,0,0,0,0,1,0,0,0,0,0,1,0,0,0,1,0,0,0
37.5,Krian,2,1,1,1,36,90,-7.3970707,112.601646,4.333152266,3.73003068,3.601438715,12.06212138,3.754523284,14.10620332,12.38051539,1.743892993,2.93324046,2.981194423,20.77886842,4.252953457,26.09323721,3,1,0,1,0,0,0,0,0,0,0,0,0,0,0,1,0,0,0,0,0,0,0,0,0,1,0,0,0,0,0,0,0,0,0,0,1,0,0,0,0,1,0,0,0,1,1,0,0,0,0,0,0,0,0,0,1,0,0,0
100,Sidoarjo,3,3,2,2,85,131,-7.459435,112.709638,0.936507066,1.839966806,0.965525848,2.366067152,2.588947861,1.533005665,1.889263677,2.673000822,0.882476471,2.697970325,13.40955815,1.665039586,2.499196643,3,1,1,0,0,1,0,1,0,0,0,1,0,1,0,1,0,0,1,0,0,0,0,0,0,0,0,0,0,0,0,1,1,0,0,0,0,1,0,0,0,1,0,0,0,1,0,0,0,0,0,0,0,0,0,0,1,0,0,0
29.9,Wonoayu,2,1,1,1,60,60,-7.446138,112.6514882,3.785473978,3.578061409,2.194564528,7.52916114,4.678234921,6.566007654,4.944646087,3.466680612,2.316424651,7.973837334,18.28095985,2.316424651,19.3192694,4,1,0,0,0,0,0,0,0,0,0,0,0,0,0,0,0,0,0,0,0,0,0,0,0,0,0,0,0,0,0,0,0,0,0,0,1,0,0,0,0,0,0,0,0,0,1,0,0,0,0,0,0,0,0,0,0,0,0,0
130,Waru,3,2,0,2,140,90,-7.3432711,112.7683327,1.377339183,1.996591986,2.17011146,3.59382091,1.441414916,6.581760473,0.384944975,1.627990143,5.10282317,5.914417178,5.793978306,5.083964019,5.10118704,4,1,1,0,0,0,0,0,0,0,0,0,0,1,0,0,0,0,0,0,0,0,0,0,0,0,0,0,0,0,0,0,0,0,0,1,1,0,1,0,0,0,0,0,0,0,0,0,0,0,0,0,0,0,0,0,0,0,0,1
120,Gedangan,2,2,2,2,146,121,-7.391717,112.7306136,0.811598983,1.229690775,1.376210914,4.585753045,1.403435301,3.8173734,0.570550072,1.337333273,1.050606099,6.139768061,4.818852244,1.050606099,81.19501354,3,0,0,0,0,0,0,0,0,0,0,0,0,0,0,0,0,0,0,0,0,0,0,0,0,0,0,0,0,0,0,0,0,0,0,0,1,0,0,0,0,0,0,0,0,0,0,0,0,0,0,0,0,0,0,0,0,0,0,1
130,Waru,6,2,2,2,120,95,-7.3431179,112.7736872,0.610929248,3.42625631,3.599775784,2.908772776,1.11861011,8.011424797,3.173989206,2.050860717,6.532487494,6.523121864,5.108930172,6.513628343,3.641972733,3,1,0,0,0,0,0,0,0,0,0,0,0,0,0,0,0,0,0,0,0,0,0,0,0,0,0,0,0,0,0,0,0,0,0,0,1,0,0,0,0,0,0,0,0,0,0,0,0,0,0,0,0,0,0,0,0,0,0,1
49.8,Sidoarjo,2,1,0,1,200,200,-7.4497718,112.7015495,1.418867546,1.347328217,1.619650847,1.161143531,1.125437344,1.711231791,0.80420669,2.877355001,2.962788217,3.976635156,13.48333016,2.288506762,0.501515038,3,1,0,0,0,0,0,0,0,0,0,1,0,0,0,0,0,0,0,0,0,0,0,0,0,0,0,0,0,0,0,0,0,0,0,0,0,0,0,0,0,0,0,1,0,0,0,0,0,0,0,0,0,0,0,0,0,0,0,0
52,Gedangan,0,0,0,1,100,120,-7.40905598,112.7464964,0.590881857,3.951380156,3.479002852,4.145243418,2.860849862,6.637122772,3.209199387,0.231840285,4.130773488,5.80409664,4.74742979,4.130773488,22.20518574,4,1,0,0,0,0,0,0,0,0,0,1,0,1,0,0,0,0,0,0,0,1,0,0,0,0,0,0,0,0,0,0,0,0,0,0,0,0,0,0,0,1,0,0,0,0,0,0,0,0,0,0,0,0,0,0,1,0,0,0
39,Sedati,2,1,1,1,32,72,-7.3717382,112.7637336,1.055519877,2.530923798,2.379729331,5.851397801,0.925778456,4.842332909,1.457960423,0.343812911,5.271921531,2.616759892,1.74408927,5.39617651,7.514619113,3,1,0,1,0,0,0,0,0,0,1,1,0,1,0,1,0,0,0,0,0,1,0,0,0,0,0,0,0,0,0,0,0,0,0,0,1,1,1,0,0,1,0,0,0,1,1,0,1,0,0,0,1,0,0,0,1,0,0,0
100,Waru,6,3,0,3,91,91,-7.3608225,112.7293455,1.758553953,1.175907912,1.473843171,2.230918356,2.079837783,1.52168898,1.57457391,1.995747507,0.927670534,1.741830855,5.190513238,2.587776243,81.19501354,5,0,0,0,0,0,0,0,0,0,0,0,0,0,0,0,0,0,0,0,0,0,0,0,0,0,0,0,0,0,0,0,0,0,0,0,1,0,0,0,0,0,0,0,0,0,0,0,0,0,0,0,0,0,0,0,0,0,0,1
60,Sidoarjo,2,1,0,1,29,78,-7.44225619,112.6984067,2.872806106,1.079428011,1.166460169,1.700217811,1.314360219,2.516225364,1.34328097,24.52768255,3.870448011,4.870721612,13.191245,2.827581042,26.14131384,3,1,1,0,0,0,1,1,1,0,1,1,1,0,0,1,0,0,1,0,0,1,0,0,0,1,0,0,0,0,0,0,0,0,0,0,0,1,1,1,0,1,0,0,0,1,1,0,1,0,0,0,1,0,0,0,1,0,0,0
58.5,Wonoayu,2,1,1,1,60,72,-7.44424093,112.6472858,4.191119924,3.983707355,2.656864548,7.991461161,5.140534942,7.028307675,5.406946108,3.928980633,2.778724672,8.436137355,18.6866058,2.778724672,27.78900352,5,1,1,0,0,1,0,1,0,0,1,1,0,1,0,0,0,0,1,0,1,0,0,0,0,0,0,1,0,1,0,0,0,0,0,0,1,0,1,0,0,0,0,1,1,1,1,1,1,0,1,0,0,1,0,0,1,1,0,0
197,Waru,6,4,0,2,154,94,-7.3648088,112.7702037,2.154014975,2.501148467,2.419929744,5.048522742,2.111954172,5.49100284,1.428185092,1.698838456,6.05715824,3.971785437,3.971785437,6.05715824,5.781722699,3,1,0,0,0,0,0,0,0,0,0,0,0,0,0,0,0,0,0,0,0,0,0,0,0,0,0,0,0,0,0,0,0,0,0,0,1,0,0,0,0,0,0,0,0,0,0,0,0,0,0,0,0,0,0,0,0,0,0,1
29.9,Buduran,1,1,0,1,36,60,-7.4507164,112.7926759,20.79916938,15.43536556,15.04616861,18.27246042,17.12112406,17.20282862,16.33025157,15.43240183,18.4989925,18.37395065,18.37395065,18.01847401,18.79544842,1,1,0,1,0,0,0,0,0,0,0,0,0,0,0,0,0,0,0,0,0,1,0,0,0,0,0,0,0,0,0,0,0,0,0,0,1,0,0,0,0,0,0,0,0,1,0,0,0,0,0,0,0,0,0,0,0,0,0,0
15,Tulangan,2,1,1,1,60,75,-7.4618085,112.6571111,5.184945201,4.468626007,3.628076402,7.849980262,4.159621898,6.896644676,4.585314066,1.729689706,2.916648685,7.614505313,19.44624888,3.069223107,17.99900496,3,1,0,1,0,0,0,0,0,0,0,0,0,0,0,0,0,0,0,0,0,1,0,0,0,0,0,0,0,0,0,0,0,0,0,0,1,0,0,0,0,0,0,0,0,0,0,0,0,0,0,0,0,0,0,0,0,0,0,1
52,Sidoarjo,2,1,0,1,36,72,-7.4428037,112.6936111,1.15578074,0.590002878,1.547890777,2.435341708,1.15578074,1.472188222,2.078404867,25.38329907,4.605571908,5.357969857,14.75149452,3.562704939,27.37950372,3,1,0,0,0,0,0,0,0,0,0,0,0,0,0,0,0,0,0,0,0,0,0,0,0,0,0,0,0,0,0,0,0,0,0,0,1,0,0,0,0,0,0,0,0,0,0,0,0,0,0,0,0,0,0,0,0,0,0,1
59.5,Sukodono,2,1,1,1,32,72,-7.408064,112.6943559,1.389154201,2.538243089,3.008517048,5.130514347,3.239714028,5.936832632,1.428024017,1.49751217,6.007195849,9.49202783,10.6369205,6.007195849,22.54943847,1,1,0,1,0,0,0,0,0,1,0,1,0,0,0,1,0,0,0,0,0,1,0,0,0,0,0,0,0,0,0,0,0,0,0,0,1,0,1,0,0,1,0,0,0,1,1,1,0,0,0,1,0,0,0,0,1,0,0,0
69.1,Sukodono,2,2,2,2,72,32,-7.3914287,112.6988252,0.544382914,2.336779426,5.736192914,6.735769305,2.73238693,6.101791828,2.18121947,1.850357359,5.118060089,6.280646136,9.747784742,5.118060089,20.40781216,3,1,0,0,0,0,0,0,0,0,0,1,0,1,0,1,0,0,0,0,0,1,0,0,0,0,0,0,0,0,0,0,0,0,0,0,1,0,0,0,0,0,0,0,0,1,1,0,0,0,0,0,1,0,0,0,1,0,0,0
170,Waru,4,2,0,1,150,180,-7.3503078,112.7674661,1.10438002,1.229006217,1.445463521,3.972977345,0.373224262,5.970825657,4.238193775,0.837264716,4.491888353,5.123691752,3.893532255,4.473029203,5.266527028,4,1,0,0,0,0,0,0,0,0,0,0,0,0,0,0,0,0,0,0,0,0,0,0,0,0,0,0,0,0,0,0,0,0,0,0,1,0,0,0,0,0,0,0,0,0,1,0,0,0,0,0,0,0,0,0,0,0,0,0
85,Taman,2,1,1,1,120,130,-7.3758656,112.6435652,2.17718511,6.242463161,6.393359957,6.457340058,5.306928159,9.687721964,8.065235653,2.253344009,4.219875341,9.113363054,15.1740871,4.219875341,81.19501354,2,0,0,1,0,0,0,0,0,0,0,1,0,0,0,0,0,0,0,0,0,1,0,0,0,0,0,0,0,1,0,0,0,0,0,1,1,1,0,0,0,0,0,0,0,1,1,0,0,0,0,0,1,0,0,0,0,0,0,0
75,Taman,2,1,0,1,90,150,-7.3640361,112.7108056,1.273858693,1.899123311,3.76049398,4.704018461,1.4106868,2.930267799,3.196770704,1.23880523,4.401172007,2.890730087,7.248036307,4.099178596,23.48292794,3,1,0,1,0,0,0,0,0,0,1,0,0,0,0,0,0,0,0,0,0,0,0,0,0,0,0,0,0,0,0,0,0,0,0,0,1,0,0,0,0,0,0,0,0,1,0,0,0,0,0,0,1,0,0,0,0,0,0,0
39,Sedati,2,1,1,1,59,72,-7.4109236,112.7719291,3.963774317,6.609053618,2.815180463,4.094771928,4.492072268,8.988351089,6.281230233,4.018141845,7.090653512,5.033480554,5.033480554,7.090653512,10.85456717,3,1,1,1,1,0,0,1,1,1,1,1,1,1,0,1,1,0,1,0,1,1,0,0,1,1,0,1,1,1,1,0,0,0,0,1,1,1,1,1,1,1,0,1,1,1,1,1,1,1,1,1,1,1,1,0,1,1,0,0
87.5,Waru,3,2,0,2,120,240,-7.3434451,112.7685874,1.377339183,1.996591986,2.17011146,3.59382091,1.441414916,6.581760473,0.384944975,1.627990143,5.10282317,5.914417178,5.793978306,5.083964019,5.10118704,3,1,0,0,0,0,0,0,0,0,0,0,0,0,0,0,0,0,0,0,0,0,0,0,0,0,0,0,0,0,0,0,0,0,0,0,1,0,0,0,0,0,0,0,0,0,0,0,0,0,0,0,0,0,0,0,0,0,0,1
52.5,Sidoarjo,2,1,0,1,84,84,-7.44427949,112.676829,1.546836703,0.996448963,1.600937635,4.397762921,1.546836703,3.434609435,3.388951062,2.35367735,5.575436888,6.418142309,15.80814038,5.72801131,18.67850313,3,1,1,1,0,0,0,0,0,0,0,0,0,1,0,1,0,0,0,0,0,1,0,0,0,0,0,0,0,0,0,0,0,0,0,0,1,0,1,0,0,0,0,0,0,0,0,0,0,0,0,0,0,0,0,0,0,0,0,1
45,Buduran,2,1,1,1,85,126,-7.4218622,112.7532509,2.29874949,3.755791596,4.222223789,4.335149731,4.852358319,6.827029085,5.495618789,2.372902447,6.41719289,7.361131508,6.591456148,6.41719289,9.28097884,3,1,0,1,0,0,0,0,0,0,0,1,0,1,0,1,0,0,0,0,0,1,0,0,0,1,0,0,0,0,0,0,0,0,0,0,1,0,1,0,0,1,0,1,0,1,1,0,0,0,0,0,0,0,0,0,1,0,0,0
77.5,Waru,3,1,1,1,105,105,-7.3503078,112.7674661,1.10438002,1.229006217,1.445463521,3.972977345,0.373224262,5.970825657,4.238193775,0.837264716,4.491888353,5.123691752,3.893532255,4.473029203,5.266527028,4,1,0,1,0,0,0,0,0,0,0,1,0,0,0,0,0,0,0,0,0,1,0,0,0,0,0,0,0,0,0,0,0,0,0,0,1,1,0,0,0,0,0,0,0,1,1,0,0,0,0,0,0,0,0,0,0,0,0,0
55,Sedati,2,1,0,1,110,156,-7.38084109,112.7554345,0.721373537,3.797469731,3.891007229,5.732425142,2.167712661,4.207096583,2.839191861,0.925796028,3.671200909,2.497787233,0.421705458,3.795455888,5.552460717,4,1,0,1,0,0,0,0,0,0,0,1,0,0,0,0,0,0,0,0,0,0,0,0,0,0,0,0,0,0,0,0,0,0,0,0,1,0,0,0,0,0,0,0,0,0,0,0,0,0,0,0,0,0,0,0,0,0,0,1
120,Waru,2,3,0,1,72,72,-7.3517813,112.7846068,3.655698466,4.153966852,4.333047014,2.145324082,1.337944385,8.962938975,1.481955455,0.333828139,7.489622164,5.530774531,4.345481477,7.470763013,1.145830679,2,1,0,0,0,0,0,0,0,0,0,0,0,0,0,0,0,0,0,0,0,0,0,0,0,0,0,0,0,0,0,0,0,0,0,0,1,0,0,0,0,0,0,0,0,0,0,0,0,0,0,0,0,0,0,0,0,0,0,1
56.4,Jabon,2,1,1,1,43,75,-7.5480009,112.7312447,10.48270843,9.169476027,13.91790693,5.044478331,4.971086829,15.2180795,5.484787632,4.96807068,5.024964838,13.34500095,26.00498126,5.024964838,81.19501354,4,0,1,1,0,0,0,0,0,0,0,0,0,1,0,1,0,0,1,0,0,1,0,0,0,1,0,0,0,0,0,0,0,0,0,1,1,1,1,1,0,1,0,1,1,1,1,0,0,1,0,0,1,0,0,0,1,0,0,0
48.1,Krembung,2,1,0,1,650,366,-7.5268,112.6637,7.897964305,5.746944314,11.59598382,5.080471132,2.908489209,13.86411006,4.327001334,3.249704829,5.271918747,11.80931862,25.55894965,5.224403821,21.66326364,3,1,0,0,0,0,0,0,0,0,0,1,0,0,0,0,0,0,0,0,0,0,0,0,0,0,0,0,0,0,0,0,0,0,0,0,1,0,0,0,0,0,0,0,0,1,0,0,0,0,0,0,0,0,0,0,1,0,0,0
119,Gedangan,4,3,0,2,110,72,-7.3885665,112.7323259,0.293057018,1.308594815,0.5520178,5.005422535,0.884893335,3.298831435,0.996987213,0.818791308,0.532064133,5.621226095,4.300310279,1.125763389,81.19501354,3,0,0,0,0,0,0,0,0,0,0,0,0,0,0,0,0,0,0,0,0,0,0,0,0,0,0,0,0,0,0,1,0,0,0,0,0,0,0,0,0,0,0,0,0,0,1,0,0,0,0,0,0,0,0,0,0,0,0,0
58.5,Taman,2,1,1,1,36,72,-7.37612026,112.6337138,0.491567423,5.608931901,8.050118524,8.114098624,6.257446188,11.34448053,9.673374932,0.653010855,2.274889274,7.168376986,16.83084567,2.274889274,81.19501354,5,0,0,0,0,0,0,0,0,0,0,1,0,1,0,1,0,0,0,0,0,1,0,0,0,1,0,0,0,0,0,0,0,0,0,0,1,1,1,0,0,1,0,1,1,1,1,0,0,1,0,0,1,0,0,0,1,0,0,0
58.5,Gedangan,2,1,1,1,36,72,-7.3943502,112.7474056,1.918342154,3.007294409,2.477588906,6.414238918,4.251035443,6.328704078,3.200165583,2.606503015,3.561936776,5.920327969,4.86366112,3.561936776,10.25317262,3,1,0,0,1,0,0,0,0,0,0,1,0,1,0,0,0,0,0,0,0,0,0,0,0,0,0,1,0,0,0,0,0,0,0,0,1,0,1,0,0,0,0,0,1,0,1,0,1,0,0,0,0,0,0,0,1,0,0,0
62.5,Sidoarjo,2,1,0,1,90,174,-7.4540491,112.7066448,1.329265792,1.199338443,1.227777695,0.816918377,1.117265542,1.37170299,1.000657349,2.333336452,2.185836562,3.394768865,13.33977515,0.959526932,1.632499152,3,1,0,1,0,0,0,0,0,0,0,0,0,0,0,0,0,0,0,0,0,1,0,0,0,0,0,0,0,0,0,0,0,0,0,0,0,0,0,0,0,0,0,0,0,0,0,0,0,0,0,0,0,0,0,0,0,0,0,1
155,Waru,4,3,1,1,90,90,-7.3645565,112.73553,2.052591345,1.152120693,1.247421178,2.635329208,1.901440594,1.343291791,1.396176722,0.287458602,2.851526131,3.665686452,4.108416305,3.164121645,81.19501354,4,0,1,1,0,0,0,0,0,0,0,1,0,0,0,0,0,0,0,0,0,0,0,0,0,0,0,0,0,0,0,0,0,0,0,1,1,0,1,0,0,0,0,0,0,0,1,0,0,0,0,0,0,0,0,0,0,0,0,0
47.652,Jabon,2,1,1,1,40,100,-7.5480009,112.7312447,10.48270843,9.169476027,13.91790693,5.044478331,4.971086829,15.2180795,5.484787632,4.96807068,5.024964838,13.34500095,26.00498126,5.024964838,81.19501354,4,0,1,0,1,1,0,1,1,1,1,1,1,0,0,1,1,0,0,0,1,1,0,0,1,0,0,1,0,0,1,0,0,0,0,0,1,0,0,1,1,1,0,1,1,0,0,0,0,1,1,1,1,0,0,0,1,0,0,0
160,Sidoarjo,4,4,0,2,65,96,-7.4479358,112.6956393,1.39760749,0.786845314,1.744733213,2.011037974,1.347303533,1.047884488,1.654101133,2.639334953,4.181268174,5.179978039,14.32719078,3.138401205,18.02499903,3,1,0,1,0,0,0,0,0,0,1,0,0,1,0,1,0,0,0,0,0,1,0,0,0,0,0,0,0,0,0,0,0,0,0,0,1,0,0,0,0,0,0,0,0,1,1,0,0,0,0,0,0,0,0,0,0,0,0,0
48.5,Krian,2,1,1,1,40,60,-7.40299,112.5873906,5.680902608,1.908363811,1.678408623,13.40987172,1.932856415,14.67713014,13.78695269,0.734168206,1.111573591,1.159527555,22.12661877,1.066151869,27.44098755,4,1,1,1,0,0,0,0,0,0,0,1,0,1,0,0,0,0,0,0,0,1,0,0,0,0,0,0,0,0,0,0,0,0,0,0,1,1,0,0,0,1,0,1,0,1,1,1,0,0,0,0,0,0,0,0,1,0,0,0
86,Waru,4,2,2,1,120,104,-7.3668153,112.7658126,1.905475328,2.25260882,2.119636345,5.228072405,1.76932612,4.979524959,1.179645445,1.187360575,5.756864842,3.460307556,2.230148059,5.756864842,7.236304135,3,1,1,0,0,0,0,0,0,0,0,0,0,1,0,0,0,0,1,0,0,0,0,0,0,0,0,0,0,0,0,1,0,0,0,0,0,0,1,0,0,0,0,0,0,0,0,0,0,0,0,0,0,0,0,0,0,0,0,1
96.9,Candi,3,2,0,2,75,75,-7.4578412,112.6839275,2.517696166,1.801376972,1.957649001,4.228586127,0.646990461,3.512824781,1.080636207,1.179785889,4.43748689,4.101873876,16.77899984,4.781153484,16.49657367,3,1,0,1,0,0,0,0,1,0,0,1,0,0,0,1,0,0,1,0,0,1,0,0,0,1,0,0,0,0,0,0,0,0,0,0,1,1,1,0,0,1,0,1,0,1,1,1,1,1,0,0,1,0,0,0,1,0,0,0
48.8,Prambon,2,1,0,1,240,240,-7.4457506,112.5707595,7.512014843,4.41347128,4.167224303,17.94663175,4.087033105,16.98347827,15.3621167,4.647398506,2.683336435,4.552517386,27.50818548,2.34518898,32.82255427,2,1,0,0,0,0,0,0,0,0,0,0,0,0,0,0,0,0,0,0,0,0,0,0,0,0,0,0,0,0,0,0,0,0,0,0,1,0,0,0,0,0,0,0,0,0,0,0,0,0,0,0,0,0,0,0,1,0,0,0
40.71,Buduran,2,1,1,32,36,72,-7.42312285,112.7083108,3.06734603,1.579570538,2.324225893,3.007720071,2.619649199,2.924748675,2.229322955,2.229322955,6.091462485,6.589493701,11.1021929,4.785366794,23.98214457,3,1,1,1,1,1,0,1,1,1,1,1,1,1,0,1,1,0,1,0,1,1,0,0,1,1,0,1,1,1,1,0,0,0,0,1,1,1,1,1,1,1,0,1,1,1,1,1,1,1,1,1,1,1,1,0,1,1,0,0
47.5,Sidoarjo,2,1,1,1,36,90,-7.4578331,112.7278553,1.390739392,0.733273219,0.84709606,2.190805415,0.771355206,2.593390432,1.295063783,0.752379992,2.31865985,2.522708589,13.33265586,2.410060823,4.422371014,3,1,0,0,0,0,0,0,0,0,0,1,0,1,0,0,0,0,0,0,0,1,0,0,0,0,0,1,0,0,0,0,0,0,0,0,0,0,1,0,0,0,0,0,1,1,1,1,0,0,0,0,0,0,0,0,0,0,0,0
45,Sidoarjo,5,5,0,1,90,94,-7.4582209,112.712551,2.116344499,1.018907927,2.248987301,3.083329004,3.306209714,1.092983291,1.898406521,2.79162224,3.035062334,3.415232178,12.96953577,3.107904354,2.540927368,3,1,0,0,0,0,0,0,0,0,0,0,0,0,0,0,0,0,0,0,0,0,0,0,0,0,0,0,0,0,0,0,0,0,0,0,1,0,0,0,0,0,0,0,0,0,0,0,0,0,0,0,0,0,0,0,0,0,0,1
130,Waru,4,3,0,1,140,78,-7.3503078,112.7674661,1.10438002,1.229006217,1.445463521,3.972977345,0.373224262,5.970825657,4.238193775,0.837264716,4.491888353,5.123691752,3.893532255,4.473029203,5.266527028,4,1,0,1,0,0,0,0,0,0,0,0,0,0,0,1,0,0,0,0,0,1,0,0,0,0,0,0,0,0,0,0,0,0,0,0,0,0,0,0,0,0,0,0,0,0,0,0,0,0,0,0,0,0,0,0,0,0,0,1
130,Gedangan,3,2,0,2,116,116,-7.391717,112.7306136,0.811598983,1.229690775,1.376210914,4.585753045,1.403435301,3.8173734,0.570550072,1.337333273,1.050606099,6.139768061,4.818852244,1.050606099,81.19501354,3,0,1,1,0,0,1,0,0,0,0,1,0,1,0,0,0,0,0,0,0,0,0,0,0,0,0,0,0,0,0,0,0,0,0,1,0,0,1,0,0,0,0,0,0,0,1,0,0,0,0,0,0,0,0,0,1,0,0,0
59,Buduran,2,1,0,1,36,73,-7.4092906,112.760245,2.706163788,5.351443089,1.557569934,4.783861745,3.234461739,7.73074056,5.023619704,2.506121462,5.833042983,4.885351973,4.115676612,5.833042983,12.38062973,3,1,0,0,0,0,0,0,0,0,0,0,0,0,0,0,0,0,0,0,0,0,0,0,0,0,0,0,0,0,0,0,0,0,0,0,1,0,0,0,0,0,0,0,0,0,0,0,0,0,0,0,0,0,0,0,0,0,0,1
70,Sukodono,3,1,1,1,90,45,-7.394061,112.6738809,0.841154993,2.876635709,3.908649488,5.892745572,0.28135024,8.302342463,3.92263492,1.354024066,6.782730801,8.26127735,11.8866952,6.612823097,19.89886834,4,1,0,0,0,0,0,0,0,0,0,0,0,0,0,0,0,0,0,0,0,0,0,0,0,0,0,0,0,0,0,0,0,0,0,0,1,0,0,0,0,0,0,0,0,0,0,0,0,0,0,0,0,0,0,0,0,0,0,1
63.2,Tulangan,3,3,3,1,80,98,-7.44399425,112.6308613,5.774254304,5.471558968,5.046214598,10.38081121,8.086110243,9.417657725,7.796296158,5.353134604,4.122506299,7.602341615,20.93857703,4.122506299,30.04097475,3,1,0,1,0,0,0,0,0,0,1,1,0,0,0,1,0,0,0,0,0,1,0,0,0,0,0,0,0,0,0,0,0,0,0,0,1,0,0,0,0,1,0,0,0,1,1,1,0,0,0,0,0,0,0,0,1,0,0,0
80.5,Waru,3,1,0,1,55,55,-7.355774,112.8064202,6.877035078,7.445024655,7.661481958,2.149689027,4.579793849,12.21040893,6.333621454,4.542616015,10.73147163,7.016463589,0.431332012,10.71261248,4.576289252,4,1,0,1,0,0,0,0,0,0,0,0,0,0,0,0,0,0,0,0,0,1,0,0,0,0,0,0,0,0,0,0,0,0,0,0,0,0,1,0,0,0,0,1,0,0,0,1,0,0,0,0,1,0,0,0,1,0,0,0
19.9,Tulangan,2,1,0,1,195,178,-7.4726134,112.6675398,3.788485157,4.410160492,3.569610887,7.48807905,3.967491241,6.838179161,3.886930266,1.67122419,3.414253244,6.978146743,19.38778336,3.441593893,14.73138427,2,1,0,0,0,0,0,0,0,0,0,1,0,0,0,0,0,0,0,0,0,0,0,0,0,0,0,0,0,0,0,1,0,0,0,0,0,0,0,0,0,0,0,0,0,0,0,0,0,0,0,0,0,0,0,0,0,0,0,1
135,Sidoarjo,4,3,0,2,60,181,-7.4472664,112.6959507,1.43520771,0.824445535,1.782333433,2.048638194,1.384903754,1.085484708,1.691701353,2.676935174,4.218868394,5.217578259,14.36479101,3.176001425,18.06259925,3,1,0,0,0,0,0,0,0,0,0,0,0,0,0,0,0,0,0,0,0,0,0,0,0,0,0,0,0,0,0,0,0,0,0,0,1,0,0,0,0,0,0,0,0,0,0,0,0,0,0,0,0,0,0,0,0,0,0,1
48.135,Tarik,2,1,1,1,42,80,-7.4590581,112.516509,10.66153239,10.64592625,11.54043257,24.82677729,7.654820329,23.8636238,21.9619305,6.184410664,0.202790864,11.65580097,34.55501906,0.202790864,31.62687212,4,1,1,0,1,1,0,1,1,1,1,1,1,0,0,1,1,0,0,0,1,1,0,0,1,0,0,1,0,0,1,0,0,0,0,0,1,0,0,1,1,1,0,1,1,0,0,0,0,1,1,1,1,0,0,0,1,0,0,0
49.8,Sidoarjo,2,1,1,1,60,90,-7.412324,112.5378369,14.10777388,4.521358592,5.739249833,19.67989096,5.993697625,20.98096278,19.67509937,0.176468657,4.24756786,5.531233316,28.39663801,4.535996651,33.7110068,5,1,0,0,0,0,0,0,0,0,0,0,0,1,0,0,0,0,0,0,0,0,0,0,0,0,0,0,0,0,0,0,0,0,0,0,0,0,0,0,0,0,0,0,0,0,1,0,0,0,0,0,0,0,0,0,0,0,0,0
24,Tulangan,2,1,1,1,150,220,-7.45723754,112.6481723,5.140883848,5.353069941,3.177758015,8.734424196,5.044065832,7.78108861,5.411057492,2.61413364,1.114150778,8.498949247,19.63636972,1.114150778,18.11699552,3,1,0,0,1,0,0,0,0,0,0,1,0,0,0,1,0,0,1,0,0,0,0,0,0,0,0,0,0,0,0,0,0,0,0,1,1,0,1,0,0,0,0,0,0,0,0,0,0,0,0,0,1,0,0,0,0,0,0,0
75,Gedangan,2,2,2,2,200,195,-7.3941638,112.7472474,1.957249922,3.046202176,2.516496674,6.453146686,4.28994321,6.367611845,3.239073351,2.645410783,3.600844544,5.959235737,4.902568887,3.600844544,10.29208039,3,1,0,0,0,0,0,0,0,0,0,0,0,0,0,0,0,0,0,0,0,0,0,0,0,0,0,0,0,0,0,0,0,0,0,0,1,0,0,0,0,0,0,0,0,0,0,0,0,0,0,0,0,0,0,0,0,0,0,1
170,Buduran,2,2,2,1,36,57,-7.436595,112.694927,2.305282635,1.091080798,3.925477366,3.50384699,4.093047567,2.540693504,3.146910149,25.70403532,5.67407719,6.67435079,15.58889553,4.631210221,27.31766661,2,1,0,0,0,0,0,0,0,0,0,0,0,0,0,0,0,0,0,0,0,0,0,0,0,0,0,0,0,0,0,0,0,0,0,0,1,0,0,0,0,0,0,0,0,0,0,0,0,0,0,0,0,0,0,0,0,0,0,1
85,Waru,3,2,2,2,36,72,-7.35128,112.8135304,7.119939325,7.687928902,7.904386206,2.392593274,4.822698096,12.45331318,6.576525701,4.785520262,10.97437587,8.053375419,1.468243843,10.95551672,4.819193499,3,1,0,1,0,1,0,1,0,0,0,1,0,1,0,0,0,0,0,0,0,0,0,0,0,0,0,0,0,0,0,0,0,0,0,1,1,1,0,0,0,0,0,0,0,0,1,0,0,0,0,0,1,0,0,0,1,0,0,0
80,Sedati,2,1,0,1,40,72,-7.3953232,112.8100897,1.045182821,9.384543563,6.54044147,3.275766053,6.202499799,10.90404521,8.722664264,4.105525855,10.19718329,3.952289011,4.052595869,10.36329685,8.914874036,3,1,0,1,0,0,0,0,0,0,0,1,0,1,0,0,0,0,0,0,0,1,0,0,0,0,0,0,0,1,0,0,0,0,0,0,1,1,0,0,0,0,0,0,0,1,1,0,0,0,0,0,0,0,0,0,1,0,0,0
80,Tanggulangin,3,2,2,2,195,195,-7.50666165,112.719052,3.024005443,3.963734202,6.838500979,2.964184135,5.763625915,7.759376513,5.412048154,2.921340261,1.363007552,5.88629796,18.92557531,1.276494931,17.05720871,3,1,0,1,0,0,0,1,1,0,0,0,1,1,0,0,1,0,1,0,0,0,0,0,0,1,0,0,0,0,1,1,0,0,0,0,0,1,0,0,0,0,0,0,0,0,0,0,0,0,0,1,0,0,0,0,1,0,0,0
89,Gedangan,3,1,0,1,150,150,-7.3970813,112.7469881,1.393572052,2.765523232,2.235817729,5.890542444,3.233179537,6.086932901,2.812403687,2.081732913,3.320165599,5.395557867,4.338891018,3.320165599,9.728402521,3,1,0,1,0,0,0,0,0,0,0,0,0,1,0,0,0,0,0,0,0,1,0,0,0,0,0,0,0,0,0,0,0,0,0,0,1,1,0,0,0,0,0,0,0,1,1,0,0,0,0,0,1,0,0,0,1,0,0,0
65.202,Prambon,2,1,0,1,250,150,-7.4357388,112.575371,8.702737106,3.308652544,2.989176227,17.86539541,2.906490808,16.90224192,15.28088035,3.54257977,3.976143158,3.387036392,26.40336674,3.637995704,31.71773553,3,1,0,0,0,0,0,0,0,0,0,0,0,0,0,0,0,0,0,0,0,0,0,0,0,0,0,0,0,0,0,0,0,0,0,0,1,0,0,0,0,0,0,0,0,0,0,0,0,0,0,0,0,0,0,0,0,0,0,1
40.801,Krembung,2,1,1,1,40,90,-7.50875445,112.6226665,4.047952021,10.3908873,11.02631388,10.24330053,8.071318606,14.29488216,9.489830732,9.127927188,7.255431005,14.43484974,26.84448636,7.255431005,21.43141143,4,1,1,1,1,1,0,1,1,1,1,1,1,1,0,1,1,0,0,0,1,1,0,0,1,0,0,1,0,0,1,0,0,0,0,1,0,0,1,1,1,1,0,1,1,0,0,0,0,1,1,1,1,0,0,0,1,0,0,0
70,Sidoarjo,2,1,0,1,36,72,-7.4520511,112.6849812,1.968899937,1.252580743,1.408852771,4.643752898,2.150138893,3.680599412,2.575831061,2.682934321,5.582990241,5.605022309,16.23020361,5.482767562,17.86538313,3,1,0,1,0,0,0,0,0,0,0,0,0,0,0,0,0,0,0,0,0,1,0,0,0,0,0,0,0,0,0,0,0,0,0,0,1,0,0,0,0,0,0,0,0,1,1,0,0,0,0,0,0,0,0,0,0,0,0,0
80,Sidoarjo,3,1,0,1,91,91,-7.4514112,112.6871692,1.270364248,0.96985293,0.78484038,3.353317941,1.434039518,2.390164455,1.867685264,1.865145923,4.155329173,4.770289526,15.66947075,4.055106494,17.3716036,3,1,0,0,0,0,0,0,0,0,0,0,0,0,0,0,0,0,0,0,0,0,0,0,0,0,0,0,0,0,0,0,0,0,0,0,1,0,0,0,0,0,0,0,0,0,0,0,0,0,0,0,0,0,0,0,0,0,0,1
28.5,Sidoarjo,2,1,1,1,65,96,-7.412324,112.5378369,14.10777388,4.521358592,5.739249833,19.67989096,5.993697625,20.98096278,19.67509937,0.176468657,4.24756786,5.531233316,28.39663801,4.535996651,33.7110068,5,1,0,1,0,0,0,0,0,0,0,0,0,0,0,0,0,0,0,0,0,0,0,0,0,0,0,0,0,0,0,0,0,0,0,0,1,0,0,0,0,0,0,0,0,0,1,0,0,0,0,0,0,0,0,0,0,0,0,0
54.05,Sidoarjo,2,1,1,1,72,72,-7.44977187,112.7015496,1.418867546,1.347328217,1.619650847,1.161143531,1.125437344,1.711231791,0.80420669,2.877355001,2.962788217,3.976635156,13.48333016,2.288506762,0.501515038,3,1,1,1,1,1,0,1,1,1,1,1,1,1,0,1,1,0,1,0,1,1,0,0,0,1,0,1,1,1,1,1,0,0,0,0,0,1,1,0,1,1,0,1,1,1,1,1,1,1,1,1,1,1,1,0,1,1,0,0
140,Waru,3,3,1,2,70,91,-7.350897,112.7384808,2.508679389,1.922518786,2.756028899,0.689014091,3.410048316,2.601558912,0.106056948,1.729885651,1.217806528,2.694114796,5.183194248,1.198947377,81.19501354,3,0,0,1,0,0,0,0,1,0,0,1,0,0,0,0,0,0,0,0,0,0,0,0,0,0,0,0,0,0,0,1,0,0,0,0,0,0,0,0,0,0,0,0,0,1,0,0,0,0,0,0,1,0,0,0,0,0,0,0
130,Sedati,2,2,0,2,98,98,-7.3756404,112.758414,0.432130228,3.613384328,3.875894224,5.85914327,0.675753648,4.912829437,2.540420953,1.098479954,4.253114004,2.482674229,0.725281743,4.377368983,8.597079643,3,1,1,1,0,0,0,0,0,0,1,1,0,1,0,0,0,0,0,0,0,1,0,0,0,0,0,0,0,0,0,0,0,0,0,1,1,0,0,0,0,1,0,1,0,1,1,0,0,0,0,0,1,0,0,0,1,0,0,0
58.7,Krembung,2,1,0,1,210,105,-7.5268,112.6637,7.897964305,5.746944314,11.59598382,5.080471132,2.908489209,13.86411006,4.327001334,3.249704829,5.271918747,11.80931862,25.55894965,5.224403821,21.66326364,3,1,0,0,0,0,0,0,0,0,0,0,0,0,0,0,0,1,0,0,0,0,0,0,0,0,0,0,0,0,0,0,0,0,0,0,1,0,0,0,0,0,0,0,0,1,0,0,0,0,0,0,0,0,0,0,0,0,1,0
47.5,Sidoarjo,2,1,0,1,75,90,-7.45404378,112.7297584,2.583373308,1.777611342,1.730146551,2.886172286,1.540921134,2.597968074,1.705039739,0.533492503,2.918789572,3.21807546,12.07301851,2.689051054,4.398311777,3,1,0,0,0,0,0,0,0,0,0,0,0,0,0,0,0,0,0,0,0,1,0,0,0,0,0,0,0,0,0,0,0,0,0,0,1,0,0,0,0,0,0,0,0,0,0,0,0,0,0,0,0,0,0,0,0,0,0,1
185,Sidoarjo,7,6,0,2,150,150,-7.4540491,112.7066448,1.329265792,1.199338443,1.227777695,0.816918377,1.117265542,1.37170299,1.000657349,2.333336452,2.185836562,3.394768865,13.33977515,0.959526932,1.632499152,3,1,0,1,0,0,0,0,0,0,1,0,0,1,0,0,0,0,0,0,0,1,0,0,0,0,0,0,0,0,0,0,0,0,0,0,1,1,0,0,0,1,0,0,0,1,1,0,0,0,0,0,1,0,0,0,1,0,0,0
180,Gedangan,3,2,0,1,39,105,-7.3838815,112.7502002,3.006201341,3.822943017,3.240399421,6.519568856,2.992182241,3.898596339,3.839938871,3.036020359,3.197215703,4.570387738,2.351931321,3.321470682,7.702243769,3,1,0,0,0,0,1,1,0,0,0,1,0,1,0,0,0,0,0,0,0,0,0,0,0,0,0,0,0,0,0,0,0,0,0,1,0,1,0,0,0,0,0,0,0,0,0,0,0,0,0,0,0,0,0,0,0,0,0,1
76,Gedangan,2,2,2,1,40,40,-7.396155,112.7047843,1.909784402,1.100196351,3.544425573,5.549274533,2.076488319,5.421825904,0.944636395,0.584330597,2.856397346,6.898036834,7.486121999,2.856397346,20.21671947,3,1,1,1,0,0,0,0,1,0,0,1,0,1,0,0,0,0,0,0,0,1,0,0,0,1,0,0,0,0,0,0,0,0,0,0,1,0,0,0,0,1,0,1,0,1,1,0,0,0,0,0,1,0,0,0,1,0,0,0
85,Prambon,3,1,0,1,36,72,-7.438295,112.573007,8.283244975,3.545458394,3.299211418,17.44590328,3.219020219,16.48274979,14.86138822,3.77938562,3.556651028,3.684504501,26.64017259,3.218503573,31.95454138,3,1,0,1,0,0,0,0,0,0,0,0,0,0,0,0,0,0,0,0,0,1,0,0,0,0,0,0,0,0,0,0,0,0,0,0,1,0,0,0,0,0,0,0,0,1,0,0,0,0,0,0,0,0,0,0,0,0,0,0
130,Balongbendo,6,2,0,1,54,73,-7.4217,112.5322,13.81773375,5.633311884,6.851203125,20.82565765,7.105650917,21.49493989,19.87357832,1.787440015,3.87899293,6.643186608,29.54240469,3.874138192,34.85677348,3,1,0,0,0,0,0,0,0,0,0,0,0,0,0,0,0,0,0,0,0,0,0,0,0,0,0,0,0,0,0,0,0,0,0,0,1,0,0,0,0,0,0,0,0,1,0,0,0,0,0,0,0,0,0,0,1,0,0,0
45,Buduran,2,1,0,1,46,72,-7.4219387,112.7532001,2.29874949,3.755791596,4.222223789,4.335149731,4.852358319,6.827029085,5.495618789,2.372902447,6.41719289,7.361131508,6.591456148,6.41719289,9.28097884,3,1,0,1,0,0,0,0,0,0,0,0,0,1,0,0,0,0,0,0,0,1,0,0,0,0,0,0,0,0,0,0,0,0,0,0,1,0,0,0,0,0,0,0,0,0,0,0,0,0,0,0,0,0,0,0,0,0,0,1
130,Waru,3,2,0,1,120,120,-7.342707,112.7698192,1.12562444,2.456132503,2.629651977,3.342106166,1.5519435,7.04130099,0.473553174,2.106774581,5.562363687,6.393201616,5.542263562,5.543504536,4.075306123,2,1,0,0,0,0,0,0,0,0,0,0,0,0,0,0,0,0,0,0,0,0,0,0,0,0,0,0,0,0,0,0,0,0,0,0,1,0,0,0,0,0,0,0,0,0,0,0,0,0,0,0,0,0,0,0,0,0,0,1
120,Balongbendo,3,2,0,1,400,309,-7.4217,112.5322,13.81773375,5.633311884,6.851203125,20.82565765,7.105650917,21.49493989,19.87357832,1.787440015,3.87899293,6.643186608,29.54240469,3.874138192,34.85677348,3,1,0,0,0,0,0,0,0,0,0,0,0,0,0,0,0,0,0,0,0,0,0,0,0,0,0,0,0,0,0,0,0,0,0,0,1,0,0,0,0,0,0,0,0,0,0,0,0,0,0,0,0,0,0,0,0,0,0,1
80,Taman,3,2,0,2,36,72,-7.3654019,112.7126562,1.050027213,1.047636788,3.198890297,4.766211175,1.27782483,2.465635326,2.278196623,0.338983386,3.184175733,2.206313486,6.329462226,5.003776033,23.35006597,3,1,0,0,0,0,0,0,0,0,0,0,0,0,0,0,0,0,0,0,0,0,0,0,0,0,0,0,0,0,0,0,0,0,0,0,1,0,0,0,0,0,0,0,0,0,0,0,0,0,0,0,0,0,0,0,0,0,0,1
39.5,Sedati,2,1,1,1,36,72,-7.4057354,112.7613933,2.506541114,5.029552199,1.235679044,4.461970855,2.912570849,7.408849671,4.701728815,2.92938413,5.511152093,4.563461083,3.793785723,5.511152093,12.05873884,3,1,0,1,1,1,0,0,0,0,1,0,0,0,0,1,0,0,0,0,0,1,0,0,0,0,0,0,0,1,0,0,0,0,0,0,1,1,0,0,0,1,0,0,0,0,0,0,0,1,0,0,1,0,0,0,0,0,0,0
54.3,Tanggulangin,2,1,0,1,300,300,-7.50246405,112.7091935,1.75730667,2.697035429,4.610180184,1.697485361,4.496927142,6.492677739,4.744941669,1.654641488,0.519210598,4.619599187,18.36923022,0.432697977,15.79050994,5,1,0,1,0,0,0,0,1,0,0,1,0,0,0,0,0,0,0,0,0,1,0,0,0,1,1,0,0,0,0,0,0,0,0,0,1,0,0,0,0,0,0,1,1,1,1,0,0,0,0,0,1,0,0,0,1,0,1,0
78.9,Taman,3,2,2,1,50,112,-7.36377,112.70935,1.342663715,1.967928334,3.829299002,4.772823483,1.479491822,2.999072821,3.265575726,1.554935705,4.469977029,2.959535109,7.316841329,4.167983618,23.55173297,3,1,1,1,1,0,0,1,1,1,1,1,0,1,0,1,0,0,1,0,1,1,0,0,1,1,0,0,1,1,0,0,0,0,0,1,1,1,1,0,0,1,0,1,1,1,1,1,1,1,0,1,1,0,1,0,1,0,0,0
60,Sedati,2,1,0,1,180,90,-7.3951247,112.8082562,0.818135689,9.157496431,6.313394338,3.048718921,5.975452667,10.67699807,8.495617132,3.878478723,9.970136162,3.725241879,3.825548737,10.13624972,8.687826904,3,1,0,0,0,0,0,0,0,0,0,0,0,0,0,0,0,0,0,0,0,0,0,0,0,0,0,0,0,0,0,0,0,0,0,0,1,0,0,0,0,0,0,0,0,0,0,0,0,0,0,0,0,0,0,0,0,0,0,1
80,Gedangan,3,2,1,2,36,72,-7.3896762,112.7279598,0.158767307,1.777257755,1.21182274,4.456698371,0.27487645,2.68881455,0.927586993,0.208774423,0.08462473,5.01120921,4.714349383,0.08462473,81.19501354,5,0,0,1,0,0,0,0,0,0,0,0,0,0,0,0,0,0,0,0,0,1,0,0,0,0,0,0,0,0,0,0,0,0,0,0,1,0,0,0,0,0,0,0,0,0,0,0,0,0,0,0,0,0,0,0,0,0,0,1
150,Gedangan,5,2,0,1,72,72,-7.3885665,112.7323259,0.293057018,1.308594815,0.5520178,5.005422535,0.884893335,3.298831435,0.996987213,0.818791308,0.532064133,5.621226095,4.300310279,1.125763389,81.19501354,3,0,1,0,0,0,0,1,0,0,0,1,0,0,0,0,0,0,0,0,0,0,0,0,0,0,0,0,0,0,0,1,0,0,0,0,0,0,0,0,0,0,0,0,0,0,0,0,0,0,0,0,0,0,0,0,0,0,0,1
16.6,Taman,2,1,0,1,120,154,-7.3589157,112.6810879,3.958887031,1.892287961,1.726992546,1.860381441,1.630770297,5.065770285,3.456460256,1.234408478,2.75036667,4.228913219,10.55213542,2.580458966,81.19501354,5,0,0,0,0,0,0,0,0,0,0,0,0,0,0,0,0,0,0,0,0,0,0,0,0,0,0,0,0,0,0,0,0,0,0,0,1,0,0,0,0,0,0,0,0,0,0,0,0,0,0,0,0,0,0,0,0,0,0,1
175,Buduran,3,2,0,1,135,135,-7.428144,112.694428,6.199013563,5.849320017,6.135256458,3.74819365,1.77338643,4.650922362,4.578192913,24.71738324,5.91842385,6.816827449,14.15134636,4.875556881,26.33101452,3,1,0,0,0,0,0,0,0,0,0,0,0,0,0,0,0,0,0,0,0,0,0,0,0,0,0,0,0,0,0,0,0,0,0,0,1,0,0,0,0,0,0,0,0,0,0,0,0,0,0,0,0,0,0,0,0,0,0,1
67.5,Candi,3,2,2,1,120,140,-7.4605473,112.6795169,2.661847215,1.945528022,2.10180005,4.883144673,1.178245487,4.251484925,1.603937655,1.965383171,5.187142709,4.633128902,16.92315089,5.339717131,16.37562666,3,1,1,1,1,0,1,0,0,0,1,1,1,1,0,1,0,0,0,0,1,1,0,0,0,0,0,0,1,0,0,0,0,0,0,0,0,1,1,1,0,1,0,1,0,1,1,0,0,0,0,0,0,0,0,0,1,1,0,0
47.5,Sedati,2,1,1,1,100,128,-7.3953232,112.8100897,1.045182821,9.384543563,6.54044147,3.275766053,6.202499799,10.90404521,8.722664264,4.105525855,10.19718329,3.952289011,4.052595869,10.36329685,8.914874036,3,1,0,0,0,0,0,0,0,0,0,0,0,0,0,0,0,0,0,0,0,0,0,0,0,0,0,0,0,0,0,0,0,0,0,0,1,0,0,0,0,0,0,0,0,0,0,0,0,0,0,0,0,0,0,0,0,0,0,1
110,Sukodono,3,1,0,1,200,163,-7.3672397,112.7041353,0.486264891,1.979624996,2.882492854,3.826017335,1.242163777,3.215686384,2.112543494,1.207455432,3.523170881,2.971231771,7.079513284,3.596467866,22.88311721,3,1,0,0,0,0,0,0,0,0,0,0,0,0,0,0,0,0,0,0,0,0,0,0,0,0,0,0,0,0,0,0,0,0,0,0,1,0,0,0,0,0,0,0,0,0,0,0,0,0,0,0,0,0,0,0,0,0,0,1
120,Buduran,5,4,0,2,170,120,-7.4372052,112.6985292,3.650425733,1.395381187,0.597901278,2.391116279,0.416309059,3.293844991,2.034179438,23.36030587,4.56134648,5.459750078,12.79426899,3.51847951,24.97393715,2,1,0,1,0,0,0,0,0,0,0,1,0,0,0,1,0,0,0,0,0,1,0,0,0,1,0,0,0,0,0,0,0,0,0,0,0,1,0,1,0,1,0,1,1,1,0,1,0,1,0,1,0,0,0,0,1,1,0,0
65,Waru,2,1,0,1,50,90,-7.34506052,112.7493553,1.973121751,1.104049452,2.249853454,2.348836581,1.92779605,4.271611164,1.7761092,2.861977494,2.88785878,4.364167047,5.566344343,2.868999629,81.19501354,3,0,0,1,0,0,0,0,0,0,1,1,0,1,0,1,0,0,0,0,0,1,0,0,0,0,0,0,0,0,0,0,0,0,0,0,1,0,0,0,0,0,0,0,0,0,1,0,0,0,0,0,0,0,0,0,0,0,0,0
78,Sedati,3,1,0,1,36,78,-7.3982079,112.7629051,1.939569295,4.681908388,0.346259446,3.531672216,2.023151251,6.519430072,4.354085004,2.621542474,4.621732494,3.642534049,2.904366124,4.621732494,11.16931925,3,1,0,1,0,0,0,0,0,0,0,0,0,0,0,0,0,0,0,0,0,1,0,0,0,0,0,0,0,0,0,1,0,0,0,0,0,0,0,0,0,0,0,0,0,1,0,0,0,0,0,0,0,0,0,0,0,0,0,0
60.2,Sedati,2,1,0,1,34,60,-7.3717381,112.7637334,1.055519877,2.530923798,2.379729331,5.851397801,0.925778456,4.842332909,1.457960423,0.343812911,5.271921531,2.616759892,1.74408927,5.39617651,7.514619113,3,1,0,1,0,0,0,0,0,0,0,1,0,0,0,0,0,0,0,0,0,1,0,0,0,0,0,0,0,0,0,0,0,0,0,0,0,1,0,0,0,0,0,0,0,0,0,0,0,0,0,0,0,0,0,0,1,0,0,0
200,Waru,4,3,3,2,36,90,-7.3515939,112.7822375,4.066597741,4.564866127,4.743946289,2.556223357,1.74884366,9.37383825,1.89285473,0.744727414,7.900521439,5.941673806,4.756380752,7.881662288,1.556729954,3,1,0,0,0,0,0,0,0,0,0,0,0,0,0,0,0,0,0,0,0,0,0,0,0,0,0,0,0,0,0,0,0,0,0,0,1,0,0,0,0,0,0,0,0,0,0,0,0,0,0,0,0,0,0,0,0,0,0,1
150,Gedangan,3,2,0,2,36,72,-7.3885636,112.732315,0.293057018,1.308594815,0.5520178,5.005422535,0.884893335,3.298831435,0.996987213,0.818791308,0.532064133,5.621226095,4.300310279,1.125763389,81.19501354,3,0,1,1,0,1,0,0,0,1,1,1,0,0,0,0,0,0,0,0,0,1,0,0,0,0,0,0,0,0,0,1,0,0,0,0,0,0,0,0,0,0,0,0,0,1,1,0,0,0,0,0,0,0,0,0,0,0,0,0
190,Waru,4,2,0,1,150,150,-7.3503078,112.7674661,1.10438002,1.229006217,1.445463521,3.972977345,0.373224262,5.970825657,4.238193775,0.837264716,4.491888353,5.123691752,3.893532255,4.473029203,5.266527028,4,1,0,0,0,0,0,0,0,0,1,0,0,0,0,0,0,0,0,0,0,0,0,0,0,0,0,0,0,0,0,0,0,0,0,0,0,0,0,0,0,0,0,0,0,0,1,0,0,0,0,0,1,0,0,0,0,0,0,0
60,Prambon,2,1,0,1,36,72,-7.4457506,112.5707595,7.512014843,4.41347128,4.167224303,17.94663175,4.087033105,16.98347827,15.3621167,4.647398506,2.683336435,4.552517386,27.50818548,2.34518898,32.82255427,2,1,0,1,0,0,0,0,0,0,0,1,0,0,0,0,0,0,0,0,0,1,0,0,0,0,0,0,0,0,0,0,0,0,0,0,1,0,0,0,0,0,0,0,0,0,0,0,0,0,0,0,1,0,0,0,0,0,0,0
45,Gedangan,2,1,1,1,40,40,-7.3896762,112.7279598,0.158767307,1.777257755,1.21182274,4.456698371,0.27487645,2.68881455,0.927586993,0.208774423,0.08462473,5.01120921,4.714349383,0.08462473,81.19501354,5,0,0,0,1,1,0,0,0,0,0,0,0,0,0,0,0,0,0,0,1,0,0,0,0,0,0,1,0,0,0,0,0,0,0,0,1,0,0,1,0,1,0,1,1,0,0,0,0,0,1,1,1,0,0,0,1,0,0,0
38.22,Jabon,2,1,1,1,45,90,-7.5480009,112.7312447,10.48270843,9.169476027,13.91790693,5.044478331,4.971086829,15.2180795,5.484787632,4.96807068,5.024964838,13.34500095,26.00498126,5.024964838,81.19501354,4,0,0,1,0,0,0,0,1,0,1,1,0,1,0,1,0,0,1,0,0,1,0,0,0,0,0,0,1,0,0,0,0,0,0,0,1,1,1,0,0,1,0,1,0,1,1,1,1,0,0,0,1,0,0,0,1,0,0,0
151,Sidoarjo,0,0,0,1,36,60,-7.4497718,112.7015495,1.418867546,1.347328217,1.619650847,1.161143531,1.125437344,1.711231791,0.80420669,2.877355001,2.962788217,3.976635156,13.48333016,2.288506762,0.501515038,3,1,0,0,0,0,0,0,0,0,0,0,0,0,0,0,0,0,0,0,0,0,0,0,0,0,0,0,0,0,0,0,0,0,0,0,1,0,0,0,0,0,0,0,0,0,0,0,0,0,0,0,0,0,0,0,0,0,0,1
69.5,Taman,2,1,0,2,36,72,-7.36625948,112.7065874,0.553141034,1.655737095,3.038385731,3.981910213,1.167300583,3.14082319,2.268436372,1.242744466,3.679063758,2.64734387,7.00465009,3.752360744,23.22515076,3,1,0,0,0,0,0,0,0,0,0,0,0,0,0,0,0,0,0,0,0,0,0,0,0,0,0,0,0,0,0,0,0,0,0,0,1,0,0,0,0,0,0,0,0,0,0,0,0,0,0,0,0,0,0,0,0,0,0,1
29.8,Krian,2,1,1,2,60,90,-7.40299,112.5873906,5.680902608,1.908363811,1.678408623,13.40987172,1.932856415,14.67713014,13.78695269,0.734168206,1.111573591,1.159527555,22.12661877,1.066151869,27.44098755,4,1,0,1,0,0,0,0,0,0,0,0,0,1,0,0,0,0,0,0,0,1,0,0,0,0,0,0,0,0,0,0,0,0,0,1,1,0,0,0,0,0,0,0,0,0,1,0,0,0,0,0,0,0,0,0,1,0,0,0
50,Sidoarjo,2,1,0,1,46,90,-7.4156902,112.5443916,13.1786313,3.656107308,4.873998549,18.84845307,5.128446341,20.11571149,18.80984809,0.604108688,3.898970245,4.665982032,27.56520012,4.187399036,32.87956891,3,1,0,1,0,0,0,0,0,0,0,0,0,1,0,0,0,0,0,0,0,1,0,0,0,0,0,0,0,0,0,0,0,0,0,0,1,0,0,0,0,0,0,0,0,0,0,0,0,0,0,0,0,0,0,0,0,0,0,1
48,Sukodono,2,1,1,1,180,126,-7.409469,112.6710278,0.632910735,1.319308106,2.351321885,7.708168346,0.677361208,6.74501486,4.280122591,0.591053283,7.536345126,10.60597929,13.27113194,7.536345126,21.84394569,3,1,0,0,0,0,0,0,0,0,0,0,0,0,0,0,0,0,0,0,0,0,0,0,0,0,0,0,0,0,0,0,0,0,0,0,1,0,0,0,0,0,0,0,0,0,0,0,0,0,0,0,0,0,0,0,0,0,0,1
159,Waru,4,3,0,2,128,128,-7.3559173,112.7477701,1.588238585,1.4918883,1.870269799,2.465938689,1.542912884,3.439670596,1.882981546,3.085774666,2.994731126,4.471039394,4.101848894,2.994731126,1.972008333,3,1,0,0,0,0,1,0,0,0,0,0,0,0,0,0,0,0,0,0,0,0,0,0,0,0,0,0,0,0,0,0,0,0,0,0,0,0,0,0,0,0,0,0,0,0,1,0,0,0,0,0,0,0,0,0,0,0,0,0
38.5,Sukodono,2,1,0,1,36,90,-7.409469,112.6710278,0.632910735,1.319308106,2.351321885,7.708168346,0.677361208,6.74501486,4.280122591,0.591053283,7.536345126,10.60597929,13.27113194,7.536345126,21.84394569,3,1,0,0,0,0,0,0,0,0,0,0,0,0,0,0,0,0,0,0,0,0,0,0,0,0,0,0,0,0,0,0,0,0,0,0,1,0,0,0,0,0,0,0,0,0,0,0,0,0,0,0,0,0,0,0,0,0,0,1
39,Sukodono,3,1,1,1,72,72,-7.41103853,112.6825491,0.511943936,1.548498055,2.770376178,7.784265118,2.231350711,7.14584871,2.662559077,1.769742952,7.241730908,10.8068885,11.87145556,7.241730908,21.91189008,3,1,1,0,0,0,0,0,0,0,0,1,0,1,0,0,0,0,0,0,0,1,0,0,0,1,0,0,0,0,0,0,0,0,0,0,1,0,0,0,0,1,0,1,0,1,1,0,0,0,0,0,1,0,0,0,0,0,0,0
90,Tanggulangin,3,2,0,1,300,135,-7.5025021,112.6988252,3.085693552,2.464302333,5.938567067,3.025872244,5.825314024,7.821064622,6.275316552,1.80116396,2.178888334,5.947986069,19.6976171,2.092375713,16.43493336,3,1,0,0,0,0,0,0,0,0,0,1,0,0,0,0,0,0,0,0,0,0,0,0,0,0,0,0,0,0,0,0,0,0,0,0,1,0,0,0,0,0,0,0,0,0,1,1,0,0,0,0,0,0,0,0,1,0,0,0
135,Buduran,2,1,1,1,120,180,-7.436595,112.694927,2.305282635,1.091080798,3.925477366,3.50384699,4.093047567,2.540693504,3.146910149,25.70403532,5.67407719,6.67435079,15.58889553,4.631210221,27.31766661,2,1,1,1,0,0,0,0,0,0,0,1,0,1,0,0,0,0,0,0,0,1,0,0,0,0,0,0,0,1,0,0,0,0,0,1,1,1,0,0,0,0,0,0,0,1,1,0,0,0,0,0,1,0,0,0,0,0,0,0
70,Waru,3,2,0,1,144,144,-7.3646345,112.7344448,1.900685789,1.11428425,1.095515622,2.758319896,1.749535038,1.191386235,1.244271165,0.135553046,2.699620575,3.513780896,4.231406992,3.287112332,81.19501354,3,0,0,0,0,0,0,0,0,0,0,0,0,0,0,0,0,0,0,0,0,0,0,0,0,0,0,0,0,0,0,0,0,0,0,0,1,0,0,0,0,0,0,0,0,0,0,0,0,0,0,0,0,0,0,0,0,0,0,1
30.003,Wonoayu,2,1,0,1,38,72,-7.446138,112.6514882,3.785473978,3.578061409,2.194564528,7.52916114,4.678234921,6.566007654,4.944646087,3.466680612,2.316424651,7.973837334,18.28095985,2.316424651,19.3192694,4,1,0,1,0,0,0,0,0,0,0,0,0,0,0,0,0,0,0,0,0,0,0,0,0,0,0,0,0,0,0,0,0,0,0,0,1,0,0,0,0,0,0,0,0,0,1,0,0,0,0,0,0,0,0,0,0,0,0,0
70,Candi,2,1,1,1,50,50,-7.46736755,112.702364,1.742559299,2.276405157,1.299785296,2.342984867,1.920283628,2.988208825,2.22449385,1.408363513,2.337679631,1.571948555,14.86476131,2.925600605,2.661960394,4,1,1,1,0,0,0,1,0,0,0,1,0,1,0,1,0,0,0,0,0,1,0,0,0,0,0,0,0,0,0,0,0,0,0,1,0,0,1,0,0,0,0,1,0,0,1,0,0,0,0,0,0,0,0,0,1,0,0,0
62.27,Krembung,2,1,0,1,225,168,-7.5087545,112.6226665,4.047952021,10.3908873,11.02631388,10.24330053,8.071318606,14.29488216,9.489830732,9.127927188,7.255431005,14.43484974,26.84448636,7.255431005,21.43141143,4,1,0,0,0,0,0,0,0,0,0,0,0,0,1,0,0,0,0,0,0,1,0,0,0,0,0,0,0,0,0,0,0,0,0,0,1,0,0,0,0,0,0,0,0,0,1,0,0,0,0,0,1,0,0,0,1,0,1,0
90,Waru,2,1,0,1,160,765,-7.3549225,112.8122669,4.85822854,8.123362409,8.339819712,2.828026781,5.258131603,12.88874669,7.011959208,5.220953769,11.40980938,7.694801343,1.109669766,11.39095023,5.254627006,3,1,0,0,0,0,0,0,0,0,0,0,0,0,0,0,0,0,0,0,0,0,0,0,0,0,0,0,0,0,0,0,0,0,0,0,1,0,0,0,0,0,0,0,0,0,0,0,0,0,0,0,0,0,0,0,0,0,0,1
47.5,Candi,2,2,1,1,84,84,-7.48724258,112.7237529,1.315439627,3.776855563,4.030178933,3.171435582,3.113848372,5.35645478,3.757772156,1.026761459,3.634217719,3.483376227,16.11725326,3.547705098,14.09522837,3,1,0,0,0,0,0,0,0,0,0,0,0,0,0,0,0,0,0,0,0,0,0,0,0,0,0,0,0,0,0,0,0,0,0,0,1,0,0,0,0,1,0,1,0,0,0,0,0,0,0,0,0,0,0,0,0,0,0,0
28.5,Krian,2,1,0,1,350,276,-7.4133,112.5492,10.4345796,3.1523355,4.370226741,18.16354871,4.624674533,19.43080714,18.30607628,1.329312068,4.871088219,4.162210224,26.88029576,5.15951701,32.19466455,3,1,0,0,0,0,0,0,0,0,0,1,0,0,1,0,0,0,0,0,0,0,0,0,0,0,0,0,0,0,0,0,0,0,0,0,1,0,0,0,0,0,0,0,0,1,0,0,0,0,0,0,0,0,0,0,1,0,1,0
30,Tarik,2,1,1,1,39,77,-7.4590581,112.516509,10.66153239,10.64592625,11.54043257,24.82677729,7.654820329,23.8636238,21.9619305,6.184410664,0.202790864,11.65580097,34.55501906,0.202790864,31.62687212,4,1,0,1,0,0,0,0,0,0,0,1,0,1,0,0,0,0,0,0,0,1,0,0,0,1,0,0,0,0,0,0,0,0,0,0,1,1,0,1,0,1,0,1,0,1,1,0,0,1,0,0,1,0,0,0,1,0,0,0
42.1,Tanggulangin,2,1,1,1,38,72,-7.50246405,112.7091935,1.75730667,2.697035429,4.610180184,1.697485361,4.496927142,6.492677739,4.744941669,1.654641488,0.519210598,4.619599187,18.36923022,0.432697977,15.79050994,5,1,0,1,0,0,0,0,0,0,0,0,0,1,0,0,0,0,0,0,0,1,0,0,0,1,0,0,0,0,0,0,0,0,0,0,1,1,0,1,0,1,0,1,0,1,1,0,0,1,0,0,1,0,0,0,1,0,0,0
38.5,Buduran,2,1,0,1,110,56,-7.425129,112.7230909,1.91030037,1.39795371,1.106105101,1.052676295,2.292918065,2.740648466,2.107458689,1.941617939,5.114345548,5.494515392,8.711963207,4.531137012,22.15665081,3,1,0,0,0,0,0,0,0,0,0,0,0,0,0,0,0,0,0,0,0,0,0,0,0,0,0,0,0,0,0,0,0,0,0,0,1,0,0,0,0,0,0,0,0,0,0,0,0,0,0,0,0,0,0,0,0,0,0,1
92.5,Buduran,2,1,1,1,96,96,-7.425493,112.7081808,2.784218904,1.296443412,2.041098767,2.724592945,2.336522073,2.641621549,1.946195829,1.946195829,5.808335359,6.306366575,10.81906577,4.502239668,23.69901744,3,1,0,1,0,0,0,0,0,0,1,1,0,1,0,1,0,0,0,0,0,0,0,0,0,0,0,0,0,0,0,0,0,0,0,0,1,0,1,0,0,1,0,0,1,1,0,0,0,0,0,0,0,0,0,0,1,0,0,0
195,Waru,3,2,0,2,95,105,-7.3433654,112.768599,1.364967968,2.057820605,2.231340079,3.581449694,1.521887456,6.642989092,0.372573759,1.708462682,5.164051788,5.994889718,5.78160709,5.145192638,5.092216824,4,1,0,0,0,0,0,0,0,0,0,0,0,0,0,0,0,0,0,0,0,0,0,0,0,0,0,0,0,0,0,0,0,0,0,0,1,0,0,0,0,0,0,0,0,0,0,0,0,0,0,0,0,0,0,0,0,0,0,1
63.35,Wonoayu,3,3,0,1,287,315,-7.446138,112.6514882,3.785473978,3.578061409,2.194564528,7.52916114,4.678234921,6.566007654,4.944646087,3.466680612,2.316424651,7.973837334,18.28095985,2.316424651,19.3192694,4,1,0,1,0,0,0,0,0,0,0,1,0,0,1,0,0,0,0,0,0,1,1,0,0,0,0,0,0,0,0,0,0,0,0,0,1,0,0,0,0,0,0,0,0,1,1,1,0,0,0,0,1,0,0,0,1,0,1,0
58,Sukodono,2,1,0,1,36,78,-7.3992549,112.6761485,0.630149093,2.585107962,3.636107584,6.815155117,1.146856293,8.029800559,5.242539473,1.081482162,8.179380092,9.183686895,12.80910475,8.179380092,20.82127789,3,1,0,1,0,0,0,0,0,0,0,0,0,0,0,0,0,0,0,0,0,1,0,0,0,0,0,0,0,0,0,1,0,0,0,0,0,0,0,0,0,0,0,0,0,1,1,0,0,0,0,0,0,0,0,0,0,0,0,0
58,Sukodono,2,1,0,1,36,90,-7.3992549,112.6761485,0.630149093,2.585107962,3.636107584,6.815155117,1.146856293,8.029800559,5.242539473,1.081482162,8.179380092,9.183686895,12.80910475,8.179380092,20.82127789,3,1,1,1,0,0,0,0,0,0,0,0,0,1,0,0,0,0,0,0,0,1,0,0,0,0,0,0,0,0,0,0,0,0,0,0,1,1,0,0,0,0,0,0,0,1,1,0,0,0,0,0,0,0,0,0,1,0,0,0
75,Krembung,2,1,0,1,700,918,-7.5268,112.6637,7.897964305,5.746944314,11.59598382,5.080471132,2.908489209,13.86411006,4.327001334,3.249704829,5.271918747,11.80931862,25.55894965,5.224403821,21.66326364,3,1,0,0,0,0,0,0,0,0,0,1,0,0,0,0,0,0,0,0,0,0,0,0,0,0,0,0,0,0,0,1,1,0,0,0,0,0,0,0,0,0,0,0,0,0,0,0,0,0,0,0,0,0,0,0,1,0,0,0
35.2,Candi,2,1,1,1,98,98,-7.49567427,112.7315994,1.912914939,4.39281551,4.64613888,3.543925896,3.729808319,7.044781507,4.373732103,2.750255107,3.49339456,5.171702955,16.73321321,3.406881939,16.46751856,4,1,0,1,0,0,0,0,0,0,0,1,0,1,0,0,0,0,0,0,0,1,0,0,0,0,0,0,0,0,0,0,0,0,0,0,1,0,0,0,0,0,0,0,0,1,1,0,0,0,0,0,1,0,0,0,1,0,0,0
67.493,Wonoayu,3,1,1,1,54,54,-7.4390818,112.6571111,3.324387653,3.116975084,2.686598084,6.715197852,3.864271633,5.752044366,5.303635483,3.958715586,3.254392543,8.332826731,17.59348345,3.406966965,26.92227125,3,1,0,0,0,0,0,0,0,0,1,0,0,0,0,0,0,0,0,0,0,0,0,0,0,0,0,0,0,0,0,0,0,0,0,0,1,0,0,0,0,1,0,0,0,0,1,0,0,0,0,0,0,0,0,0,1,0,0,0
15,Gedangan,2,1,0,1,105,135,-7.3896762,112.7279598,0.158767307,1.777257755,1.21182274,4.456698371,0.27487645,2.68881455,0.927586993,0.208774423,0.08462473,5.01120921,4.714349383,0.08462473,81.19501354,5,0,0,0,0,0,0,0,0,0,0,0,0,0,0,0,0,0,0,0,0,0,0,0,0,0,0,0,0,0,0,1,0,0,0,0,0,0,0,0,0,0,0,0,0,0,0,0,0,0,0,0,0,0,0,0,0,0,0,1
38,Buduran,2,1,1,1,180,140,-7.4193666,112.7658623,3.909136298,7.419714836,4.031839177,7.258130987,5.708730981,9.081723396,6.677534066,3.554817724,7.599108167,7.359621215,7.359621215,7.599108167,11.53567315,3,1,0,0,0,0,0,0,0,0,0,0,0,0,0,0,0,0,0,0,0,0,0,0,0,0,0,0,0,0,0,0,0,0,0,0,1,0,0,0,0,0,0,0,0,0,0,0,0,0,0,0,0,0,0,0,0,0,0,1
60,Gedangan,2,1,1,1,36,72,-7.3965211,112.7462057,1.380660557,2.469612811,1.939907309,5.87655732,3.219194414,5.79102248,2.662483985,2.068821417,3.024255179,5.382646371,4.325979522,3.024255179,9.715491025,3,1,0,0,0,0,0,0,0,0,0,0,0,0,0,0,0,0,0,0,0,0,0,0,0,0,0,0,0,0,0,0,0,0,0,0,1,0,0,0,0,0,0,0,0,0,0,0,0,0,0,0,0,0,0,0,0,0,0,1
79.9,Krembung,3,2,0,1,200,200,-7.5268,112.6637,7.897964305,5.746944314,11.59598382,5.080471132,2.908489209,13.86411006,4.327001334,3.249704829,5.271918747,11.80931862,25.55894965,5.224403821,21.66326364,3,1,0,0,0,0,0,0,0,0,0,0,0,0,0,0,0,0,0,0,0,0,0,0,0,0,0,0,0,0,0,0,0,0,0,0,1,0,0,0,0,0,0,0,0,0,0,0,0,0,0,0,0,0,0,0,0,0,0,1
82.5,Balongbendo,2,1,0,1,400,200,-7.4217,112.5322,13.81773375,5.633311884,6.851203125,20.82565765,7.105650917,21.49493989,19.87357832,1.787440015,3.87899293,6.643186608,29.54240469,3.874138192,34.85677348,3,1,0,0,0,0,0,0,0,0,0,0,0,0,0,0,0,0,0,0,0,0,0,0,0,0,0,0,0,0,0,0,0,0,0,0,1,0,0,0,0,0,0,0,0,0,0,0,0,0,0,0,0,0,0,0,0,0,0,1
38,Candi,2,1,1,1,42,90,-7.46736755,112.702364,1.742559299,2.276405157,1.299785296,2.342984867,1.920283628,2.988208825,2.22449385,1.408363513,2.337679631,1.571948555,14.86476131,2.925600605,2.661960394,4,1,0,1,0,0,0,0,0,0,0,1,0,1,0,0,0,0,0,0,0,1,0,0,0,1,0,0,0,0,0,0,0,0,0,0,1,0,1,1,0,1,0,1,0,1,1,0,0,0,0,0,1,0,0,0,1,0,0,0
165,Sidoarjo,7,6,0,1,126,126,-7.4540491,112.7066448,1.329265792,1.199338443,1.227777695,0.816918377,1.117265542,1.37170299,1.000657349,2.333336452,2.185836562,3.394768865,13.33977515,0.959526932,1.632499152,3,1,0,1,0,0,0,0,0,0,0,0,0,0,0,0,0,0,0,0,0,1,0,0,0,0,0,0,0,0,0,0,0,0,0,0,0,0,0,0,0,0,0,0,0,0,0,0,0,0,0,0,0,0,0,0,0,0,0,1
91.5,Balongbendo,3,2,0,1,395,315,-7.4217,112.5322,13.81773375,5.633311884,6.851203125,20.82565765,7.105650917,21.49493989,19.87357832,1.787440015,3.87899293,6.643186608,29.54240469,3.874138192,34.85677348,3,1,0,0,0,0,0,0,0,0,0,1,0,0,0,0,0,1,0,0,0,0,0,0,0,0,0,0,0,0,0,0,0,0,0,0,1,0,0,0,0,0,0,0,0,1,0,0,1,0,0,0,0,0,0,0,1,0,1,0
15,Prambon,3,1,0,1,260,198,-7.4734,112.559,4.949826158,7.903281944,7.657034968,20.25139813,7.576843769,19.28824464,16.91253111,9.588243289,6.021374632,8.042328051,30.80916395,5.859262664,25.89243591,3,1,0,0,0,0,0,0,0,0,0,1,0,0,1,0,0,1,0,0,0,0,0,0,0,0,0,0,0,0,0,0,0,0,0,0,1,0,0,0,0,0,0,0,0,1,0,0,0,0,0,0,0,0,0,0,1,0,0,0
45.3,Buduran,2,1,1,1,100,117,-7.4218622,112.7532509,2.29874949,3.755791596,4.222223789,4.335149731,4.852358319,6.827029085,5.495618789,2.372902447,6.41719289,7.361131508,6.591456148,6.41719289,9.28097884,3,1,0,1,0,0,0,0,0,0,0,1,0,1,0,1,0,0,0,0,0,1,0,0,0,0,0,0,0,0,0,0,0,0,0,0,1,0,1,0,0,1,0,1,0,1,1,0,0,0,0,0,0,0,0,0,1,0,0,0
200,Waru,3,3,0,1,90,90,-7.3620313,112.7410223,2.551927897,2.108835784,2.567702405,2.996835504,3.250124907,2.691976104,2.413878361,1.672864058,3.525627941,5.001936209,3.712084144,3.525627941,81.19501354,3,0,0,0,0,0,0,0,0,0,1,1,0,0,0,0,0,0,1,0,0,0,0,0,0,0,0,0,0,1,0,0,0,0,0,0,1,0,1,0,0,1,0,0,0,1,1,0,1,0,0,0,1,0,0,0,1,0,0,0
110,Gedangan,2,2,0,1,36,72,-7.4039631,112.7176157,1.790399509,2.737650304,2.634357718,4.179207701,1.464022944,6.142933094,2.394445725,1.949847416,2.805949661,7.896402368,7.435674314,2.805949661,20.88036192,3,1,0,1,0,0,0,0,0,0,0,0,0,0,0,0,0,0,0,0,0,1,0,0,0,0,0,0,0,0,0,0,0,0,0,0,1,0,0,0,0,0,0,0,0,1,1,0,0,0,0,0,0,0,0,0,1,0,0,0
99,Waru,2,1,0,1,150,97,-7.3435939,112.7688649,1.252556944,2.021316274,2.194835748,3.469038671,1.226615859,6.606484761,0.444850186,1.604371304,5.127547457,5.939141465,5.669196067,5.108688307,4.202238628,3,1,0,0,0,0,0,0,0,0,0,0,0,0,0,0,0,0,0,0,0,0,0,0,0,0,0,0,0,0,0,0,0,0,0,0,1,0,0,0,0,0,0,0,0,1,1,0,0,0,0,0,0,0,0,0,0,0,0,0
63,Taman,3,2,2,2,200,216,-7.3682573,112.7077638,0.582484256,1.790084699,3.515513248,4.187892237,0.69882283,2.782258278,2.474418396,0.664114484,3.885045783,2.811413221,6.646085178,3.958342768,22.77106397,4,1,1,0,0,0,0,0,0,0,0,0,0,0,0,0,0,0,0,0,0,0,0,0,0,0,0,0,0,0,0,0,0,0,0,0,1,0,0,0,0,0,0,0,0,0,0,0,0,0,0,0,0,0,0,0,0,0,0,1
52.5,Sukodono,3,1,1,2,36,72,-7.3831573,112.6883969,2.579776206,4.057074091,4.620388042,4.922089893,2.978413499,6.193628433,1.313537975,2.021239102,5.261459183,6.040794037,10.05745533,5.09155148,21.87483086,3,1,0,0,0,0,1,0,0,0,1,1,0,1,0,0,0,0,0,0,0,0,0,0,0,0,0,0,0,0,0,0,0,0,0,0,0,0,0,0,0,0,0,0,0,1,1,0,0,0,0,0,0,0,0,0,1,0,0,0
90,Waru,2,1,1,1,100,120,-7.3566934,112.7524203,2.411180679,2.766596788,2.693211893,3.288880783,2.365854978,4.26261269,3.260867945,3.90871676,3.81767322,5.293981487,4.924790987,3.81767322,2.794950427,3,1,0,1,0,0,0,0,0,0,0,0,0,0,0,0,0,0,0,0,0,1,0,0,0,0,0,0,0,0,0,0,0,0,0,0,1,0,0,0,0,0,0,0,0,0,1,0,0,0,0,0,1,0,0,0,0,0,0,0
50,Sedati,2,1,1,1,82,100,-7.36823624,112.8076266,2.583311809,8.663947024,8.880404328,3.368611396,5.798716218,12.37164081,5.942727288,5.573121455,11.950394,5.419884612,1.650254382,11.950394,5.795211621,4,1,0,0,0,0,0,0,0,0,0,0,0,0,0,0,0,0,0,0,0,0,0,0,0,0,0,0,0,0,0,0,0,0,0,0,1,0,0,0,0,0,0,0,0,0,0,0,0,0,0,0,0,0,0,0,0,0,0,1
69,Sukodono,2,1,0,1,90,135,-7.38897,112.70071,0.857375025,2.649771537,5.888465846,6.227127071,2.223744697,5.593149594,2.494211581,1.640756895,5.186211005,5.772003903,9.40511223,5.186211005,20.72080427,3,1,0,0,0,0,0,0,0,0,0,0,0,0,0,0,0,0,0,0,0,0,0,0,0,0,0,0,0,0,0,0,0,0,0,0,1,0,0,0,0,0,0,0,0,0,0,0,0,0,0,0,0,0,0,0,0,0,0,1
60,Buduran,2,1,0,1,36,72,-7.4220375,112.751077,2.018592749,3.426780117,3.89321231,4.006138253,4.568074378,6.498017607,5.211334848,2.088618505,6.132908949,7.076847567,6.307172207,6.132908949,8.951967362,3,1,0,1,0,0,0,0,0,0,0,0,0,0,0,0,0,0,0,0,0,1,0,0,0,0,0,0,0,0,0,0,0,0,0,0,1,0,0,0,0,0,0,0,0,1,1,0,0,0,0,0,0,0,0,0,0,0,0,0
160,Taman,4,3,3,2,110,127,-7.37289066,112.7110131,1.350350946,1.779360236,3.368072245,4.955758928,0.364230989,2.634817275,2.612908124,0.329522644,3.858954536,2.938036934,6.498644174,3.711108009,22.43647213,4,1,1,1,1,1,0,1,1,1,1,1,1,0,0,1,0,0,1,0,1,1,0,0,0,0,0,1,0,0,0,0,0,0,0,1,0,1,1,1,0,0,0,1,0,1,1,1,0,0,0,0,1,0,0,0,1,1,0,0
60,Sukodono,2,1,1,1,83,135,-7.41037491,112.6960805,1.354146822,1.7901317,2.97350967,4.717395283,3.368478087,5.523713567,1.014904952,0.749400781,5.25908446,9.15923438,9.888809113,5.25908446,21.80132708,3,1,0,0,0,0,0,0,0,0,0,0,0,0,0,0,0,0,0,0,0,0,0,0,0,0,0,0,0,0,0,0,0,0,0,0,1,0,0,0,0,0,0,0,0,0,0,0,0,0,0,0,0,0,0,0,0,0,0,1
65,Waru,3,2,0,1,145,200,-7.3646345,112.7344448,1.900685789,1.11428425,1.095515622,2.758319896,1.749535038,1.191386235,1.244271165,0.135553046,2.699620575,3.513780896,4.231406992,3.287112332,81.19501354,3,0,0,0,0,0,0,0,0,0,0,0,0,0,0,0,0,0,0,0,0,0,0,0,0,0,0,0,0,0,0,0,0,0,0,0,1,0,0,0,0,0,0,0,0,0,0,0,0,0,0,0,0,0,0,0,0,0,0,1
40.7,Gedangan,2,1,1,1,33,72,-7.40567335,112.7260569,0.402261169,2.551857235,1.942098465,2.791069362,0.324369919,4.754794755,1.702186472,1.257588162,2.113690408,7.291122272,6.743415061,2.113690408,20.18810266,3,1,0,1,0,0,0,1,0,0,1,1,0,1,0,1,0,0,1,0,0,1,0,0,0,0,0,0,0,0,0,0,0,0,0,0,1,1,1,0,0,1,0,1,0,1,1,1,1,1,0,0,1,0,0,0,1,0,0,0
32.02,Porong,2,1,1,1,38,72,-7.5402368,112.69314,6.558201124,4.349073216,9.411074638,0.895717024,0.91625615,11.29357219,0.514138072,0.616263108,1.226677013,9.420493641,23.17012468,1.226677013,81.19501354,4,0,0,1,0,0,0,0,0,0,0,1,0,1,0,0,0,0,0,0,0,1,0,0,0,1,0,0,0,0,0,0,0,0,0,0,1,1,0,1,0,1,0,1,0,1,1,0,0,1,0,0,1,0,0,0,1,0,0,0
53,Sedati,2,1,1,1,70,130,-7.3670969,112.8077818,2.741955151,8.505303681,8.721760985,3.209968054,5.640072876,12.53028415,5.784083946,5.731764798,11.79175065,5.578527954,1.491611039,11.79175065,5.636568279,3,1,1,1,0,0,0,0,1,1,1,1,0,1,0,1,0,0,1,0,1,1,0,0,0,1,0,0,1,0,0,0,0,0,0,1,0,1,1,1,0,1,0,1,1,1,1,0,1,1,0,0,1,0,0,0,1,0,0,0
64.3,Waru,2,1,0,2,200,120,-7.36269,112.76411,1.165806952,1.512940444,1.4344078,4.584026838,1.123746149,5.083039687,0.439977069,1.361796265,5.112819275,3.634743246,2.404583749,5.112819275,6.496635759,4,1,0,0,0,0,0,0,0,0,0,0,0,0,0,0,0,0,0,0,0,0,0,0,0,0,0,0,0,0,0,0,0,0,0,0,1,0,0,0,0,0,0,0,0,0,0,0,0,0,0,0,0,0,0,0,0,0,0,1
38.2,Waru,2,1,1,1,32,72,-7.3503078,112.7674661,1.10438002,1.229006217,1.445463521,3.972977345,0.373224262,5.970825657,4.238193775,0.837264716,4.491888353,5.123691752,3.893532255,4.473029203,5.266527028,4,1,1,1,0,0,0,1,0,0,1,1,0,1,0,1,0,0,1,0,0,1,0,0,0,0,0,0,0,0,0,0,0,0,0,0,1,1,1,0,0,1,0,1,1,1,1,1,1,1,0,0,1,0,0,0,1,0,0,0
51.7,Tulangan,2,1,1,1,42,84,-7.4812926,112.6468606,6.327984246,6.601769438,5.761219833,8.924023122,6.159100187,9.029788107,6.078539212,3.862833136,1.990336954,9.169755689,21.57939231,1.990336954,16.16631738,4,1,0,1,0,0,0,0,1,0,0,1,0,1,0,0,0,0,0,0,0,1,0,0,0,1,0,0,0,0,0,0,0,0,0,0,1,0,0,0,0,1,0,1,1,1,1,0,0,0,0,0,1,0,0,0,1,0,0,0
59,Sedati,3,1,1,1,40,84,-7.40573552,112.7613933,2.506541114,5.029552199,1.235679044,4.461970855,2.912570849,7.408849671,4.701728815,2.92938413,5.511152093,4.563461083,3.793785723,5.511152093,12.05873884,3,1,1,1,0,0,0,0,0,0,1,0,0,1,0,0,0,0,0,0,0,1,0,0,0,0,0,0,0,0,0,0,0,0,0,0,1,1,1,0,0,1,0,1,0,1,1,0,1,0,0,0,1,0,0,0,1,0,0,0
162,Waru,4,3,0,1,200,150,-7.3590139,112.7420717,2.318244749,2.004913233,2.463779854,2.892912953,3.146202355,2.588053552,2.30995581,1.568941506,3.42170539,4.898013657,3.937232264,3.42170539,81.19501354,3,0,1,1,0,0,0,0,0,1,0,1,0,1,0,0,0,0,0,0,0,1,0,0,0,0,0,0,0,1,0,0,0,0,0,1,1,1,1,0,0,0,0,1,0,1,1,0,0,0,0,0,0,0,0,0,0,0,0,0
100,Gedangan,3,2,0,1,90,90,-7.39003,112.73619,1.03867289,1.428310611,0.671733596,5.460509438,1.630509207,4.044447307,1.445306466,1.56440718,1.277680005,5.815412482,4.451575541,1.277680005,81.19501354,3,0,0,0,0,0,0,0,0,0,0,0,0,0,0,0,0,0,0,0,0,0,0,0,0,0,0,0,0,0,0,0,0,0,0,0,1,0,0,0,0,0,0,0,0,0,0,0,0,0,0,0,0,0,0,0,0,0,0,1
65,Taman,2,1,1,1,165,165,-7.3737954,112.6407094,2.851332513,6.040946394,6.789482248,6.853462349,6.023659919,10.08384425,8.474534226,1.086033266,3.052564598,7.94605231,15.57020939,3.052564598,81.19501354,5,0,0,0,0,0,0,0,0,0,0,0,0,0,0,0,0,0,0,0,0,0,0,0,0,0,0,0,0,0,0,0,0,0,0,0,1,0,0,1,0,0,0,1,1,1,0,1,0,0,0,0,0,0,0,0,0,0,0,0
40,Sukodono,2,1,0,1,96,96,-7.394061,112.6738809,0.841154993,2.876635709,3.908649488,5.892745572,0.28135024,8.302342463,3.92263492,1.354024066,6.782730801,8.26127735,11.8866952,6.612823097,19.89886834,4,1,0,0,0,0,0,0,0,0,0,0,0,0,0,0,0,0,0,0,0,0,0,0,0,0,0,0,0,0,0,0,0,0,0,0,1,0,0,0,0,0,0,0,0,0,0,0,0,0,0,0,0,0,0,0,0,0,0,1
170,Buduran,4,3,3,3,36,72,-7.4251569,112.7230062,1.91030037,1.39795371,1.106105101,1.052676295,2.292918065,2.740648466,2.107458689,1.941617939,5.114345548,5.494515392,8.711963207,4.531137012,22.15665081,3,1,0,0,0,1,0,0,0,0,0,1,0,0,0,1,0,0,0,0,0,1,0,0,0,0,0,0,0,0,0,0,0,0,0,0,1,0,0,0,0,1,0,1,1,0,0,0,0,1,0,0,1,0,0,0,0,0,0,0
56.1,Candi,1,1,1,1,45,60,-7.46736755,112.702364,1.742559299,2.276405157,1.299785296,2.342984867,1.920283628,2.988208825,2.22449385,1.408363513,2.337679631,1.571948555,14.86476131,2.925600605,2.661960394,4,1,0,1,0,0,0,0,1,0,1,1,0,1,0,1,0,0,0,0,0,1,0,0,0,0,0,0,1,0,0,0,0,0,0,0,1,1,1,0,0,1,0,1,0,1,1,1,0,0,0,0,1,0,0,0,1,0,0,0
85,Candi,2,1,0,1,36,72,-7.4643015,112.6921823,3.077138312,2.897655453,2.076052153,3.156543338,1.062163989,3.720245654,1.403722979,0.587592641,3.347084033,2.906527568,15.78145233,3.701867463,15.75154856,3,1,0,1,0,0,1,0,0,0,0,0,0,0,0,0,0,0,0,0,0,1,0,0,0,0,0,0,0,0,0,0,0,0,0,0,0,0,0,0,0,0,0,0,0,1,1,0,0,0,0,0,0,0,0,0,0,0,0,0
38,Candi,2,1,0,2,46,79,-7.491211,112.7488052,2.819264977,5.206143595,5.459466965,6.379164986,4.543136404,7.951131545,5.187060189,2.880837258,6.328633649,6.078052993,17.5465413,6.242121028,17.3738686,3,1,0,1,0,0,0,0,0,0,0,0,0,1,0,0,0,0,0,0,0,1,0,0,0,0,0,0,0,0,0,0,0,0,0,0,1,0,0,0,0,0,0,0,0,0,0,0,0,0,0,0,0,0,0,0,0,0,0,1
100,Balongbendo,3,2,0,1,433,376,-7.4217,112.5322,13.81773375,5.633311884,6.851203125,20.82565765,7.105650917,21.49493989,19.87357832,1.787440015,3.87899293,6.643186608,29.54240469,3.874138192,34.85677348,3,1,0,0,0,0,0,0,0,0,0,1,0,0,0,0,0,0,0,0,0,0,0,0,0,0,0,0,0,0,0,0,0,0,0,0,1,0,0,0,0,0,0,0,0,0,0,0,0,0,0,0,0,0,0,0,0,0,0,1
16,Sukodono,2,1,0,1,36,72,-7.4191007,112.6764056,0.669532047,1.127756414,0.931209735,6.288056196,0.788175664,5.32490271,3.83263409,1.725272647,8.458286396,9.185867138,13.43530953,7.415419427,22.97816506,3,1,0,0,0,0,0,0,0,0,0,0,0,0,0,0,0,0,0,0,0,0,0,0,0,0,0,0,0,0,0,0,0,0,0,0,1,0,0,0,0,0,0,0,0,0,0,0,0,0,0,0,0,0,0,0,0,0,0,1
90,Krembung,4,3,0,1,500,300,-7.5268,112.6637,7.897964305,5.746944314,11.59598382,5.080471132,2.908489209,13.86411006,4.327001334,3.249704829,5.271918747,11.80931862,25.55894965,5.224403821,21.66326364,3,1,0,0,0,0,0,0,0,0,0,0,0,0,0,0,0,0,0,0,0,0,0,0,0,0,0,0,0,0,0,0,0,0,0,0,1,0,0,0,0,0,0,0,0,0,0,0,0,0,0,0,0,0,0,0,0,0,0,1
160,Sidoarjo,3,2,0,1,36,96,-7.4497718,112.7015495,1.418867546,1.347328217,1.619650847,1.161143531,1.125437344,1.711231791,0.80420669,2.877355001,2.962788217,3.976635156,13.48333016,2.288506762,0.501515038,3,1,0,0,0,0,0,0,0,0,0,0,0,0,0,0,0,0,0,0,0,0,0,0,0,0,0,0,0,0,0,0,0,0,0,0,1,0,0,0,0,0,0,0,0,0,0,0,0,0,0,0,0,0,0,0,0,0,0,1
45,Sedati,5,2,2,2,180,200,-7.4088477,112.7621381,2.787409276,5.432688577,1.638815422,4.865107233,3.315707227,7.811986048,5.104865193,2.744180364,5.914288471,4.966597461,4.196922101,5.914288471,12.46187522,3,1,0,0,0,0,0,0,0,0,0,0,0,0,0,0,0,0,0,0,0,0,0,0,0,0,0,0,0,0,0,0,0,0,0,0,1,0,0,0,0,0,0,0,0,0,0,0,0,0,0,0,0,0,0,0,0,0,0,1
150,Waru,2,1,1,1,110,156,-7.35291669,112.7919645,4.537648421,4.358855253,4.537935414,3.027274037,2.21989434,9.167827375,2.363905411,0.58097381,7.811383767,5.735662931,5.227431432,7.792524616,2.451658243,3,1,0,0,0,0,0,0,0,0,0,0,0,0,0,0,0,0,0,0,0,0,0,0,0,0,0,0,0,0,0,0,0,0,0,0,1,0,0,0,0,0,0,0,0,0,0,0,0,0,0,0,0,0,0,0,0,0,0,1
45.5,Sukodono,2,1,1,1,35,35,-7.3884639,112.7037735,1.44167041,2.249066209,5.175129244,6.300722623,1.688742049,5.012669633,2.093506254,0.950683272,4.472874403,5.364530958,8.691775628,4.472874403,20.33861146,3,1,0,0,0,0,0,0,0,0,0,0,0,0,0,0,0,0,0,0,0,0,0,0,0,0,0,0,0,0,0,0,0,0,0,0,1,0,0,0,0,0,0,0,0,0,0,0,0,0,0,0,0,0,0,0,0,0,0,1
22.7,Tanggulangin,2,1,0,1,340,180,-7.50246405,112.7091935,1.75730667,2.697035429,4.610180184,1.697485361,4.496927142,6.492677739,4.744941669,1.654641488,0.519210598,4.619599187,18.36923022,0.432697977,15.79050994,5,1,0,0,0,0,0,0,0,0,0,0,0,0,0,0,0,0,0,0,0,0,0,0,0,0,0,0,0,0,0,0,0,0,0,0,1,0,0,0,0,0,0,0,0,0,0,0,0,0,0,0,0,0,0,0,0,0,0,1
58.7,Candi,2,1,1,1,55,55,-7.46736755,112.702364,1.742559299,2.276405157,1.299785296,2.342984867,1.920283628,2.988208825,2.22449385,1.408363513,2.337679631,1.571948555,14.86476131,2.925600605,2.661960394,4,1,0,1,0,0,0,0,0,0,0,0,0,1,0,1,0,0,0,0,0,1,0,0,0,1,0,0,0,0,0,0,0,0,0,1,0,0,1,0,0,1,0,0,0,1,1,0,0,0,0,0,1,0,1,0,1,0,0,0
65,Sukodono,2,0,0,1,140,85,-7.3992549,112.6761485,0.630149093,2.585107962,3.636107584,6.815155117,1.146856293,8.029800559,5.242539473,1.081482162,8.179380092,9.183686895,12.80910475,8.179380092,20.82127789,3,1,0,0,0,0,0,0,0,0,0,0,0,0,0,0,0,0,1,0,0,0,0,0,0,0,0,0,0,0,0,0,0,0,0,0,1,0,1,0,0,0,0,0,0,0,0,0,0,0,0,0,0,0,0,0,0,0,0,1
50,Sidoarjo,2,1,0,1,93,93,-7.4514112,112.6871692,1.270364248,0.96985293,0.78484038,3.353317941,1.434039518,2.390164455,1.867685264,1.865145923,4.155329173,4.770289526,15.66947075,4.055106494,17.3716036,3,1,0,0,0,0,0,0,0,0,0,0,0,0,0,0,0,0,0,0,0,0,0,0,0,0,0,0,0,0,0,0,0,0,0,0,1,0,0,0,0,0,0,0,0,0,0,0,0,0,0,0,0,0,0,0,0,0,0,1
72,Buduran,2,1,1,1,45,72,-7.41274316,112.7539302,1.841956955,5.352535493,2.952832209,4.891324535,3.967094253,7.383203889,4.610354723,1.487638381,5.531928824,6.280614247,5.510938887,5.531928824,23.60634108,3,1,0,0,0,0,0,0,0,0,0,1,0,1,0,0,0,0,0,0,0,0,0,0,0,0,0,0,0,0,0,0,0,0,0,0,1,0,0,0,0,1,0,1,0,1,1,1,0,0,0,0,1,0,0,0,1,0,0,0
55,Sidoarjo,2,2,0,1,72,72,-7.4497718,112.7015495,1.418867546,1.347328217,1.619650847,1.161143531,1.125437344,1.711231791,0.80420669,2.877355001,2.962788217,3.976635156,13.48333016,2.288506762,0.501515038,3,1,0,0,0,0,0,0,0,0,0,0,0,0,0,0,0,0,0,0,0,0,0,0,0,0,0,0,0,0,0,0,0,0,0,0,1,0,0,0,0,0,0,0,0,0,0,0,0,0,0,0,0,0,0,0,0,0,0,1
95,Gedangan,4,2,0,2,150,150,-7.391717,112.7306136,0.811598983,1.229690775,1.376210914,4.585753045,1.403435301,3.8173734,0.570550072,1.337333273,1.050606099,6.139768061,4.818852244,1.050606099,81.19501354,3,0,0,0,0,0,0,0,0,0,0,0,0,0,0,0,0,0,0,0,0,0,0,0,0,0,0,0,0,0,0,0,0,0,0,0,1,0,0,0,0,0,0,0,0,0,0,0,0,0,0,0,0,0,0,0,0,0,0,1
42.5,Taman,2,1,1,1,90,90,-7.3682573,112.7077638,0.582484256,1.790084699,3.515513248,4.187892237,0.69882283,2.782258278,2.474418396,0.664114484,3.885045783,2.811413221,6.646085178,3.958342768,22.77106397,4,1,1,0,0,0,0,0,0,0,0,1,0,1,0,0,0,0,0,0,0,0,0,0,0,0,0,0,0,0,0,0,0,0,0,0,1,0,0,0,0,0,0,0,0,1,0,0,0,0,0,0,0,0,0,0,0,0,0,0
90,Balongbendo,2,1,0,1,53,91,-7.4217,112.5322,13.81773375,5.633311884,6.851203125,20.82565765,7.105650917,21.49493989,19.87357832,1.787440015,3.87899293,6.643186608,29.54240469,3.874138192,34.85677348,3,1,0,0,0,0,0,0,0,0,0,0,0,0,0,0,0,0,0,0,0,0,0,0,0,0,0,0,0,0,0,0,0,0,0,0,1,0,0,0,0,0,0,0,0,0,0,0,0,0,0,0,0,0,0,0,0,0,0,1
175,Sidoarjo,5,2,2,2,135,135,-7.44011612,112.7010083,1.608459657,0.82491055,0.602312008,1.820645642,0.750212058,2.666547782,1.463708801,23.96353439,3.990875842,4.991149443,12.62709684,2.948008873,25.57716568,3,1,0,1,1,1,0,0,0,0,0,1,1,0,0,1,0,0,1,0,0,0,0,0,0,0,0,0,0,1,0,1,0,0,0,1,0,0,1,0,0,1,0,1,0,1,1,0,0,0,0,0,0,0,0,0,0,0,0,0
50,Candi,2,1,0,1,72,136,-7.4954581,112.7172708,2.118534798,4.699320458,4.072386764,2.05871349,3.959133721,5.954884319,5.202384141,2.578074387,2.521495627,4.081805766,17.56186525,2.434983006,14.56875306,3,1,0,1,0,0,0,0,0,0,1,1,0,1,0,1,0,0,1,0,0,1,0,0,0,0,0,0,0,0,0,0,0,0,0,0,1,0,1,0,0,1,0,1,0,0,1,0,1,1,0,0,1,0,0,0,1,0,0,0
130,Waru,3,1,1,2,135,135,-7.34506052,112.7493553,1.973121751,1.104049452,2.249853454,2.348836581,1.92779605,4.271611164,1.7761092,2.861977494,2.88785878,4.364167047,5.566344343,2.868999629,81.19501354,3,0,0,0,0,0,0,0,0,0,0,0,0,1,0,0,0,0,1,0,0,0,0,0,0,0,0,0,0,0,0,0,0,0,0,1,1,0,1,0,0,0,0,0,0,0,0,0,0,0,0,0,0,0,0,0,0,0,0,1
72.8,Gedangan,2,2,2,2,55,72,-7.396155,112.7047843,1.909784402,1.100196351,3.544425573,5.549274533,2.076488319,5.421825904,0.944636395,0.584330597,2.856397346,6.898036834,7.486121999,2.856397346,20.21671947,3,1,0,1,0,0,0,0,1,0,0,1,0,1,0,0,0,0,0,0,0,1,0,0,0,1,0,0,0,0,0,1,0,0,0,0,0,0,0,0,0,1,0,1,0,1,1,0,0,0,0,0,1,0,0,0,1,0,0,0
39.1,Sedati,2,1,1,1,39,91,-7.40573552,112.7613933,2.506541114,5.029552199,1.235679044,4.461970855,2.912570849,7.408849671,4.701728815,2.92938413,5.511152093,4.563461083,3.793785723,5.511152093,12.05873884,3,1,1,1,0,0,0,0,0,0,1,1,0,1,0,1,0,0,1,0,0,1,0,0,0,0,0,0,0,0,0,0,0,0,0,0,1,1,1,0,0,1,0,1,0,1,1,0,1,1,0,0,1,0,0,0,1,0,0,0
91.5,Waru,3,2,2,2,72,72,-7.3668722,112.7359958,2.238886173,1.452484634,0.968047163,3.048532633,2.087735422,1.529586619,1.582471549,0.47375343,3.037820959,3.85198128,3.88899115,3.577325069,81.19501354,3,0,0,1,0,1,0,0,0,1,0,0,0,0,0,0,0,0,0,0,0,1,0,0,0,0,0,0,0,0,0,1,0,0,0,0,0,0,1,0,0,0,0,0,0,0,1,0,0,0,0,0,1,0,0,0,0,0,0,0
180,Waru,5,3,3,1,81,81,-7.3503078,112.7674661,1.10438002,1.229006217,1.445463521,3.972977345,0.373224262,5.970825657,4.238193775,0.837264716,4.491888353,5.123691752,3.893532255,4.473029203,5.266527028,4,1,0,1,0,0,0,0,0,0,0,1,0,0,0,0,0,0,0,0,0,1,0,0,0,0,0,0,0,0,0,1,0,0,0,0,0,0,0,0,0,0,0,0,0,0,1,0,0,0,0,0,0,0,0,0,0,0,0,0
85,Prambon,3,1,0,1,36,72,-7.438295,112.573007,8.283244975,3.545458394,3.299211418,17.44590328,3.219020219,16.48274979,14.86138822,3.77938562,3.556651028,3.684504501,26.64017259,3.218503573,31.95454138,3,1,1,1,0,0,0,0,0,0,0,0,0,0,0,0,0,0,0,0,0,1,0,0,0,0,0,0,0,0,0,1,0,0,0,0,0,0,0,0,0,0,0,0,0,1,1,0,0,0,0,0,0,0,0,0,0,0,0,0
200,Waru,3,2,0,2,150,175,-7.3517813,112.7846068,3.655698466,4.153966852,4.333047014,2.145324082,1.337944385,8.962938975,1.481955455,0.333828139,7.489622164,5.530774531,4.345481477,7.470763013,1.145830679,2,1,0,0,0,0,0,0,0,0,0,0,0,0,0,0,0,0,0,0,0,0,0,0,0,0,0,0,0,0,0,0,0,0,0,0,1,0,0,0,0,0,0,0,0,0,0,0,0,0,0,0,0,0,0,0,0,0,0,1
60.23,Krian,2,1,1,1,70,108,-7.40517063,112.5852645,5.979275418,1.81082169,1.546218345,13.70824453,1.800666137,14.97550295,14.0853255,0.601977928,0.979383313,1.027337276,22.42499158,0.93396159,27.73936036,4,1,1,1,0,0,0,0,1,0,1,1,0,1,0,0,0,0,0,0,0,1,0,0,0,1,0,0,0,0,0,0,0,0,0,1,1,0,1,0,0,1,0,0,0,1,1,1,0,0,0,0,1,0,0,0,1,0,0,0
160,Waru,3,2,0,1,91,91,-7.3433654,112.768599,1.364967968,2.057820605,2.231340079,3.581449694,1.521887456,6.642989092,0.372573759,1.708462682,5.164051788,5.994889718,5.78160709,5.145192638,5.092216824,4,1,0,0,0,0,0,0,0,0,0,0,0,0,0,0,0,0,0,0,0,0,0,0,0,0,0,0,0,0,0,0,0,0,0,0,1,0,0,0,0,0,0,0,0,0,0,0,0,0,0,0,0,0,0,0,0,0,0,1
68.8,Porong,2,1,0,1,643,381,-7.5402368,112.69314,6.558201124,4.349073216,9.411074638,0.895717024,0.91625615,11.29357219,0.514138072,0.616263108,1.226677013,9.420493641,23.17012468,1.226677013,81.19501354,4,0,0,1,0,0,0,0,1,0,0,1,0,0,1,0,0,0,0,0,0,1,0,0,0,0,0,0,0,0,0,1,0,0,0,0,0,0,0,0,0,0,0,1,1,1,1,0,0,0,0,0,1,0,0,0,1,0,1,0
87.5,Waru,3,2,2,2,120,213,-7.3517813,112.7846068,3.655698466,4.153966852,4.333047014,2.145324082,1.337944385,8.962938975,1.481955455,0.333828139,7.489622164,5.530774531,4.345481477,7.470763013,1.145830679,2,1,0,0,0,0,0,0,0,0,0,0,0,0,0,0,0,0,0,0,0,0,0,0,0,0,0,0,0,0,0,0,0,0,0,0,1,0,0,0,0,0,0,0,0,0,0,0,0,0,0,0,0,0,0,0,0,0,0,1
55.5,Sukodono,2,1,1,1,65,90,-7.394061,112.6738809,0.841154993,2.876635709,3.908649488,5.892745572,0.28135024,8.302342463,3.92263492,1.354024066,6.782730801,8.26127735,11.8866952,6.612823097,19.89886834,4,1,0,1,0,0,0,0,0,0,0,1,0,1,0,1,0,0,0,0,0,1,0,0,0,0,0,0,0,0,0,0,0,0,0,0,1,1,0,0,0,1,0,0,0,0,0,0,0,0,0,0,1,0,0,0,1,0,0,0
60,Krembung,2,1,0,1,210,178,-7.5268,112.6637,7.897964305,5.746944314,11.59598382,5.080471132,2.908489209,13.86411006,4.327001334,3.249704829,5.271918747,11.80931862,25.55894965,5.224403821,21.66326364,3,1,0,0,0,0,0,0,0,0,0,1,0,0,0,0,0,1,0,0,0,0,0,0,0,0,0,0,0,0,0,0,0,0,0,0,1,0,0,0,0,0,0,0,0,0,0,0,0,0,0,0,0,0,0,0,1,0,0,0
76.59,Sidoarjo,2,1,1,1,39,90,-7.44942446,112.6835131,1.917515958,1.201196765,1.357468793,4.592368919,1.917515958,3.629215433,2.524447083,2.631550342,5.531606263,5.55363833,16.17881963,5.431383583,17.81399915,3,1,0,1,0,0,0,0,0,0,0,1,0,1,0,0,0,0,0,0,0,1,0,0,0,0,0,0,0,0,0,0,0,0,0,0,0,0,0,0,0,0,0,0,0,1,1,1,0,0,0,0,1,0,0,0,0,0,0,0
40,Taman,3,1,0,1,96,120,-7.3589157,112.6810879,3.958887031,1.892287961,1.726992546,1.860381441,1.630770297,5.065770285,3.456460256,1.234408478,2.75036667,4.228913219,10.55213542,2.580458966,81.19501354,5,0,0,0,0,0,0,0,0,0,0,0,0,0,0,0,0,0,0,0,0,0,0,0,0,0,0,0,0,0,0,1,0,0,0,0,0,0,0,0,0,0,0,0,0,0,0,0,0,0,0,0,0,0,0,0,0,0,0,1
40,Sukodono,2,1,0,1,100,100,-7.394061,112.6738809,0.841154993,2.876635709,3.908649488,5.892745572,0.28135024,8.302342463,3.92263492,1.354024066,6.782730801,8.26127735,11.8866952,6.612823097,19.89886834,4,1,0,0,0,0,0,0,0,0,0,0,0,0,0,0,0,0,0,0,0,0,0,0,0,0,0,0,0,0,0,1,0,0,0,0,0,0,0,0,0,0,0,0,0,0,0,0,0,0,0,0,0,0,0,0,0,0,0,1
42,Tulangan,2,1,0,1,100,192,-7.4726134,112.6675398,3.788485157,4.410160492,3.569610887,7.48807905,3.967491241,6.838179161,3.886930266,1.67122419,3.414253244,6.978146743,19.38778336,3.441593893,14.73138427,2,1,0,0,0,0,0,0,0,0,0,0,0,0,0,0,0,0,0,0,0,0,0,0,0,0,0,0,0,0,0,0,0,0,0,0,1,0,0,0,0,0,0,0,0,0,0,0,0,0,0,0,0,0,0,0,0,0,0,1
50,Sukodono,2,0,1,40,36,72,-7.4104743,112.7008186,1.979807829,1.258790214,3.52984213,4.330908106,3.994139094,5.13722639,0.628417775,0.159854763,4.727742974,8.772747203,9.357467627,4.727742974,21.2699856,3,1,1,0,0,1,1,0,0,1,0,1,0,0,0,0,0,0,0,0,0,1,0,0,0,0,0,0,0,0,0,0,0,0,0,0,0,0,0,0,0,1,0,1,1,1,1,0,0,0,0,0,1,0,0,0,1,0,0,0
120,Candi,4,3,3,2,36,72,-7.4578412,112.6839275,2.517696166,1.801376972,1.957649001,4.228586127,0.646990461,3.512824781,1.080636207,1.179785889,4.43748689,4.101873876,16.77899984,4.781153484,16.49657367,3,1,1,1,0,1,0,1,0,0,0,1,0,1,0,1,0,0,0,0,0,1,0,0,0,0,0,0,1,1,0,0,0,0,0,0,0,0,1,0,0,0,0,1,1,1,1,0,1,1,0,0,1,0,0,0,1,1,0,0
160,Buduran,3,3,0,2,136,136,-7.4349235,112.7345789,3.021592939,1.302799009,0.647616288,1.245557987,3.224289266,3.469753212,2.619140297,2.485345338,5.360394668,5.659680556,9.245975248,4.879876178,5.860461324,4,1,0,0,0,0,0,0,0,0,0,0,0,0,0,0,0,0,0,0,0,0,0,0,0,0,0,0,0,0,0,0,0,0,0,0,1,0,0,0,0,0,0,0,0,0,0,0,0,0,0,0,0,0,0,0,0,0,0,1
38.225,Krembung,2,1,1,1,45,75,-7.50875445,112.6226665,4.047952021,10.3908873,11.02631388,10.24330053,8.071318606,14.29488216,9.489830732,9.127927188,7.255431005,14.43484974,26.84448636,7.255431005,21.43141143,4,1,0,1,0,0,0,0,1,0,1,1,0,1,0,1,0,0,1,0,0,1,0,0,0,0,0,0,1,0,0,0,0,0,0,0,1,1,1,0,0,1,0,1,0,1,0,1,1,0,0,0,1,0,0,0,1,0,0,0
150,Sidoarjo,3,2,0,1,130,150,-7.4540491,112.7066448,1.329265792,1.199338443,1.227777695,0.816918377,1.117265542,1.37170299,1.000657349,2.333336452,2.185836562,3.394768865,13.33977515,0.959526932,1.632499152,3,1,0,1,0,0,0,0,0,0,0,1,0,0,0,0,0,0,0,0,0,1,0,0,0,0,0,0,0,0,0,0,0,0,0,1,0,0,0,0,0,0,0,0,0,0,0,0,0,0,0,0,0,0,0,0,0,0,0,1
90.8,Krembung,3,2,0,1,210,210,-7.5268,112.6637,7.897964305,5.746944314,11.59598382,5.080471132,2.908489209,13.86411006,4.327001334,3.249704829,5.271918747,11.80931862,25.55894965,5.224403821,21.66326364,3,1,0,0,0,0,0,0,0,0,0,0,0,0,1,0,0,1,0,0,0,0,0,0,0,0,0,0,0,0,0,0,0,0,0,0,1,0,0,0,0,0,0,0,0,1,0,1,0,0,0,0,0,0,0,0,1,0,0,0
59.99,Gedangan,2,2,0,1,38,96,-7.4085499,112.709222,1.728269459,1.555419876,3.798551012,3.936104497,2.492492674,5.311535949,1.39985992,1.494959858,3.970142954,8.500301765,8.599867607,3.970142954,21.55771241,3,1,0,0,0,0,0,0,0,0,0,0,0,0,0,0,0,0,0,0,0,0,0,0,0,0,0,0,0,0,0,0,0,0,0,0,1,0,0,0,0,0,0,0,0,0,0,0,0,0,0,0,0,0,0,0,0,0,0,1
49,Sidoarjo,2,2,0,1,140,105,-7.4432437,112.7271441,1.251984932,0.943183125,1.174895029,1.411861998,1.45468126,2.388681972,1.177284935,1.147743147,3.479394438,3.778680326,11.11927216,3.110268171,4.090853318,3,1,0,1,0,0,0,0,1,0,0,0,0,1,0,0,0,0,0,0,0,0,0,0,0,0,0,0,0,0,0,0,0,0,0,0,1,0,0,0,0,0,0,0,0,0,0,0,0,0,0,0,0,0,0,0,0,0,0,1
98.2,Taman,2,1,1,1,50,75,-7.35563868,112.6926661,4.830898626,2.086391249,1.777160213,1.965747081,1.495157804,3.729932279,4.32847185,1.905563415,1.819766727,2.893075213,9.537213164,1.649859024,81.19501354,2,0,1,0,0,0,0,0,0,0,1,1,0,1,0,0,0,0,0,0,0,0,0,0,0,0,0,0,0,0,0,0,0,0,0,1,1,1,0,0,0,0,0,1,0,1,1,0,0,0,0,0,1,0,0,0,0,0,0,0
76.4,Buduran,3,2,2,2,36,90,-7.4193666,112.7658623,3.909136298,7.419714836,4.031839177,7.258130987,5.708730981,9.081723396,6.677534066,3.554817724,7.599108167,7.359621215,7.359621215,7.599108167,11.53567315,3,1,1,0,1,0,0,0,1,0,0,1,0,1,0,1,0,0,0,0,0,0,0,0,0,0,0,0,0,0,0,0,0,0,0,1,1,1,1,0,0,1,0,1,0,1,1,0,0,0,0,0,1,0,0,0,1,1,0,0
20,Candi,2,2,2,1,73,73,-7.4867001,112.7107433,1.634901003,2.373990569,2.72412845,2.433954215,2.610875408,4.606626005,5.042324489,1.717031788,2.896736353,2.733547453,16.48317849,2.810223732,13.01617914,3,1,0,1,0,0,0,0,0,0,0,0,0,0,0,1,0,0,0,0,0,1,0,0,0,0,0,0,0,0,0,0,0,0,0,0,1,0,0,0,0,0,0,0,0,0,0,0,0,0,0,0,0,0,0,0,0,0,0,1
125,Sidoarjo,3,1,0,1,36,72,-7.44726655,112.6959508,1.43520771,0.824445535,1.782333433,2.048638194,1.384903754,1.085484708,1.691701353,2.676935174,4.218868394,5.217578259,14.36479101,3.176001425,18.06259925,3,1,0,0,0,0,0,0,0,0,0,0,0,0,0,0,0,0,0,0,0,0,0,0,0,0,0,0,0,0,0,0,0,0,0,0,1,0,0,0,0,0,0,0,0,0,0,0,0,0,0,0,0,0,0,0,0,0,0,1
44.5,Gedangan,2,1,0,1,36,72,-7.3981827,112.7091664,2.146202235,1.333118372,3.065087124,4.976940891,1.700005422,5.012382857,1.177558416,0.820748431,2.4469543,6.599403231,7.076678953,2.4469543,19.91808586,3,1,0,1,0,0,0,0,0,0,0,1,0,0,0,0,0,0,0,0,0,1,0,0,0,1,0,0,0,0,0,0,0,0,0,0,1,1,0,0,0,1,0,0,1,0,1,1,0,0,0,0,1,0,0,0,1,0,0,0
55,Waru,2,1,1,1,200,200,-7.365102,112.7196817,0.549125201,0.365902993,2.476314013,3.971190825,2.441398912,1.743059042,1.55562034,0.952478236,2.588062792,2.033890417,5.606885942,4.328048712,24.43595055,3,1,0,0,0,0,0,0,0,0,0,0,0,0,0,0,0,0,0,0,0,0,0,0,0,0,0,0,0,0,0,0,0,0,0,0,1,0,0,0,0,0,0,0,0,0,0,0,0,0,0,0,0,0,0,0,0,0,0,1
23.5,Sidoarjo,2,1,1,1,36,91,-7.43052082,112.6765075,1.312690786,2.220808679,1.110361775,4.991743581,2.080814634,4.028590095,4.271166544,22.89733834,8.094575107,7.889554523,14.11147018,8.247149529,24.57884578,3,1,0,0,0,0,0,0,0,0,0,1,0,0,0,0,0,0,0,0,0,0,0,0,0,0,0,0,0,0,0,0,0,0,0,0,1,0,0,0,0,0,0,0,0,0,0,0,0,0,0,0,0,0,0,0,0,0,0,1
56.49,Gedangan,2,1,1,36,36,72,-7.38997397,112.7233972,0.460494195,2.308834641,1.642108559,4.988275257,0.767692074,3.181630173,1.459163878,0.592118098,0.616201615,5.79363348,5.245926268,0.616201615,21.13478407,3,1,1,1,1,1,0,1,1,1,1,1,1,1,0,1,1,0,1,0,1,1,0,0,1,1,0,1,1,1,1,0,0,0,0,1,1,1,1,1,1,1,0,1,1,1,1,1,1,1,1,1,1,1,1,0,1,1,0,0
90,Sidoarjo,2,1,0,1,100,105,-7.4497718,112.7015495,1.418867546,1.347328217,1.619650847,1.161143531,1.125437344,1.711231791,0.80420669,2.877355001,2.962788217,3.976635156,13.48333016,2.288506762,0.501515038,3,1,0,0,0,0,0,0,0,0,0,0,0,0,0,0,0,0,0,0,0,0,0,0,0,0,0,0,0,0,0,1,0,0,0,0,0,0,0,0,0,0,0,0,0,0,0,0,0,0,0,0,0,0,0,0,0,0,0,1
32,Wonoayu,2,1,0,1,300,300,-7.4083339,112.6183751,2.813515088,2.833335976,4.840133952,12.19692153,5.174213141,11.15487832,10.12531048,3.531822631,2.926310706,4.681779374,19.96561412,5.092648141,26.22803736,3,1,0,1,0,0,0,0,0,0,0,0,0,0,0,0,0,0,0,0,0,1,0,0,0,0,0,0,0,0,0,1,0,0,0,0,0,0,0,0,0,0,0,0,0,0,0,0,0,0,0,0,0,0,0,0,0,0,0,1
99,Waru,3,2,1,1,135,135,-7.3399267,112.7562893,2.597476493,2.50980273,2.680404847,4.610746191,2.552150792,6.533520774,1.977784907,0.687217669,5.14976839,6.626076658,6.357688631,5.130909239,4.310022946,2,1,0,0,0,0,0,0,0,0,0,0,0,0,0,0,0,0,0,0,0,0,0,0,0,0,0,0,0,0,0,0,0,0,0,0,1,0,0,0,0,0,0,0,0,0,0,0,0,0,0,0,0,0,0,0,0,0,0,1
50,Waru,3,1,0,1,36,72,-7.35691754,112.7649386,0.583152119,0.901973764,0.851752968,4.197826568,0.521562119,5.48936336,0.322305427,1.690395154,4.736848767,4.307529642,3.077370145,4.736848767,5.880269303,3,1,0,0,0,0,0,0,0,0,0,0,0,0,0,0,0,0,0,0,0,0,0,0,0,0,0,0,0,0,0,0,0,0,0,0,1,0,0,0,0,0,0,0,0,0,0,0,0,0,0,0,0,0,0,0,0,0,0,1
102,Candi,3,2,2,2,36,91,-7.4615323,112.6885253,2.939287993,2.503194583,2.453764125,3.897332598,0.260637593,3.325784784,0.450123455,0.725228839,4.087873292,3.647316827,16.52224159,4.442656722,15.99246781,3,1,0,0,0,0,0,0,0,0,0,0,0,0,0,0,0,0,0,0,0,0,0,0,0,0,0,0,0,0,0,0,0,0,0,0,1,0,0,0,0,0,0,0,0,0,0,0,0,0,0,0,0,0,0,0,0,0,0,1
28.5,Sidoarjo,2,1,1,1,70,132,-7.44977187,112.7015496,1.418867546,1.347328217,1.619650847,1.161143531,1.125437344,1.711231791,0.80420669,2.877355001,2.962788217,3.976635156,13.48333016,2.288506762,0.501515038,3,1,0,1,0,0,0,0,0,0,0,0,0,0,0,0,0,0,0,0,0,0,0,0,0,0,0,0,0,0,0,0,0,0,0,0,1,0,0,0,0,1,0,0,0,1,0,0,0,0,0,0,0,0,0,0,0,0,0,0
125,Sidoarjo,3,2,0,2,120,120,-7.4393008,112.6859171,0.874060303,1.761650014,1.320676294,3.270797972,0.874060303,2.307644487,3.533490253,25.09408569,5.441028173,6.193426122,15.52787904,4.398161203,26.70771697,3,1,1,1,0,1,0,1,0,1,1,1,0,1,0,1,0,0,0,0,1,1,0,0,0,0,0,0,0,1,0,1,0,0,0,0,0,1,0,0,0,1,0,0,0,0,1,1,0,1,0,0,0,0,0,0,1,1,0,0
82.5,Sidoarjo,3,2,0,1,72,72,-7.4538538,112.7076869,1.208183024,1.094421018,1.550350373,0.840355884,0.996182774,1.316325687,1.024094857,2.228419027,2.50840924,3.680554125,13.23485772,0.854609507,1.666615704,3,1,0,0,0,0,0,0,0,0,0,0,0,0,0,0,0,0,0,0,0,0,0,0,0,0,0,0,0,0,0,1,0,0,0,0,0,0,0,0,0,0,0,0,0,0,1,0,0,0,0,0,0,0,0,0,0,0,0,0
75,Gedangan,2,1,0,1,72,72,-7.3850773,112.7531193,3.756297837,4.734462301,4.637760404,7.09589648,3.531183998,4.783809201,4.751458155,2.326891192,4.108734987,3.861258571,1.642802154,4.232989966,7.129469986,3,1,1,1,0,0,0,1,0,0,0,1,0,1,0,1,0,0,0,0,0,1,0,0,0,0,0,0,0,1,0,1,0,0,0,0,0,1,1,0,0,0,0,0,0,1,1,0,0,0,0,0,0,0,0,0,1,0,0,0
80,Sedati,3,2,0,1,23,200,-7.3742329,112.7585991,1.116417719,2.955009791,2.719141811,5.560313978,1.479514404,4.944831149,1.996731921,0.33177069,4.754532043,3.16696172,1.226699782,4.878787022,7.978075998,4,1,0,0,0,0,0,0,0,0,0,0,0,0,0,0,0,0,0,0,0,0,0,0,0,0,0,0,0,0,0,0,0,0,0,0,1,0,0,0,0,0,0,0,0,0,0,0,0,0,0,0,0,0,0,0,0,0,0,1
117,Waru,3,2,2,2,150,78,-7.3645565,112.73553,2.052591345,1.152120693,1.247421178,2.635329208,1.901440594,1.343291791,1.396176722,0.287458602,2.851526131,3.665686452,4.108416305,3.164121645,81.19501354,4,0,0,1,0,0,0,0,1,0,0,1,0,0,0,0,0,0,0,0,0,1,0,0,0,0,0,0,0,0,0,1,0,0,0,0,0,0,0,0,0,0,0,0,0,1,0,0,0,0,0,0,0,0,0,0,0,0,0,0
58.558,Taman,1,1,0,1,36,72,-7.37362324,112.6410027,2.913299665,6.102913546,6.8514494,6.915429501,6.085627071,10.14581141,8.536501378,1.148000418,3.11453175,8.008019462,15.63217655,3.11453175,81.19501354,2,0,0,1,0,0,0,0,0,0,0,1,0,0,0,0,0,0,0,0,0,1,0,0,0,1,0,0,0,0,0,0,0,0,0,0,0,1,0,0,0,1,0,0,1,0,1,1,1,0,0,0,1,0,0,0,1,0,0,0
65,Krian,3,2,2,1,36,72,-7.3964554,112.6212499,3.01934346,4.12690073,5.746586409,10.64997513,5.899670977,12.47398622,9.956073632,2.480108935,1.47770175,5.126342117,18.49975162,3.644039186,24.68109096,4,1,0,0,0,0,0,0,0,0,0,1,0,0,0,0,0,0,0,0,0,0,0,0,0,0,0,0,0,0,0,0,0,0,0,0,0,0,0,0,0,0,0,0,0,0,0,0,0,0,0,0,0,0,0,0,0,0,0,1
27,Sukodono,2,1,0,1,36,72,-7.422997,112.6889953,1.338407868,2.865705428,0.903556269,5.398006184,2.521084709,4.434852698,2.477828256,22.30215662,7.568236384,8.568509984,12.3181319,6.525369415,23.98366407,2,1,0,0,0,0,0,0,0,0,0,0,0,0,0,0,0,0,0,0,0,0,0,0,0,0,0,0,0,0,0,0,0,0,0,0,1,0,0,0,0,0,0,0,0,0,0,0,0,0,0,0,0,0,0,0,0,0,0,1
109,Waru,4,2,0,1,84,84,-7.3652174,112.7343734,1.872193191,1.085791652,1.067023023,2.766558933,1.72104244,1.162893637,1.215778567,0.107060448,2.671127977,3.485288298,4.149243804,3.29535137,81.19501354,2,0,0,0,0,0,0,0,0,0,0,0,0,0,0,0,0,0,0,0,0,0,0,0,0,0,0,0,0,0,0,0,0,0,0,0,1,0,0,0,0,0,0,0,0,0,1,0,0,0,0,0,0,0,0,0,0,0,0,0
57.5,Taman,2,1,1,1,120,120,-7.3699922,112.713533,1.126269253,1.255460355,2.844172364,4.974034742,0.88813087,2.110917393,2.089008242,0.32118154,3.3919993,2.414137053,5.974744293,5.2115996,22.96037201,4,1,0,1,0,0,0,0,0,1,0,0,0,0,0,1,0,0,0,0,0,0,0,0,0,0,0,0,0,0,0,0,0,0,0,1,1,1,0,0,0,1,0,0,0,1,0,0,0,0,0,0,1,0,0,0,1,0,0,0
45.702,Candi,2,1,1,1,40,72,-7.46736755,112.702364,1.742559299,2.276405157,1.299785296,2.342984867,1.920283628,2.988208825,2.22449385,1.408363513,2.337679631,1.571948555,14.86476131,2.925600605,2.661960394,4,1,0,1,0,0,0,0,1,0,1,1,0,1,0,1,1,0,1,0,1,0,0,0,0,0,0,0,0,1,1,0,0,0,0,1,0,1,1,0,0,0,0,1,0,1,1,1,1,0,0,1,0,1,1,0,0,1,0,0
69.5,Taman,2,1,1,2,81,81,-7.36625948,112.7065874,0.553141034,1.655737095,3.038385731,3.981910213,1.167300583,3.14082319,2.268436372,1.242744466,3.679063758,2.64734387,7.00465009,3.752360744,23.22515076,3,1,1,0,0,0,0,0,0,0,0,0,0,1,0,0,0,0,0,0,0,0,0,0,0,0,0,0,0,0,0,1,0,0,0,1,0,0,1,0,0,0,0,0,0,0,0,0,0,0,0,0,0,0,0,0,0,0,0,1
37.51,Krian,2,2,1,72,36,163,-7.3970707,112.601646,4.333152266,3.73003068,3.601438715,12.06212138,3.754523284,14.10620332,12.38051539,1.743892993,2.93324046,2.981194423,20.77886842,4.252953457,26.09323721,3,1,1,1,1,1,0,1,1,1,1,1,1,1,0,1,0,0,1,0,1,1,0,0,0,1,0,0,1,1,1,0,0,0,0,1,1,1,1,1,0,1,0,1,1,1,1,0,1,1,1,0,1,0,0,0,1,0,0,0
70,Buduran,2,0,1,2,165,157,-7.4113531,112.7552953,2.229850145,5.724909725,2.944717188,5.263698767,4.621608993,7.755578121,4.982728955,1.860012613,5.904303056,6.272499227,5.502823866,5.904303056,23.97871531,3,1,0,0,0,0,0,0,0,0,0,0,0,0,0,0,0,0,0,0,0,0,0,0,0,0,0,0,0,0,0,0,0,0,0,0,1,1,0,0,0,0,0,0,0,0,0,0,0,0,0,0,0,0,0,0,0,0,0,1
174,Krembung,3,3,0,1,228,228,-7.5268,112.6637,7.897964305,5.746944314,11.59598382,5.080471132,2.908489209,13.86411006,4.327001334,3.249704829,5.271918747,11.80931862,25.55894965,5.224403821,21.66326364,3,1,0,0,0,0,0,0,0,0,0,0,0,0,1,0,0,0,0,0,0,0,0,0,0,0,0,0,0,0,0,0,0,0,0,0,1,0,0,0,0,0,0,0,0,1,0,1,0,0,0,0,0,0,0,0,1,0,1,0
91.1,Waru,3,2,0,2,115,160,-7.3652174,112.7343734,1.872193191,1.085791652,1.067023023,2.766558933,1.72104244,1.162893637,1.215778567,0.107060448,2.671127977,3.485288298,4.149243804,3.29535137,81.19501354,2,0,0,0,0,0,0,0,0,0,0,0,0,0,0,0,0,0,0,0,0,0,0,0,0,0,0,0,0,0,0,1,0,0,0,0,0,0,0,0,0,0,0,0,0,0,1,0,0,0,0,0,0,0,0,0,0,0,0,0
38.24,Sukodono,2,1,1,1,45,60,-7.394061,112.6738809,0.841154993,2.876635709,3.908649488,5.892745572,0.28135024,8.302342463,3.92263492,1.354024066,6.782730801,8.26127735,11.8866952,6.612823097,19.89886834,4,1,0,1,0,0,0,1,0,0,1,1,0,1,0,1,0,0,0,0,0,1,0,0,0,0,0,0,1,0,0,0,0,0,0,0,1,1,1,0,0,1,0,1,0,1,1,1,0,0,0,0,1,0,0,0,1,0,0,0
38,Krian,2,1,1,1,36,72,-7.40299,112.5873906,5.680902608,1.908363811,1.678408623,13.40987172,1.932856415,14.67713014,13.78695269,0.734168206,1.111573591,1.159527555,22.12661877,1.066151869,27.44098755,4,1,0,0,0,0,0,0,0,0,0,1,0,0,0,1,0,0,1,0,0,1,0,0,0,0,0,0,0,0,0,0,0,0,0,0,0,0,0,0,0,0,0,0,0,1,0,0,0,0,0,0,0,0,0,0,0,0,0,0
75,Gedangan,2,2,0,2,91,91,-7.3917721,112.7306701,0.811598983,1.229690775,1.376210914,4.585753045,1.403435301,3.8173734,0.570550072,1.337333273,1.050606099,6.139768061,4.818852244,1.050606099,81.19501354,3,0,0,0,0,0,0,0,0,0,0,0,0,0,0,0,0,0,0,0,0,0,0,0,0,0,0,0,0,0,0,0,0,0,0,0,1,0,0,0,0,0,0,0,0,0,0,0,0,0,0,0,0,0,0,0,0,0,0,1
39,Sedati,2,1,1,1,22,79,-7.40573552,112.7613933,2.506541114,5.029552199,1.235679044,4.461970855,2.912570849,7.408849671,4.701728815,2.92938413,5.511152093,4.563461083,3.793785723,5.511152093,12.05873884,3,1,0,0,0,0,0,1,0,0,0,0,0,0,0,0,0,0,0,0,0,1,0,0,0,0,0,0,0,0,0,0,0,0,0,0,1,0,0,0,0,1,0,0,0,1,1,0,0,0,0,0,0,0,0,0,1,0,0,0
82.5,Krembung,3,2,0,1,228,228,-7.5268,112.6637,7.897964305,5.746944314,11.59598382,5.080471132,2.908489209,13.86411006,4.327001334,3.249704829,5.271918747,11.80931862,25.55894965,5.224403821,21.66326364,3,1,0,0,0,0,0,0,0,0,0,1,0,0,1,0,0,0,0,0,0,0,0,0,0,0,0,0,0,0,0,0,0,0,0,0,1,0,0,0,0,0,0,0,0,1,0,0,0,0,0,0,0,0,0,0,1,0,0,0
79.9,Waru,2,1,0,1,160,160,-7.3646948,112.7351961,2.052591345,1.152120693,1.247421178,2.635329208,1.901440594,1.343291791,1.396176722,0.287458602,2.851526131,3.665686452,4.108416305,3.164121645,81.19501354,4,0,0,0,0,0,0,0,0,0,0,0,0,0,0,0,0,0,0,0,0,0,0,0,0,0,0,0,0,0,0,0,0,0,0,0,1,0,0,0,0,0,0,0,0,0,0,0,0,0,0,0,0,0,0,0,0,0,0,1
60,Sukodono,2,2,1,1,54,105,-7.394061,112.6738809,0.841154993,2.876635709,3.908649488,5.892745572,0.28135024,8.302342463,3.92263492,1.354024066,6.782730801,8.26127735,11.8866952,6.612823097,19.89886834,4,1,0,1,0,0,0,0,0,0,0,1,0,0,0,0,0,0,0,0,0,1,0,0,0,0,0,0,0,0,0,1,0,0,0,0,0,0,0,0,0,0,0,0,0,0,1,0,0,0,0,0,0,0,0,0,0,0,0,0
40,Krembung,2,1,0,1,220,120,-7.5268,112.6637,7.897964305,5.746944314,11.59598382,5.080471132,2.908489209,13.86411006,4.327001334,3.249704829,5.271918747,11.80931862,25.55894965,5.224403821,21.66326364,3,1,0,0,0,0,0,0,0,0,0,0,0,0,0,0,0,0,0,0,0,0,0,0,0,0,0,0,0,0,0,0,0,0,0,0,1,0,0,0,0,0,0,0,0,0,0,0,0,0,0,0,0,0,0,0,0,0,0,1
110,Krembung,3,2,0,1,228,228,-7.5081,112.6206,3.849916646,10.70246903,11.08207309,10.55488226,8.382900339,14.35064136,11.39939246,9.183686388,7.311190206,14.49060894,26.90024556,7.311190206,21.48717063,3,1,0,0,0,0,0,0,0,0,0,0,0,0,0,0,0,0,0,0,0,0,0,0,0,0,0,0,0,0,0,0,0,0,0,0,1,0,0,0,0,0,0,0,0,0,0,0,0,0,0,0,0,0,0,0,0,0,0,1
30,Wonoayu,2,1,1,1,37,72,-7.446138,112.6514882,3.785473978,3.578061409,2.194564528,7.52916114,4.678234921,6.566007654,4.944646087,3.466680612,2.316424651,7.973837334,18.28095985,2.316424651,19.3192694,4,1,0,0,0,0,0,0,0,0,0,1,0,0,0,0,0,0,0,0,0,0,0,0,0,0,0,0,0,0,0,0,0,0,0,0,1,0,0,0,0,0,0,0,0,1,0,0,0,0,0,0,0,0,0,0,0,0,0,0
80,Gedangan,2,1,0,1,91,91,-7.3917721,112.7306701,0.811598983,1.229690775,1.376210914,4.585753045,1.403435301,3.8173734,0.570550072,1.337333273,1.050606099,6.139768061,4.818852244,1.050606099,81.19501354,3,0,0,0,0,0,0,0,0,0,0,0,0,0,0,0,0,0,0,0,0,0,0,0,0,0,0,0,0,0,0,0,0,0,0,0,1,0,0,0,0,0,0,0,0,0,0,0,0,0,0,0,0,0,0,0,0,0,0,1
54,Sedati,2,1,1,1,32,32,-7.395451,112.769745,2.126120462,5.450803877,1.168334739,2.35226583,2.209702417,6.722774141,5.299211723,2.80809364,4.825076563,2.463127662,2.463127662,4.825076563,8.572197323,3,1,1,1,0,0,0,1,0,0,0,1,0,1,0,1,0,0,1,0,0,1,0,0,0,0,0,0,0,0,0,0,0,0,0,0,1,0,1,0,0,1,0,1,1,1,1,0,1,1,0,0,1,0,0,0,1,0,0,0
33.5,Candi,2,1,0,1,200,150,-7.49444,112.72108,2.261289151,4.722705087,4.976028457,2.308438871,4.059697896,6.134663131,4.703621681,2.338776548,2.771221008,4.261584579,17.06310279,2.684708387,14.74853187,4,1,0,0,0,0,0,0,0,0,0,0,0,0,0,0,0,0,0,0,0,0,0,0,0,0,0,0,0,0,0,0,0,0,0,0,1,0,0,0,0,0,0,0,0,0,0,0,0,0,0,0,0,0,0,0,0,0,0,1
83.7,Krembung,2,2,0,1,228,228,-7.5268,112.6637,7.897964305,5.746944314,11.59598382,5.080471132,2.908489209,13.86411006,4.327001334,3.249704829,5.271918747,11.80931862,25.55894965,5.224403821,21.66326364,3,1,0,0,0,0,0,0,0,0,0,0,0,0,0,0,0,0,0,0,0,0,0,0,0,0,0,0,0,0,0,0,0,0,0,0,1,0,0,0,0,0,0,0,0,0,0,0,0,0,0,0,0,0,0,0,0,0,0,1
50,Sukodono,2,1,1,1,34,68,-7.41472201,112.6913421,0.464185517,2.484142578,2.083548365,5.192282428,2.64961742,5.833893142,1.489792097,9.637454568,6.068963929,9.634121525,10.69868858,6.068963929,22.61120655,2,1,1,1,0,0,0,0,1,0,0,1,0,0,0,0,0,0,0,0,0,0,0,0,0,0,0,0,0,0,0,0,0,0,0,0,1,0,0,0,0,0,0,1,1,0,0,0,0,0,0,0,0,0,0,0,1,0,0,0
45,Sidoarjo,3,1,1,1,180,150,-7.4514112,112.6871692,1.270364248,0.96985293,0.78484038,3.353317941,1.434039518,2.390164455,1.867685264,1.865145923,4.155329173,4.770289526,15.66947075,4.055106494,17.3716036,3,1,0,0,0,0,0,0,0,0,0,0,0,0,0,0,0,0,0,0,0,0,0,0,0,0,0,0,0,0,0,0,0,0,0,0,1,0,0,0,0,0,0,0,0,0,0,0,0,0,0,0,0,0,0,0,0,0,0,1
165,Sidoarjo,4,3,0,2,70,91,-7.44726655,112.6959508,1.43520771,0.824445535,1.782333433,2.048638194,1.384903754,1.085484708,1.691701353,2.676935174,4.218868394,5.217578259,14.36479101,3.176001425,18.06259925,3,1,0,1,0,0,0,0,0,0,0,0,0,0,0,0,0,0,0,0,0,1,0,0,0,0,0,0,0,0,0,0,0,0,0,0,1,1,0,0,0,0,0,0,0,0,1,0,0,0,0,0,0,0,0,0,0,0,0,0
134,Waru,5,3,0,2,120,656,-7.3399267,112.7562893,2.597476493,2.50980273,2.680404847,4.610746191,2.552150792,6.533520774,1.977784907,0.687217669,5.14976839,6.626076658,6.357688631,5.130909239,4.310022946,2,1,0,0,0,0,0,0,0,0,0,0,0,0,0,0,0,0,0,0,0,0,0,0,0,0,0,0,0,0,0,1,0,0,0,0,0,0,0,0,0,0,0,0,0,0,1,0,0,0,0,0,0,0,0,0,0,0,0,0
55,Taman,2,1,1,1,135,155,-7.3682573,112.7077638,0.582484256,1.790084699,3.515513248,4.187892237,0.69882283,2.782258278,2.474418396,0.664114484,3.885045783,2.811413221,6.646085178,3.958342768,22.77106397,4,1,0,1,0,0,0,0,0,0,0,1,0,1,0,0,0,0,0,0,0,1,0,0,0,0,0,0,0,0,0,0,0,0,0,1,1,0,0,0,0,0,0,0,0,0,1,0,0,0,0,0,0,0,0,0,0,0,0,0
70,Candi,3,2,2,2,45,78,-7.4869501,112.6973995,0.514303157,3.700544154,5.632754982,2.782798504,5.056800767,6.594604673,4.965297271,1.945691365,4.324607315,4.721526121,18.47115716,4.238094694,14.29469537,3,1,1,1,0,0,0,0,1,0,0,0,0,0,0,0,0,0,0,0,0,1,0,0,0,0,0,0,0,0,0,1,0,0,0,0,0,1,1,0,0,1,0,0,1,0,1,1,1,1,0,0,1,0,0,0,0,0,0,0
38.225,Krembung,2,1,0,1,800,350,-7.50875445,112.6226665,4.047952021,10.3908873,11.02631388,10.24330053,8.071318606,14.29488216,9.489830732,9.127927188,7.255431005,14.43484974,26.84448636,7.255431005,21.43141143,4,1,0,1,0,0,0,0,1,0,0,1,0,0,1,0,0,1,0,0,0,1,1,0,0,0,0,0,1,0,0,0,0,0,1,0,1,1,1,0,0,0,0,1,0,1,0,1,1,0,0,0,1,0,0,0,1,0,1,0
38.265,Taman,2,1,1,1,58,120,-7.3589157,112.6810879,3.958887031,1.892287961,1.726992546,1.860381441,1.630770297,5.065770285,3.456460256,1.234408478,2.75036667,4.228913219,10.55213542,2.580458966,81.19501354,5,0,0,1,0,0,0,0,0,0,1,1,0,1,0,0,0,0,0,0,0,1,0,0,0,0,0,0,1,0,0,0,0,0,0,0,1,1,1,0,0,1,0,1,0,1,1,1,0,0,0,0,1,0,0,0,1,0,0,0
39,Taman,2,1,1,1,45,90,-7.3479081,112.6915096,3.858022133,0.586631955,0.215586038,0.465987787,0.106635984,4.243623281,3.355595358,0.411561275,1.049348309,3.406766215,10.05090417,0.879440606,81.19501354,5,0,0,0,0,0,0,0,0,0,1,0,0,0,0,0,0,0,0,0,0,0,0,0,0,0,0,0,0,0,0,0,0,0,0,0,1,0,0,0,0,1,0,0,0,0,1,0,0,0,0,0,0,0,0,0,1,0,0,0
29.9,Sidoarjo,2,1,1,1,60,72,-7.412324,112.5378369,14.10777388,4.521358592,5.739249833,19.67989096,5.993697625,20.98096278,19.67509937,0.176468657,4.24756786,5.531233316,28.39663801,4.535996651,33.7110068,5,1,0,0,0,0,0,0,0,0,0,0,0,0,0,0,0,0,0,0,0,0,0,0,0,0,0,0,0,0,0,0,0,0,0,0,1,0,0,0,0,0,0,0,0,0,1,0,0,0,0,0,0,0,0,0,0,0,0,0
72.4,Gedangan,2,1,0,1,120,191,-7.371733,112.728444,1.29517701,1.719573804,1.204016127,3.448103446,1.194770087,0.636621284,0.866532805,0.948183389,2.989524088,2.959015945,4.334588057,2.84167756,81.19501354,5,0,0,0,0,0,0,0,0,0,0,0,0,0,0,0,0,0,0,0,0,0,0,0,0,0,0,0,0,0,0,1,0,0,0,0,0,0,0,0,0,0,0,0,0,0,1,0,0,0,0,0,0,0,0,0,0,0,0,0
165,Sidoarjo,3,2,2,2,84,84,-7.4462352,112.7178195,0.420786723,0.766339978,1.111116716,1.870297294,0.459914242,0.896213411,1.096664574,0.320117539,2.398910614,2.779080458,11.32655623,1.711858796,2.692780225,2,1,1,1,0,1,0,1,0,0,0,1,0,0,0,0,0,0,0,0,0,1,0,0,0,0,0,0,0,1,0,1,0,0,0,1,0,1,0,0,0,0,0,0,0,1,1,0,0,0,0,0,1,0,0,0,1,0,0,0
40.5,Wonoayu,2,1,1,1,40,90,-7.446138,112.6514882,3.785473978,3.578061409,2.194564528,7.52916114,4.678234921,6.566007654,4.944646087,3.466680612,2.316424651,7.973837334,18.28095985,2.316424651,19.3192694,4,1,0,1,0,0,0,0,0,0,0,0,0,1,0,0,0,0,1,0,0,0,0,0,0,0,0,0,0,1,0,0,0,0,0,1,0,1,1,0,0,0,0,0,0,1,1,1,1,0,0,0,0,1,1,0,0,1,0,0
79,Taman,2,1,0,1,120,120,-7.363992,112.7091624,0.995417906,1.704584702,3.480662604,4.424187085,1.216148191,2.73572919,2.710713244,1.291592074,4.121340631,2.696191477,7.053497698,3.81934722,23.28838933,3,1,0,0,0,0,0,0,0,0,0,0,0,0,0,0,0,0,0,0,0,0,0,0,0,0,0,0,0,0,0,1,0,0,0,0,0,0,0,0,0,0,0,0,0,0,1,0,0,0,0,0,0,0,0,0,0,0,0,0
23.4,Krian,2,1,1,1,36,72,-7.4170186,112.5975167,6.156193881,2.903923464,1.546484404,15.04676185,1.880563593,14.08360837,12.99500681,2.475702349,2.556842364,2.129630235,22.86261104,2.870679452,28.60766139,3,1,0,0,0,0,0,0,0,0,0,1,0,0,0,0,0,0,0,0,0,0,0,0,0,0,0,0,0,0,0,0,0,0,0,0,1,0,0,0,0,1,0,0,0,0,0,0,0,0,0,0,0,0,0,0,0,0,0,0
85,Waru,2,1,0,1,150,98,-7.3565425,112.7518785,2.141451529,2.045101243,2.423482742,3.019151632,2.096125827,3.992883539,2.991138794,3.63898761,3.547944069,5.024252337,4.655061837,3.547944069,2.525221276,3,1,0,1,0,0,0,0,0,0,0,0,0,0,0,1,0,0,0,0,0,1,0,0,0,0,0,0,0,0,0,0,0,0,0,0,1,0,0,0,0,0,0,0,0,0,0,0,0,0,0,0,0,0,0,0,0,0,0,1
88.408,Sukodono,3,2,2,2,38,72,-7.3914287,112.6988252,0.544382914,2.336779426,5.736192914,6.735769305,2.73238693,6.101791828,2.18121947,1.850357359,5.118060089,6.280646136,9.747784742,5.118060089,20.40781216,3,1,0,1,0,0,0,0,0,0,0,1,0,1,0,0,0,0,0,0,0,1,0,0,0,0,0,0,0,0,0,0,0,0,0,0,0,0,0,0,0,1,0,0,0,0,1,1,0,0,0,0,0,0,0,0,0,0,0,0
35,Tulangan,2,1,1,1,36,90,-7.4785275,112.6523062,5.959844359,6.308826672,5.468277067,8.555883235,5.866157421,8.736845341,5.785596447,3.569890371,2.135993831,8.876812923,21.28644954,2.16333448,15.87337461,3,1,0,1,0,0,0,0,0,0,0,1,0,1,0,0,0,0,0,0,0,0,0,0,0,0,0,0,1,0,0,0,0,0,0,1,1,1,1,0,0,1,0,0,0,1,0,0,1,0,0,0,1,0,0,0,0,0,0,0
87,Candi,3,2,0,2,200,90,-7.4622498,112.6958457,3.261169406,3.210982783,2.260083247,3.340574432,1.375491319,4.033572984,1.717050309,0.900919972,3.531115127,3.090558662,15.96548343,3.885898556,15.93557965,3,1,0,0,0,0,0,0,0,0,0,1,0,0,0,0,0,0,0,0,0,0,0,0,0,0,0,0,0,0,0,0,0,0,0,0,1,0,0,0,0,0,0,1,0,0,0,1,0,0,0,0,0,0,0,0,0,0,0,0
41,Taman,3,1,0,1,96,96,-7.3589157,112.6810879,3.958887031,1.892287961,1.726992546,1.860381441,1.630770297,5.065770285,3.456460256,1.234408478,2.75036667,4.228913219,10.55213542,2.580458966,81.19501354,5,0,0,0,0,0,0,0,0,0,0,0,0,0,0,0,0,0,0,0,0,0,0,0,0,0,0,0,0,0,0,0,0,0,0,0,1,0,0,0,0,0,0,0,0,0,0,0,0,0,0,0,0,0,0,0,0,0,0,1
65,Sidoarjo,3,1,0,1,36,78,-7.4584767,112.7272666,1.270090122,0.761934241,0.875757082,2.070156145,0.800016228,2.49998309,1.415713053,0.631730721,2.225252508,2.402059318,13.45330513,2.298094528,4.328963672,2,1,0,1,0,0,0,0,0,0,0,0,0,0,0,0,0,0,0,0,0,1,0,0,0,0,0,0,0,0,0,0,0,0,0,0,1,0,0,0,0,0,0,0,0,1,0,0,0,0,0,0,0,0,0,0,0,0,0,0
25,Candi,2,1,1,1,110,120,-7.4588931,112.6995701,2.527793492,2.718205268,0.934954892,2.015446077,1.806297044,3.165956113,1.687197023,1.442953144,2.205986772,2.871106665,14.64035507,2.560770201,2.29712999,4,1,0,0,0,0,0,0,0,0,0,1,0,1,0,0,0,0,0,0,0,0,0,0,0,0,0,0,0,0,0,0,0,0,0,0,0,0,1,0,0,0,0,0,0,0,0,0,0,0,0,0,1,0,0,0,1,0,0,0
63.7,Sukodono,2,1,1,1,65,159,-7.3914287,112.6988252,0.544382914,2.336779426,5.736192914,6.735769305,2.73238693,6.101791828,2.18121947,1.850357359,5.118060089,6.280646136,9.747784742,5.118060089,20.40781216,3,1,0,1,0,0,0,0,0,0,0,1,0,0,0,0,0,0,0,0,0,0,0,0,0,0,0,0,0,0,0,0,0,0,0,0,0,0,0,0,0,0,0,0,0,0,0,0,0,0,0,0,0,0,0,0,1,0,0,0
75.6,Waru,2,1,1,1,65,96,-7.3468093,112.7792692,2.608582028,3.005164944,3.221622248,2.465693997,0.224244376,7.770549221,0.434839018,1.278722228,6.291611917,5.432035045,4.665851393,6.272752766,3.198893954,3,1,1,1,0,0,0,1,1,1,0,1,1,1,0,1,1,0,1,0,1,1,0,0,1,1,0,0,1,1,0,0,0,0,0,1,1,1,1,1,1,1,0,1,1,1,1,1,1,1,1,1,1,1,1,0,1,1,0,0
35.8,Gedangan,2,1,1,1,180,200,-7.39363477,112.7026188,1.721271952,0.979248316,3.94899197,5.95384093,2.481054715,5.826392301,0.82368836,0.463382562,3.260963743,7.144857048,7.890688396,3.260963743,19.06879356,3,1,0,0,0,0,0,1,0,0,0,1,0,0,0,0,0,0,0,0,0,1,0,0,0,0,0,0,0,0,0,0,0,0,0,0,1,0,0,0,0,0,0,0,0,0,0,0,0,0,0,0,0,0,0,0,0,0,0,1
83.011,Sidoarjo,3,2,1,1,38,72,-7.4572774,112.7162018,0.06300076,1.934216445,1.196388001,1.366559325,0.936301497,0.935309686,2.121769421,1.074852561,1.211154833,1.698462499,12.81186217,1.283996854,2.764290268,3,1,0,0,0,1,0,0,0,0,1,1,0,0,0,0,0,0,0,0,0,1,0,0,0,0,0,0,1,1,0,0,0,0,0,0,0,0,0,0,0,1,0,0,0,0,1,1,0,0,0,0,1,0,0,0,1,0,0,0
40,Buduran,2,1,0,1,95,120,-7.425129,112.7230909,1.91030037,1.39795371,1.106105101,1.052676295,2.292918065,2.740648466,2.107458689,1.941617939,5.114345548,5.494515392,8.711963207,4.531137012,22.15665081,3,1,0,0,0,0,0,0,0,0,0,0,0,0,0,0,0,0,0,0,0,0,0,0,0,0,0,0,0,0,0,0,0,0,0,0,1,0,0,0,0,0,0,0,0,0,0,0,0,0,0,0,0,0,0,0,0,0,0,1
150,Taman,5,4,4,2,150,173,-7.3756527,112.7107372,1.656581178,2.044553968,3.52326285,5.26198916,0.670461221,2.79000788,2.580196341,0.635752876,3.546678867,3.203230665,6.65383478,3.398832339,22.21258069,3,1,1,0,0,0,0,0,1,0,0,0,1,0,0,0,0,0,0,0,0,1,0,0,0,0,0,0,0,0,0,0,0,0,0,0,1,0,0,0,0,0,0,0,0,0,0,0,0,0,0,0,0,0,0,0,0,0,0,1
35,Sedati,2,1,1,1,150,96,-7.3814495,112.7911863,1.911113133,7.369526502,5.043205559,5.052868203,4.270520474,8.234742465,6.296563127,4.512786043,7.569739134,4.359549199,5.482366059,7.693994113,9.322134224,2,1,0,1,0,0,0,0,1,0,0,1,0,0,0,0,0,0,0,0,0,1,0,0,0,0,0,0,0,0,0,1,0,0,0,0,0,0,0,0,0,0,0,0,0,1,0,0,0,0,0,0,0,0,0,0,0,0,0,0
60,Buduran,2,1,1,1,36,73,-7.4220375,112.751077,2.018592749,3.426780117,3.89321231,4.006138253,4.568074378,6.498017607,5.211334848,2.088618505,6.132908949,7.076847567,6.307172207,6.132908949,8.951967362,3,1,0,1,0,0,0,0,0,0,1,0,0,0,0,0,0,0,0,0,0,1,0,0,0,0,0,0,0,0,0,1,0,0,0,0,0,0,0,0,0,0,0,0,0,1,1,0,0,0,0,0,0,0,0,0,0,0,0,0
40,Sukodono,3,1,0,1,130,91,-7.394061,112.6738809,0.841154993,2.876635709,3.908649488,5.892745572,0.28135024,8.302342463,3.92263492,1.354024066,6.782730801,8.26127735,11.8866952,6.612823097,19.89886834,4,1,0,0,0,0,0,0,0,0,0,0,0,0,0,0,0,0,0,0,0,0,0,0,0,0,0,0,0,0,0,0,0,0,0,0,1,0,0,0,0,0,0,0,0,0,0,0,0,0,0,0,0,0,0,0,0,0,0,1
50,Sidoarjo,2,1,0,1,32,81,-7.44834168,112.7017507,1.253268801,1.175695654,1.436845314,0.995544786,0.331810346,1.528426258,0.638607945,3.062917029,3.148350245,4.162197183,13.3116976,2.122908017,0.318709505,3,1,1,1,0,0,0,0,0,0,1,1,0,0,0,0,0,0,0,0,0,1,0,0,0,0,0,0,0,0,0,1,0,0,0,0,0,0,0,0,0,0,0,0,0,1,1,0,0,0,0,0,0,0,0,0,0,0,0,0
95.5,Tanggulangin,3,3,0,1,300,223,-7.5003577,112.7027128,1.835073999,2.635055641,5.068119275,2.155424452,4.954866233,6.95061683,6.827648327,0.880202852,2.601917256,5.077538277,18.82716931,2.515404635,15.11630384,4,1,0,0,0,0,0,0,0,0,0,0,0,0,0,0,0,0,0,0,0,0,0,0,0,0,0,0,0,0,0,0,0,0,0,0,1,0,0,0,0,0,0,0,0,0,0,0,0,0,0,0,0,0,0,0,0,0,0,1
190,Tulangan,3,3,0,2,100,100,-7.4726134,112.6675398,3.788485157,4.410160492,3.569610887,7.48807905,3.967491241,6.838179161,3.886930266,1.67122419,3.414253244,6.978146743,19.38778336,3.441593893,14.73138427,2,1,0,0,0,0,0,0,0,0,0,1,0,1,0,0,0,0,0,0,0,0,0,0,0,0,0,0,0,0,0,0,0,0,0,0,1,1,0,0,0,0,0,0,0,0,0,0,0,0,0,0,0,0,0,0,0,0,0,1
61,Buduran,3,1,1,1,75,75,-7.42024,112.73192,2.873877472,0.715314697,2.462603542,1.930760854,2.317689868,3.943814282,3.310624506,3.196884041,4.107010357,6.697681208,8.106147683,4.107010357,22.18142261,4,1,0,1,0,0,0,0,0,0,0,1,0,0,0,0,0,0,0,0,0,1,0,0,0,0,0,0,0,1,0,0,0,0,0,1,1,1,0,0,0,0,0,0,0,0,0,0,0,0,0,0,0,0,0,0,0,0,0,1
31,Waru,2,1,1,1,50,72,-7.3503078,112.7674661,1.10438002,1.229006217,1.445463521,3.972977345,0.373224262,5.970825657,4.238193775,0.837264716,4.491888353,5.123691752,3.893532255,4.473029203,5.266527028,4,1,0,0,0,0,0,0,0,0,0,1,0,1,0,0,0,0,0,0,0,0,0,0,0,0,0,0,0,0,0,0,0,0,0,0,1,0,0,0,0,0,0,0,0,0,0,0,0,0,0,0,1,0,0,0,0,0,0,0
59.3,Sidoarjo,2,1,1,1,80,105,-7.4490842,112.6824377,1.347327059,0.631007866,0.78614283,3.77147722,1.347327059,2.808323734,2.631634613,2.629095272,4.913653215,5.528613568,15.60863074,4.813430536,17.98022328,3,1,0,1,0,0,0,0,0,0,0,1,0,0,0,0,0,0,0,0,0,1,0,0,0,0,0,0,0,0,0,0,0,0,0,0,1,0,0,0,0,0,0,0,0,1,1,0,0,0,0,0,0,0,0,0,0,0,0,0
45.1,Buduran,2,1,1,1,80,158,-7.425129,112.7230909,1.91030037,1.39795371,1.106105101,1.052676295,2.292918065,2.740648466,2.107458689,1.941617939,5.114345548,5.494515392,8.711963207,4.531137012,22.15665081,3,1,0,1,0,0,0,0,0,0,0,1,0,1,0,1,0,0,0,0,0,1,0,0,0,0,0,0,0,0,0,0,0,0,0,0,1,0,1,0,0,1,0,1,0,1,1,0,0,0,0,0,0,0,0,0,1,0,0,0
56.8,Taman,2,1,1,1,70,91,-7.3778578,112.6411193,2.631206094,6.696484144,6.847380941,6.911361041,5.760949143,10.14174295,8.519256637,1.431569858,4.035794456,8.929282168,15.62810809,4.035794456,81.19501354,3,0,1,0,0,0,0,0,1,0,0,0,0,1,0,0,0,0,0,0,0,0,0,0,0,0,0,0,0,0,0,0,0,0,0,1,1,0,0,0,0,0,0,0,0,0,0,0,0,0,0,0,0,0,0,0,0,0,0,1
79,Candi,3,2,2,2,91,91,-7.4869501,112.6973995,0.514303157,3.700544154,5.632754982,2.782798504,5.056800767,6.594604673,4.965297271,1.945691365,4.324607315,4.721526121,18.47115716,4.238094694,14.29469537,3,1,0,1,0,1,0,0,0,1,0,0,0,1,0,0,0,0,0,0,0,1,0,0,0,0,0,0,0,0,0,0,0,0,0,1,1,1,0,0,0,0,0,0,0,1,1,0,0,0,0,0,0,0,0,0,1,0,0,0
50,Buduran,3,2,2,1,100,180,-7.436595,112.694927,2.305282635,1.091080798,3.925477366,3.50384699,4.093047567,2.540693504,3.146910149,25.70403532,5.67407719,6.67435079,15.58889553,4.631210221,27.31766661,2,1,0,1,0,0,0,0,0,0,0,0,0,0,0,0,0,0,0,0,0,1,0,0,0,0,0,0,0,0,0,0,0,0,0,0,1,0,0,0,0,0,0,0,0,0,1,0,0,0,0,0,1,0,0,0,0,0,0,0
79,Gedangan,8,8,8,2,72,72,-7.3931554,112.7137227,1.427696917,2.292899707,2.524200872,5.469010056,1.055518202,4.400855787,2.137339751,0.978425217,1.835427229,6.021746977,6.465151882,1.835427229,20.25755355,3,1,1,1,0,0,0,0,0,0,1,1,0,1,0,1,0,0,1,0,0,1,0,0,0,0,0,0,0,0,0,1,0,0,0,1,0,0,1,0,0,1,0,1,0,1,0,0,0,0,0,0,0,0,0,0,0,0,0,0
32.5,Krembung,2,1,0,1,36,78,-7.5268,112.6637,7.897964305,5.746944314,11.59598382,5.080471132,2.908489209,13.86411006,4.327001334,3.249704829,5.271918747,11.80931862,25.55894965,5.224403821,21.66326364,3,1,0,0,0,0,0,0,0,0,0,1,0,0,0,0,0,0,0,0,0,0,0,0,0,0,0,0,0,0,0,1,0,0,0,0,0,0,0,0,0,0,0,0,0,1,1,0,0,0,0,0,0,0,0,0,0,0,0,0
55,Sukodono,2,1,1,1,45,78,-7.40908657,112.6988251,2.053716135,1.107973873,3.673078982,4.64627499,4.0680474,5.452593274,0.94378466,0.29507586,4.576926633,9.088114087,9.206651286,4.576926633,21.11916926,3,1,1,0,0,0,0,0,0,0,0,0,0,0,0,0,0,0,0,0,0,1,0,0,0,0,0,0,0,0,0,1,0,0,0,0,0,0,0,0,0,1,0,1,0,0,1,0,0,0,0,0,0,0,0,0,1,0,0,0
33,Buduran,2,1,0,1,37,72,-7.42211248,112.7510514,2.018592749,3.426780117,3.89321231,4.006138253,4.568074378,6.498017607,5.211334848,2.088618505,6.132908949,7.076847567,6.307172207,6.132908949,8.951967362,4,1,0,0,0,0,0,0,0,0,0,0,0,0,0,0,0,0,0,0,0,0,0,0,0,0,0,0,0,0,0,0,0,0,0,0,1,0,0,0,0,0,0,0,0,0,0,0,0,0,0,0,0,0,0,0,0,0,0,1
60,Waru,1,1,1,2,180,295,-7.3503078,112.7674661,1.10438002,1.229006217,1.445463521,3.972977345,0.373224262,5.970825657,4.238193775,0.837264716,4.491888353,5.123691752,3.893532255,4.473029203,5.266527028,4,1,0,0,0,0,0,0,0,0,0,0,0,0,0,0,0,0,0,0,0,0,0,0,0,0,0,0,0,0,0,0,0,0,0,0,1,0,0,0,0,0,0,0,0,0,0,0,0,0,0,0,0,0,0,0,0,0,0,1
32.01,Prambon,2,1,0,1,250,187,-7.4457506,112.5707595,7.512014843,4.41347128,4.167224303,17.94663175,4.087033105,16.98347827,15.3621167,4.647398506,2.683336435,4.552517386,27.50818548,2.34518898,32.82255427,2,1,0,1,0,0,0,0,0,0,0,1,0,0,1,0,0,0,0,0,0,1,0,0,0,1,1,0,0,0,0,0,0,0,0,0,1,1,0,1,0,0,1,1,0,1,1,0,0,0,0,0,1,0,0,0,1,0,1,0
78,Tulangan,2,1,1,1,36,90,-7.45093908,112.6243345,6.85462799,6.551932654,6.126588285,11.4611849,7.046782702,10.49803141,8.876669844,6.030164344,4.496688276,7.817529289,22.01895072,4.496688276,20.66948306,4,1,0,0,0,0,0,0,0,0,0,0,0,1,0,1,0,0,0,0,0,1,0,0,0,0,0,0,0,0,0,0,0,0,0,0,1,0,0,0,0,0,0,0,0,1,1,0,0,0,0,0,1,0,0,0,1,0,0,0
30,Krian,2,1,0,1,50,75,-7.4035807,112.5985785,5.541533958,3.20246619,3.073874225,13.27050307,3.226958794,13.44270902,13.02399991,2.028270585,2.40567597,2.453629934,21.56767789,2.360254248,27.3016189,3,1,0,0,0,0,0,0,0,0,0,1,0,0,0,0,0,0,0,0,0,1,0,0,0,0,0,0,0,0,0,0,0,0,0,0,1,0,0,0,0,1,0,1,0,1,1,0,0,0,0,0,1,0,0,0,1,0,0,0
38,Waru,2,1,1,1,42,90,-7.3432711,112.7683327,1.377339183,1.996591986,2.17011146,3.59382091,1.441414916,6.581760473,0.384944975,1.627990143,5.10282317,5.914417178,5.793978306,5.083964019,5.10118704,4,1,1,1,0,0,0,0,0,0,1,1,0,1,0,1,0,0,1,0,0,1,0,0,0,0,0,0,0,0,0,0,0,0,0,0,1,1,1,0,0,1,0,1,0,1,0,1,1,1,0,0,1,0,0,0,1,0,0,0
150,Gedangan,2,1,0,1,91,91,-7.3917721,112.7306701,0.811598983,1.229690775,1.376210914,4.585753045,1.403435301,3.8173734,0.570550072,1.337333273,1.050606099,6.139768061,4.818852244,1.050606099,81.19501354,3,0,0,0,0,0,0,0,0,0,0,0,0,0,0,0,0,0,0,0,0,0,0,0,0,0,0,0,0,0,0,0,0,0,0,0,1,0,0,0,0,0,0,0,0,0,0,0,0,0,0,0,0,0,0,0,0,0,0,1
69.5,Krembung,2,1,0,1,700,453,-7.50875445,112.6226665,4.047952021,10.3908873,11.02631388,10.24330053,8.071318606,14.29488216,9.489830732,9.127927188,7.255431005,14.43484974,26.84448636,7.255431005,21.43141143,4,1,0,1,0,0,0,0,1,0,0,1,0,0,1,0,0,0,0,0,0,1,0,0,0,1,1,0,0,0,0,0,0,0,0,0,1,0,0,0,0,0,0,1,1,1,1,0,0,0,0,0,1,0,0,0,1,0,1,0
20,Tulangan,2,1,1,1,60,290,-7.487332,112.6288041,4.375954905,9.284825272,8.444275667,11.10794569,8.842156021,11.71284394,8.761595046,6.54588897,4.673392788,11.85281152,24.26244814,4.673392788,18.84937321,2,1,0,1,0,0,0,0,0,0,0,0,0,0,0,0,0,0,0,0,0,1,0,0,0,0,0,0,0,0,0,0,0,0,0,0,1,0,0,0,0,0,0,0,0,0,0,0,0,0,0,0,0,0,0,0,0,0,0,1
150,Waru,3,1,0,1,113,113,-7.3450604,112.7493551,1.973121751,1.104049452,2.249853454,2.348836581,1.92779605,4.271611164,1.7761092,2.861977494,2.88785878,4.364167047,5.566344343,2.868999629,81.19501354,3,0,0,1,0,0,0,0,0,0,1,0,0,1,0,1,0,0,0,0,0,0,0,0,0,0,0,0,0,0,0,0,0,0,0,0,1,0,0,0,0,0,0,0,0,1,1,0,0,0,0,0,0,0,0,0,0,0,0,0
31.5,Sidoarjo,2,1,1,1,43,75,-7.4283263,112.5036493,15.56396634,9.831131806,11.01521349,24.98966418,6.611942368,25.0231015,23.40173994,3.008475539,5.38045316,10.84100653,33.70641122,5.38045316,39.02078001,3,1,0,0,0,0,0,0,0,0,0,1,0,1,0,0,0,0,0,0,0,0,0,0,0,1,0,0,0,0,0,0,0,0,0,0,1,1,0,0,0,1,0,0,0,1,1,1,0,0,0,0,1,0,0,0,0,0,0,0
50,Krian,2,1,1,1,68,90,-7.3980797,112.6213548,3.01934346,4.12690073,5.746586409,10.64997513,5.899670977,12.47398622,9.956073632,2.480108935,1.47770175,5.126342117,18.49975162,3.644039186,24.68109096,1,1,0,0,0,0,0,0,0,0,0,1,0,0,0,0,0,0,0,0,0,0,0,0,0,0,0,0,0,0,0,0,0,0,0,1,1,0,0,0,0,1,0,1,0,1,1,0,0,0,0,0,1,0,0,0,1,0,0,0
79.9,Candi,3,2,0,110,50,91,-7.48059252,112.7076925,1.510266828,2.21047548,2.560613361,2.790173885,2.447360318,4.443110916,4.502035328,1.553516699,3.792581722,2.570032363,16.3196634,4.575144836,12.19622822,3,1,0,0,0,1,0,0,0,1,0,1,0,0,0,0,0,0,0,0,0,1,0,0,0,1,0,0,0,0,0,0,0,0,0,0,1,1,0,0,0,0,0,0,0,0,1,0,0,0,0,0,1,0,0,0,0,0,0,0
101,Candi,3,3,3,2,55,50,-7.46736755,112.702364,1.742559299,2.276405157,1.299785296,2.342984867,1.920283628,2.988208825,2.22449385,1.408363513,2.337679631,1.571948555,14.86476131,2.925600605,2.661960394,4,1,0,1,0,1,0,0,0,0,0,1,0,1,0,1,0,0,0,0,0,1,0,0,0,1,0,0,0,0,0,0,0,0,0,1,1,0,1,0,0,1,0,0,0,1,1,1,0,0,0,0,1,0,1,0,1,0,0,0
46,Prambon,2,1,0,1,260,180,-7.449034,112.569756,7.138616352,4.78686977,4.540622794,17.86388383,4.460431596,16.90073035,15.19554032,5.020796996,3.056734926,4.925915877,27.88158397,2.718587471,25.14395451,3,1,0,1,0,0,0,0,0,0,0,0,0,0,0,0,0,0,0,0,0,1,0,0,0,0,0,0,0,0,0,0,0,0,0,0,1,0,0,0,0,0,0,0,0,0,0,0,0,0,0,0,0,0,0,0,0,0,0,1
125,Gedangan,3,2,0,1,91,91,-7.3917721,112.7306701,0.811598983,1.229690775,1.376210914,4.585753045,1.403435301,3.8173734,0.570550072,1.337333273,1.050606099,6.139768061,4.818852244,1.050606099,81.19501354,3,0,0,0,0,0,0,0,0,0,0,0,0,0,0,0,0,0,0,0,0,0,0,0,0,0,0,0,0,0,0,0,0,0,0,0,1,0,0,0,0,0,0,0,0,0,0,0,0,0,0,0,0,0,0,0,0,0,0,1
79,Buduran,3,2,2,2,180,180,-7.436595,112.694927,2.305282635,1.091080798,3.925477366,3.50384699,4.093047567,2.540693504,3.146910149,25.70403532,5.67407719,6.67435079,15.58889553,4.631210221,27.31766661,2,1,0,0,0,0,0,0,0,0,0,0,0,0,0,0,0,0,0,0,0,0,0,0,0,0,0,0,0,0,0,0,0,0,0,0,1,0,0,0,0,0,0,0,0,0,0,0,0,0,0,0,0,0,0,0,0,0,0,1
62.5,Sidoarjo,3,1,1,1,180,150,-7.43944098,112.7203525,0.724381772,1.49130423,0.917865461,1.698168091,0.9270781,1.435774951,0.158986689,0.073031051,3.165873547,3.546043392,10.40994882,2.582665011,3.563250158,2,1,0,0,0,0,0,0,0,0,0,0,0,0,0,0,0,0,0,0,0,0,0,0,0,0,0,0,0,0,0,0,0,0,0,0,1,0,0,0,0,0,0,0,0,0,0,0,0,0,0,0,0,0,0,0,0,0,0,1
147,Waru,3,3,0,1,90,90,-7.3423873,112.7160201,3.90456633,3.026421859,3.174824613,5.461398662,3.681349585,2.62780336,5.140976759,2.453014206,3.575371797,2.305481959,8.585039466,3.905953331,81.19501354,3,0,0,0,0,0,0,0,0,0,0,1,0,0,0,1,0,0,0,0,0,0,0,0,0,0,0,0,0,0,0,0,0,0,0,0,1,0,0,0,0,0,0,0,0,1,0,0,0,0,0,0,0,0,0,0,0,0,0,0
28.5,Sidoarjo,2,1,1,1,69,90,-7.412324,112.5378369,14.10777388,4.521358592,5.739249833,19.67989096,5.993697625,20.98096278,19.67509937,0.176468657,4.24756786,5.531233316,28.39663801,4.535996651,33.7110068,5,1,0,1,0,0,0,0,0,0,0,0,0,0,0,0,0,0,0,0,0,0,0,0,0,0,0,0,0,0,0,0,0,0,0,0,1,0,0,0,0,0,0,0,0,1,1,0,0,0,0,0,0,0,0,0,0,0,0,0
120,Waru,3,2,0,2,50,98,-7.3434451,112.7685874,1.377339183,1.996591986,2.17011146,3.59382091,1.441414916,6.581760473,0.384944975,1.627990143,5.10282317,5.914417178,5.793978306,5.083964019,5.10118704,3,1,0,1,0,1,0,0,0,0,1,1,0,1,0,0,0,0,0,0,0,1,0,0,0,0,0,0,0,1,0,0,0,0,0,0,1,1,0,0,0,0,0,0,0,1,1,0,0,0,0,0,0,0,0,0,0,0,0,0
110,Buduran,4,2,2,1,90,90,-7.4314275,112.7103755,2.915503562,2.241829046,1.68560752,3.579711887,1.981030826,2.504618564,3.475545415,3.365555595,5.452844112,5.950875328,11.67418471,4.146748421,24.767583,3,1,1,1,0,0,0,0,0,0,0,1,1,0,0,0,0,0,0,0,0,1,0,0,0,0,0,0,0,1,0,1,0,0,0,1,0,1,0,0,0,0,0,0,0,1,1,0,0,0,0,0,0,0,0,0,0,0,0,0
130,Waru,4,2,0,2,150,112,-7.3503078,112.7674661,1.10438002,1.229006217,1.445463521,3.972977345,0.373224262,5.970825657,4.238193775,0.837264716,4.491888353,5.123691752,3.893532255,4.473029203,5.266527028,4,1,0,0,0,0,0,0,0,0,0,0,0,0,0,0,0,0,0,0,0,1,0,0,0,0,0,0,0,0,0,0,0,0,0,0,1,1,0,0,0,0,0,0,0,0,1,0,0,0,0,0,1,0,0,0,0,0,0,0
38.23,Prambon,2,1,1,1,45,70,-7.4457506,112.5707595,7.512014843,4.41347128,4.167224303,17.94663175,4.087033105,16.98347827,15.3621167,4.647398506,2.683336435,4.552517386,27.50818548,2.34518898,32.82255427,2,1,0,1,0,0,0,0,1,0,1,1,0,1,0,1,0,0,1,0,0,1,0,0,0,0,0,0,1,0,0,0,0,0,0,0,1,1,1,0,0,1,0,0,0,1,1,1,1,0,0,0,1,0,0,0,1,0,0,0
41,Gedangan,2,1,1,1,40,72,-7.3896762,112.7279598,0.158767307,1.777257755,1.21182274,4.456698371,0.27487645,2.68881455,0.927586993,0.208774423,0.08462473,5.01120921,4.714349383,0.08462473,81.19501354,5,0,0,1,0,0,0,0,0,0,1,1,0,1,0,1,0,0,0,0,0,1,0,0,0,0,0,0,0,0,0,0,0,0,0,0,1,1,1,0,0,1,0,1,0,1,1,0,1,0,0,0,1,0,0,0,1,0,0,0
46.5,Sedati,2,1,1,1,40,100,-7.3717382,112.7637336,1.055519877,2.530923798,2.379729331,5.851397801,0.925778456,4.842332909,1.457960423,0.343812911,5.271921531,2.616759892,1.74408927,5.39617651,7.514619113,3,1,0,0,0,0,0,0,0,0,0,1,0,0,0,0,0,0,0,0,0,0,0,0,0,0,0,0,0,0,0,0,0,0,0,0,1,0,1,0,0,0,0,1,0,0,0,1,1,0,0,0,0,0,0,0,1,0,0,0
38,Buduran,2,1,0,1,120,120,-7.425129,112.7230909,1.91030037,1.39795371,1.106105101,1.052676295,2.292918065,2.740648466,2.107458689,1.941617939,5.114345548,5.494515392,8.711963207,4.531137012,22.15665081,3,1,0,0,0,0,0,0,0,0,0,0,0,0,0,0,0,0,0,0,0,0,0,0,0,0,0,0,0,0,0,0,0,0,0,0,1,0,0,0,0,0,0,0,0,0,0,0,0,0,0,0,0,0,0,0,0,0,0,1
70,Taman,2,1,0,1,36,72,-7.3778578,112.6411193,2.631206094,6.696484144,6.847380941,6.911361041,5.760949143,10.14174295,8.519256637,1.431569858,4.035794456,8.929282168,15.62810809,4.035794456,81.19501354,3,0,0,1,0,0,0,0,0,0,0,0,0,1,0,0,0,0,0,0,0,1,0,0,0,0,0,0,0,0,0,0,0,0,0,0,0,1,0,0,0,0,0,0,0,1,1,0,0,0,0,0,0,0,0,0,0,0,0,0
45.846,Sedati,3,1,1,1,56,90,-7.3839793,112.7755718,2.029252446,5.640468052,3.314147108,4.489218644,1.804138608,6.505684015,4.567504676,2.269511249,5.840680683,0.229302442,0.229302442,5.964935662,7.840490277,4,1,0,1,0,0,0,0,0,0,1,0,0,0,0,0,0,0,0,0,0,0,0,0,0,0,0,0,0,0,0,0,0,0,0,0,1,0,0,0,0,1,0,0,0,0,1,0,0,0,0,0,1,0,0,0,1,0,0,0
59.5,Sukodono,2,1,1,1,60,90,-7.3914287,112.6988252,0.544382914,2.336779426,5.736192914,6.735769305,2.73238693,6.101791828,2.18121947,1.850357359,5.118060089,6.280646136,9.747784742,5.118060089,20.40781216,3,1,1,1,0,0,0,1,1,1,1,1,0,1,0,1,0,0,1,0,1,1,0,0,1,1,0,0,1,1,0,0,0,0,0,1,1,1,1,1,0,1,0,1,1,1,1,1,1,1,1,0,1,0,1,0,1,0,0,0
95,Gedangan,3,2,0,1,95,105,-7.3917721,112.7306701,0.811598983,1.229690775,1.376210914,4.585753045,1.403435301,3.8173734,0.570550072,1.337333273,1.050606099,6.139768061,4.818852244,1.050606099,81.19501354,3,0,0,0,0,0,0,0,0,0,0,0,0,0,0,0,0,0,0,0,0,0,0,0,0,0,0,0,0,0,0,0,0,0,0,0,1,0,0,0,0,0,0,0,0,0,0,0,0,0,0,0,0,0,0,0,0,0,0,1
60,Wonoayu,2,1,0,1,240,200,-7.44924,112.65048,4.170474831,3.963062262,2.207348998,7.914161993,5.063235774,6.951008507,5.017285319,3.081679759,1.931423798,8.046476567,18.66596071,1.931423798,18.93426854,4,1,0,0,0,0,0,0,0,0,0,0,0,0,0,0,0,1,0,0,0,0,0,0,0,0,0,0,0,0,0,0,0,0,0,0,1,0,0,0,0,0,0,0,0,0,0,1,0,0,0,0,0,0,0,0,1,0,0,0
150,Gedangan,5,3,3,1,36,90,-7.391717,112.7306136,0.811598983,1.229690775,1.376210914,4.585753045,1.403435301,3.8173734,0.570550072,1.337333273,1.050606099,6.139768061,4.818852244,1.050606099,81.19501354,3,0,0,0,0,0,0,0,0,0,0,0,0,0,0,0,0,0,0,0,0,0,0,0,0,0,0,0,0,0,0,0,0,0,0,0,1,0,0,0,0,0,0,0,0,0,0,0,0,0,0,0,0,0,0,0,0,0,0,1
49.9,Sedati,2,1,1,1,32,72,-7.3667591,112.8073937,2.778837317,8.468421516,8.68487882,3.173085888,5.60319071,12.56716631,5.74720178,5.768646963,11.75486849,5.61541012,1.454728874,11.75486849,5.599686113,3,1,1,0,0,0,0,0,0,0,0,1,0,0,0,0,0,0,0,0,0,0,0,0,0,0,0,0,0,0,0,0,0,0,0,0,1,0,0,0,0,1,0,0,0,0,0,0,0,0,0,0,0,0,0,0,0,0,0,0
38.5,Wonoayu,2,1,0,1,300,180,-7.43716,112.62222,5.286116211,5.405134203,5.784942801,10.82911688,5.527251475,9.865963395,8.244601828,6.644070176,5.362372097,6.297998062,21.3868827,5.362372097,29.86655689,5,1,0,1,0,0,0,0,0,0,0,0,0,0,1,0,0,1,0,0,0,1,0,0,0,0,0,0,0,0,0,0,0,0,0,0,1,0,0,0,0,0,0,0,0,1,1,0,0,0,0,0,1,0,0,0,1,0,1,0
92.8,Candi,2,2,2,2,70,90,-7.4869501,112.6973995,0.514303157,3.700544154,5.632754982,2.782798504,5.056800767,6.594604673,4.965297271,1.945691365,4.324607315,4.721526121,18.47115716,4.238094694,14.29469537,3,1,1,0,0,1,0,0,1,1,0,1,0,0,0,0,0,0,0,0,0,0,0,0,0,0,0,0,0,0,0,0,0,0,0,1,1,1,0,0,0,1,0,1,0,1,1,1,0,0,0,0,1,0,0,0,0,0,0,0
97.5,Waru,4,2,2,2,75,105,-7.36466144,112.7342705,1.909111017,1.122709478,1.10394085,2.766745124,1.757960266,1.199811463,1.252696394,0.143978274,2.708045803,3.522206124,4.23983222,3.295537561,81.19501354,4,0,0,1,0,1,0,0,0,1,0,1,0,0,0,0,0,0,0,0,0,1,0,0,0,0,0,0,0,0,0,0,0,0,0,0,1,0,1,0,0,0,0,0,0,0,1,0,0,0,0,0,1,0,0,0,0,0,0,0
95,Waru,3,2,2,1,91,126,-7.3503078,112.7674661,1.10438002,1.229006217,1.445463521,3.972977345,0.373224262,5.970825657,4.238193775,0.837264716,4.491888353,5.123691752,3.893532255,4.473029203,5.266527028,4,1,0,1,0,0,0,0,1,0,0,1,0,0,0,0,0,0,0,0,0,1,0,0,0,0,0,0,0,0,0,1,0,0,0,0,0,0,0,0,0,0,0,0,0,0,0,0,0,0,0,0,0,0,0,0,1,0,0,0
49.8,Sedati,3,2,2,1,90,135,-7.3691674,112.7852277,3.648027637,3.90813914,3.989111138,5.299278365,3.115728514,7.902831363,3.636818478,2.706603502,7.743014143,2.907770691,2.78805449,7.743014143,4.822186295,3,1,0,1,0,0,0,1,1,0,1,1,1,1,0,1,0,0,1,0,0,1,0,0,0,0,0,1,1,0,1,0,0,0,0,0,1,1,1,1,0,1,0,1,0,1,1,0,0,0,0,0,0,0,0,0,1,0,0,0
80,Waru,2,1,1,1,36,72,-7.3464372,112.799382,4.874538618,5.442528194,5.658985498,0.147192566,2.577297389,10.20791247,4.331124994,2.540119555,8.728975167,7.413368683,2.052964829,8.710116017,2.573792792,2,1,0,0,0,0,0,0,0,0,0,0,0,0,0,0,0,0,0,0,0,0,0,0,0,0,0,0,0,0,0,0,0,0,0,0,1,0,0,0,0,0,0,0,0,0,0,0,0,0,0,0,0,0,0,0,0,0,0,1
45,Sukodono,3,1,1,1,50,78,-7.4049961,112.6809479,0.503009276,1.276715338,2.498593462,6.598272604,1.956064845,6.874065994,3.850441389,1.100150633,7.369877811,9.094379998,11.99960246,7.369877811,21.59108542,3,1,1,0,0,0,0,0,0,0,0,0,0,0,0,0,0,0,0,0,0,0,0,0,0,0,0,0,0,0,0,0,0,0,0,0,1,0,0,0,0,0,0,0,0,0,1,0,0,0,0,0,0,0,0,0,0,0,0,0
170,Sidoarjo,4,2,0,1,126,112,-7.4540491,112.7066448,1.329265792,1.199338443,1.227777695,0.816918377,1.117265542,1.37170299,1.000657349,2.333336452,2.185836562,3.394768865,13.33977515,0.959526932,1.632499152,3,1,0,1,0,0,0,0,0,0,0,0,0,0,0,0,0,0,0,0,0,1,0,0,0,0,0,0,0,0,0,0,0,0,0,0,0,0,0,0,0,0,0,0,0,0,0,0,0,0,0,0,0,0,0,0,0,0,0,1
80,Tulangan,3,2,0,1,45,128,-7.4726134,112.6675398,3.788485157,4.410160492,3.569610887,7.48807905,3.967491241,6.838179161,3.886930266,1.67122419,3.414253244,6.978146743,19.38778336,3.441593893,14.73138427,2,1,0,1,0,0,0,0,1,0,1,1,1,1,0,0,0,0,0,0,0,1,0,0,0,0,0,0,0,0,0,0,0,0,0,1,1,1,0,0,0,1,0,0,0,1,1,0,0,0,0,0,1,0,0,0,0,0,0,0
41.6,Sukodono,2,1,1,1,120,78,-7.40402857,112.685637,0.631639549,1.568978968,2.790857091,6.726902877,2.251831624,7.166329623,3.772419021,1.546560159,6.70925964,8.433761828,11.33898429,6.70925964,20.93046725,2,1,1,0,0,0,0,0,0,0,0,0,0,0,0,0,0,0,0,0,0,0,0,0,0,0,0,0,0,0,0,0,0,0,0,0,1,0,0,0,0,0,0,0,0,0,0,0,0,0,0,0,1,0,0,0,1,0,0,0
150,Waru,5,3,3,2,105,105,-7.3686011,112.7260764,0.796069207,1.577322561,1.147228722,3.391316041,1.137982682,0.537319173,0.160928547,0.449075587,2.088068219,2.90222854,4.277800652,3.748173928,81.19501354,3,0,0,0,0,0,0,0,0,0,0,0,0,0,0,0,0,0,0,0,0,0,0,0,0,0,0,0,0,0,0,0,0,0,0,0,1,0,0,0,0,0,0,0,0,0,0,0,0,0,0,0,0,0,0,0,0,0,0,1
120,Sukodono,3,3,0,1,200,200,-7.3752179,112.6913732,2.792200471,4.117922877,3.695576857,3.997278708,2.311731211,5.521621965,0.38872679,1.508746777,4.336647999,5.115982853,9.385448864,4.166740295,22.99302153,3,1,0,0,0,0,0,0,0,0,0,0,0,0,0,0,0,0,0,0,0,0,0,0,0,0,0,0,0,0,0,0,0,0,0,0,1,0,0,0,0,0,0,0,0,0,0,0,0,0,0,0,0,0,0,0,0,0,0,1
25,Prambon,2,1,0,1,250,187,-7.4443603,112.5842817,6.983025887,5.143511298,4.616392331,16.29226232,4.533706912,15.32910883,13.70774726,5.360324611,4.653181886,5.014252497,26.85002814,4.315034431,33.53548037,3,1,0,1,0,0,0,0,0,0,0,1,0,0,1,0,0,1,0,0,0,1,0,0,0,0,0,0,0,0,0,0,0,0,1,0,1,0,1,0,0,0,0,0,0,0,1,0,0,0,0,0,0,0,0,0,1,0,0,0
89.5,Waru,4,3,0,1,91,91,-7.365102,112.7196817,0.549125201,0.365902993,2.476314013,3.971190825,2.441398912,1.743059042,1.55562034,0.952478236,2.588062792,2.033890417,5.606885942,4.328048712,24.43595055,3,1,0,0,0,0,0,0,0,0,0,0,0,0,0,0,0,0,0,0,0,0,0,0,0,0,0,0,0,0,0,0,0,0,0,0,1,0,0,0,0,0,0,0,0,0,0,0,0,0,0,0,0,0,0,0,0,0,0,1
83,Candi,3,2,2,2,40,91,-7.4588931,112.6995701,2.527793492,2.718205268,0.934954892,2.015446077,1.806297044,3.165956113,1.687197023,1.442953144,2.205986772,2.871106665,14.64035507,2.560770201,2.29712999,4,1,0,0,0,0,0,0,0,0,0,1,0,0,0,0,0,0,0,0,0,0,0,0,0,0,0,0,0,0,0,0,0,0,0,0,0,0,0,0,0,0,0,1,0,0,1,0,0,0,0,0,0,0,0,0,1,0,0,0
33.5,Prambon,2,1,0,1,252,150,-7.4734,112.559,4.949826158,7.903281944,7.657034968,20.25139813,7.576843769,19.28824464,16.91253111,9.588243289,6.021374632,8.042328051,30.80916395,5.859262664,25.89243591,3,1,0,0,0,0,0,0,0,0,0,0,0,0,0,0,0,0,0,0,0,0,0,0,0,0,0,0,0,0,0,0,0,0,0,0,1,0,0,0,0,0,0,0,0,0,0,0,0,0,0,0,0,0,0,0,0,0,0,1
135,Tulangan,3,1,0,1,104,104,-7.4726134,112.6675398,3.788485157,4.410160492,3.569610887,7.48807905,3.967491241,6.838179161,3.886930266,1.67122419,3.414253244,6.978146743,19.38778336,3.441593893,14.73138427,2,1,0,0,0,0,0,0,0,0,0,0,0,0,0,0,0,0,0,0,0,0,0,0,0,0,0,0,0,0,0,0,0,0,0,0,1,0,0,0,0,0,0,0,0,0,0,0,0,0,0,0,0,0,0,0,0,0,0,1
150,Gedangan,3,1,1,1,69,98,-7.3941638,112.7472474,1.957249922,3.046202176,2.516496674,6.453146686,4.28994321,6.367611845,3.239073351,2.645410783,3.600844544,5.959235737,4.902568887,3.600844544,10.29208039,3,1,0,1,0,0,0,0,0,0,0,1,0,0,0,0,0,0,0,0,0,1,0,0,0,0,0,0,0,1,0,0,0,0,0,0,1,1,0,0,0,0,0,0,0,0,1,0,0,0,0,0,0,0,0,0,1,0,0,0
97,Gedangan,2,1,0,1,32,72,-7.3885665,112.7323259,0.293057018,1.308594815,0.5520178,5.005422535,0.884893335,3.298831435,0.996987213,0.818791308,0.532064133,5.621226095,4.300310279,1.125763389,81.19501354,3,0,0,0,0,0,0,0,0,0,0,0,0,0,0,0,0,0,0,0,0,0,0,0,0,0,0,0,0,0,0,1,0,0,0,0,0,0,0,0,0,0,0,0,0,0,1,0,0,0,0,0,0,0,0,0,0,0,0,0
130,Waru,3,2,0,1,54,120,-7.344766,112.7703313,1.491886382,2.167864058,2.341383532,3.708368109,0.987286421,6.753032545,3.973584538,1.365041867,5.274095242,6.08568925,5.908525504,5.255236091,4.441568065,3,1,0,1,0,0,0,0,0,0,0,0,0,0,0,0,0,0,0,0,0,0,0,0,0,0,0,0,0,0,0,0,0,0,0,0,0,0,0,0,0,0,0,0,0,0,0,0,0,0,0,0,0,0,0,0,0,0,0,1
37.5,Krian,2,1,1,32,37,80,-7.4035807,112.5985785,5.541533958,3.20246619,3.073874225,13.27050307,3.226958794,13.44270902,13.02399991,2.028270585,2.40567597,2.453629934,21.56767789,2.360254248,27.3016189,3,1,1,1,1,1,0,1,1,1,1,1,1,1,0,1,1,0,1,0,1,1,0,0,1,1,0,1,1,1,1,0,0,0,0,1,1,1,1,1,1,1,0,1,1,1,1,1,1,1,1,1,1,1,1,0,1,1,0,0
46.43,Gedangan,2,1,1,1,41,90,-7.3977218,112.7226611,1.568168457,1.97095397,1.3611952,4.023094415,1.330240456,4.098215701,1.121283207,0.976811638,1.532787143,6.710219007,6.162511796,1.532787143,19.6071994,3,1,1,0,1,1,0,1,0,1,1,1,0,0,0,0,0,0,0,0,1,1,0,0,1,0,0,1,0,0,1,0,0,0,0,0,1,0,0,1,0,1,0,1,1,0,0,0,0,1,1,0,1,1,0,0,1,0,0,0
67.5,Gedangan,3,1,0,1,160,142,-7.3885133,112.7322946,0.293057018,1.308594815,0.5520178,5.005422535,0.884893335,3.298831435,0.996987213,0.818791308,0.532064133,5.621226095,4.300310279,1.125763389,81.19501354,3,0,0,0,0,0,0,0,0,0,0,0,0,0,0,0,0,0,0,0,0,0,0,0,0,0,0,0,0,0,0,0,0,0,0,0,1,0,0,0,0,0,0,0,0,0,0,0,0,0,0,0,0,0,0,0,0,0,0,1
111,Sidoarjo,3,2,2,2,70,108,-7.4510326,112.6680905,2.911212134,2.360824394,0.75499009,5.762138352,2.911212134,4.798984866,2.964129477,1.61920958,4.296941261,5.993320725,17.17251581,4.449515683,18.01579315,5,1,0,1,1,0,0,1,0,0,0,1,0,1,0,0,0,0,0,0,0,1,0,0,0,0,0,0,0,0,0,0,0,0,0,0,1,0,0,0,0,0,0,0,0,0,1,1,0,0,0,0,0,0,0,0,1,0,0,0
39,Buduran,2,1,0,1,36,72,-7.436595,112.694927,2.305282635,1.091080798,3.925477366,3.50384699,4.093047567,2.540693504,3.146910149,25.70403532,5.67407719,6.67435079,15.58889553,4.631210221,27.31766661,2,1,0,0,0,0,0,0,0,0,0,0,0,0,0,0,0,0,0,0,0,0,0,0,0,0,0,0,0,0,0,0,0,0,0,0,1,0,0,0,0,0,0,0,0,0,0,0,0,0,0,0,0,0,0,0,0,0,0,1
56,Sidoarjo,2,1,1,1,36,72,-7.4540491,112.7066448,1.329265792,1.199338443,1.227777695,0.816918377,1.117265542,1.37170299,1.000657349,2.333336452,2.185836562,3.394768865,13.33977515,0.959526932,1.632499152,3,1,0,1,0,0,0,0,0,0,0,1,0,1,0,0,0,0,0,0,0,0,0,0,0,0,0,0,0,0,0,0,0,0,0,0,1,0,0,0,0,0,0,0,0,0,1,0,0,0,0,0,0,0,0,0,0,0,0,0
147,Waru,3,3,0,2,200,200,-7.3423873,112.7160201,3.90456633,3.026421859,3.174824613,5.461398662,3.681349585,2.62780336,5.140976759,2.453014206,3.575371797,2.305481959,8.585039466,3.905953331,81.19501354,3,0,0,1,0,1,0,0,0,0,0,1,0,0,0,0,0,0,0,0,0,1,0,0,0,0,0,0,0,1,0,0,0,0,0,1,1,1,0,0,0,0,0,1,0,1,0,0,0,0,0,0,0,0,0,0,0,0,0,0
45,Candi,2,2,0,2,59,59,-7.4869445,112.6970147,0.481944784,3.668185782,5.60039661,2.750440132,5.013499874,6.562246301,4.932938899,1.913332993,4.292248943,4.689167749,18.43879878,4.205736322,14.262337,3,1,0,1,0,0,0,0,0,0,0,1,0,1,0,0,0,0,0,0,0,0,0,0,0,0,0,0,0,0,0,0,0,0,0,0,1,0,0,0,0,1,0,0,0,0,1,0,0,0,0,0,0,0,0,0,1,0,0,0
145,Krembung,4,2,0,1,225,180,-7.5081,112.6206,3.849916646,10.70246903,11.08207309,10.55488226,8.382900339,14.35064136,11.39939246,9.183686388,7.311190206,14.49060894,26.90024556,7.311190206,21.48717063,3,1,0,0,0,0,0,0,0,0,0,0,0,0,0,0,0,0,0,0,0,0,0,0,0,0,0,0,0,0,0,0,0,0,0,0,1,0,0,0,0,0,0,0,0,0,0,0,0,0,0,0,0,0,0,0,0,0,0,1
30.1,Sidoarjo,2,1,1,1,38,72,-7.412324,112.5378369,14.10777388,4.521358592,5.739249833,19.67989096,5.993697625,20.98096278,19.67509937,0.176468657,4.24756786,5.531233316,28.39663801,4.535996651,33.7110068,5,1,0,1,0,0,0,0,0,0,0,1,0,1,0,0,0,0,0,0,0,1,0,0,0,1,0,0,0,0,0,0,0,0,0,0,1,1,0,1,0,1,0,1,0,1,1,0,0,0,0,0,1,0,0,0,1,0,0,0
49.9,Buduran,3,2,0,1,36,78,-7.436595,112.694927,2.305282635,1.091080798,3.925477366,3.50384699,4.093047567,2.540693504,3.146910149,25.70403532,5.67407719,6.67435079,15.58889553,4.631210221,27.31766661,2,1,0,0,0,0,0,0,0,0,0,0,0,0,0,0,0,0,0,0,0,0,0,0,0,0,0,0,0,0,0,1,0,0,0,0,0,0,0,0,0,0,0,0,0,0,0,0,0,0,0,0,0,0,0,0,0,0,0,1
48.5,Buduran,2,1,1,1,72,72,-7.4281,112.7234,2.617249431,1.152818819,0.415437041,0.31716242,2.280627294,2.14572566,1.512535883,1.346695133,4.519422742,4.899592586,9.418912268,3.936214206,22.86359987,3,1,1,1,0,0,0,0,1,1,1,1,0,1,0,1,0,0,0,0,1,1,0,0,0,1,0,0,1,0,0,0,0,0,0,0,1,1,1,1,0,1,0,1,1,1,1,0,0,1,0,0,1,0,0,0,1,0,0,0
41.1,Waru,2,1,1,1,40,84,-7.3503078,112.7674661,1.10438002,1.229006217,1.445463521,3.972977345,0.373224262,5.970825657,4.238193775,0.837264716,4.491888353,5.123691752,3.893532255,4.473029203,5.266527028,4,1,1,0,1,1,0,1,0,1,1,1,0,0,0,0,0,0,0,0,1,1,0,0,1,0,0,1,0,0,1,0,0,0,0,0,1,0,0,1,0,1,0,1,1,0,0,0,0,1,1,0,1,0,0,0,1,0,0,0
110,Waru,5,2,0,2,46,78,-7.3503078,112.7674661,1.10438002,1.229006217,1.445463521,3.972977345,0.373224262,5.970825657,4.238193775,0.837264716,4.491888353,5.123691752,3.893532255,4.473029203,5.266527028,4,1,0,0,0,0,0,0,0,0,0,0,0,0,0,0,0,0,0,0,0,0,0,0,0,0,0,0,0,0,0,0,0,0,0,0,1,0,0,0,0,0,0,0,0,0,0,0,0,0,0,0,0,0,0,0,0,0,0,1
40,Tulangan,3,2,0,1,100,90,-7.4726134,112.6675398,3.788485157,4.410160492,3.569610887,7.48807905,3.967491241,6.838179161,3.886930266,1.67122419,3.414253244,6.978146743,19.38778336,3.441593893,14.73138427,2,1,0,0,0,0,0,0,0,0,0,0,0,0,0,0,0,0,0,0,0,0,0,0,0,0,0,0,0,0,0,0,0,0,0,0,1,0,0,0,0,0,0,0,0,0,0,0,0,0,0,0,0,0,0,0,0,0,0,1
57.5,Gedangan,2,1,0,1,95,91,-7.3917721,112.7306701,0.811598983,1.229690775,1.376210914,4.585753045,1.403435301,3.8173734,0.570550072,1.337333273,1.050606099,6.139768061,4.818852244,1.050606099,81.19501354,3,0,0,0,0,0,0,0,0,0,0,0,0,0,0,0,0,0,0,0,0,0,0,0,0,0,0,0,0,0,0,0,0,0,0,0,1,0,0,0,0,0,0,0,0,0,0,0,0,0,0,0,0,0,0,0,0,0,0,1
30,Waru,2,1,1,1,54,90,-7.3503078,112.7674661,1.10438002,1.229006217,1.445463521,3.972977345,0.373224262,5.970825657,4.238193775,0.837264716,4.491888353,5.123691752,3.893532255,4.473029203,5.266527028,4,1,0,0,0,0,0,0,0,0,1,0,0,1,0,0,0,0,0,0,0,1,0,0,0,1,0,0,0,0,0,0,0,0,0,0,1,0,0,1,0,1,0,0,1,1,0,1,0,0,0,0,0,0,0,0,1,0,0,0
26,Sukodono,2,1,1,1,100,60,-7.394061,112.6738809,0.841154993,2.876635709,3.908649488,5.892745572,0.28135024,8.302342463,3.92263492,1.354024066,6.782730801,8.26127735,11.8866952,6.612823097,19.89886834,4,1,0,1,0,0,0,0,0,0,0,0,0,1,0,1,0,0,0,0,0,1,0,0,0,0,0,0,0,0,0,0,0,0,0,0,1,0,0,0,0,1,0,0,0,1,1,0,0,0,0,0,0,0,0,0,1,0,0,0
42.5,Sedati,2,1,0,1,90,36,-7.40573552,112.7613933,2.506541114,5.029552199,1.235679044,4.461970855,2.912570849,7.408849671,4.701728815,2.92938413,5.511152093,4.563461083,3.793785723,5.511152093,12.05873884,3,1,0,1,0,0,0,0,0,0,0,0,0,1,0,0,0,0,0,0,0,1,0,0,0,0,0,0,0,0,0,0,0,0,0,0,1,0,0,0,0,0,0,0,0,0,0,0,0,0,0,0,0,0,0,0,0,0,0,1
69.5,Balongbendo,2,1,0,1,400,200,-7.4217,112.5322,13.81773375,5.633311884,6.851203125,20.82565765,7.105650917,21.49493989,19.87357832,1.787440015,3.87899293,6.643186608,29.54240469,3.874138192,34.85677348,3,1,0,0,0,0,0,0,0,0,0,0,0,0,0,0,0,0,0,0,0,0,0,0,0,0,0,0,0,0,0,0,0,0,0,0,1,0,0,0,0,0,0,0,0,0,0,0,0,0,0,0,0,0,0,0,0,0,0,1
39.3,Gedangan,2,1,1,1,40,90,-7.3896762,112.7279598,0.158767307,1.777257755,1.21182274,4.456698371,0.27487645,2.68881455,0.927586993,0.208774423,0.08462473,5.01120921,4.714349383,0.08462473,81.19501354,5,0,1,1,0,0,0,0,0,0,1,1,0,1,0,1,0,0,0,0,0,1,0,0,0,0,0,0,0,0,0,0,0,0,0,0,1,1,1,0,0,1,0,1,0,1,1,0,1,1,0,0,1,0,0,0,1,0,0,0
86,Waru,2,2,0,1,36,78,-7.3668153,112.7658126,1.905475328,2.25260882,2.119636345,5.228072405,1.76932612,4.979524959,1.179645445,1.187360575,5.756864842,3.460307556,2.230148059,5.756864842,7.236304135,3,1,0,0,0,0,0,0,0,0,0,0,0,0,0,0,0,0,0,0,0,0,0,0,0,0,0,0,0,0,0,0,0,0,0,0,1,0,0,0,0,0,0,0,0,0,0,0,0,0,0,0,0,0,0,0,0,0,0,1
33,Waru,2,1,0,1,36,72,-7.35128,112.8135304,7.119939325,7.687928902,7.904386206,2.392593274,4.822698096,12.45331318,6.576525701,4.785520262,10.97437587,8.053375419,1.468243843,10.95551672,4.819193499,3,1,0,0,0,0,0,0,0,0,0,0,0,0,0,0,0,0,0,0,0,0,0,0,0,0,0,0,0,0,0,0,0,0,0,0,1,0,0,0,0,0,0,0,0,0,0,0,0,0,0,0,0,0,0,0,0,0,0,1
38.5,Taman,2,1,0,1,105,105,-7.3589157,112.6810879,3.958887031,1.892287961,1.726992546,1.860381441,1.630770297,5.065770285,3.456460256,1.234408478,2.75036667,4.228913219,10.55213542,2.580458966,81.19501354,5,0,0,0,0,0,0,0,0,0,0,0,0,0,0,0,0,0,0,0,0,0,0,0,0,0,0,0,0,0,0,1,0,0,0,0,0,0,0,0,0,0,0,0,0,0,0,0,0,0,0,0,0,0,0,0,0,0,0,1
105,Taman,4,2,0,2,36,72,-7.367875,112.6955381,1.770722808,3.006517644,2.584171624,2.885873475,2.526621694,4.295227401,0.765647281,1.963462171,3.225242765,4.024043015,8.363971201,3.055335062,23.44773693,3,1,0,0,0,0,0,0,0,0,0,0,0,0,0,0,0,0,0,0,0,0,0,0,0,0,0,0,0,0,0,0,0,0,0,0,1,0,0,0,0,0,0,0,0,0,0,0,0,0,0,0,0,0,0,0,0,0,0,1
140,Waru,4,2,2,1,85,112,-7.34506052,112.7493553,1.973121751,1.104049452,2.249853454,2.348836581,1.92779605,4.271611164,1.7761092,2.861977494,2.88785878,4.364167047,5.566344343,2.868999629,81.19501354,3,0,1,1,0,0,0,0,0,0,0,1,0,1,0,0,0,0,1,0,0,0,0,0,0,0,0,0,0,0,0,0,0,0,0,1,1,0,1,0,0,0,0,0,0,0,0,0,0,0,0,0,0,0,0,0,0,0,0,1
45.2,Buduran,2,1,1,1,80,130,-7.4257956,112.7229641,2.239319023,0.852798543,0.79336745,0.485866939,2.563474585,2.428572951,1.795383175,1.629542424,4.802270033,5.182439877,9.04098186,4.219061497,22.48566946,5,1,0,1,0,0,0,0,0,0,0,1,0,1,0,1,0,0,0,0,0,1,0,0,0,0,0,0,0,0,0,0,0,0,0,0,1,0,1,0,0,1,0,1,0,1,1,0,0,0,0,0,0,0,0,0,1,0,0,0
47.105,Krian,2,1,1,1,40,75,-7.40299,112.5873906,5.680902608,1.908363811,1.678408623,13.40987172,1.932856415,14.67713014,13.78695269,0.734168206,1.111573591,1.159527555,22.12661877,1.066151869,27.44098755,4,1,0,1,0,0,0,0,0,0,0,0,0,1,0,0,0,0,1,0,0,0,0,0,0,1,0,0,1,1,0,0,0,0,0,1,1,1,1,0,0,0,0,0,0,1,1,1,1,0,0,0,0,1,1,0,0,1,0,0
87.5,Buduran,2,1,0,1,90,102,-7.4300171,112.6957181,5.80997432,5.460280774,1.565939406,3.359154407,1.384347187,4.261883119,4.189153669,24.328344,5.529384607,6.427788206,13.76230712,4.486517638,25.94197528,3,1,0,1,0,0,0,0,0,0,0,0,0,0,0,0,0,0,0,0,0,1,0,0,0,0,0,0,0,0,0,0,0,0,0,0,0,0,0,0,0,0,0,0,0,0,0,0,0,0,0,0,0,0,0,0,0,0,0,1
75,Gedangan,2,1,0,1,72,72,-7.386163,112.7499239,4.235466689,5.213631153,5.116929257,7.856947896,4.010352851,5.262978053,5.230627007,2.806060044,4.587903839,4.340427423,2.121971006,4.712158818,7.608638838,3,1,1,1,0,0,0,0,1,0,0,1,0,0,0,0,0,0,0,0,0,1,0,0,0,0,0,0,0,0,0,0,0,0,0,1,1,1,0,0,0,0,0,0,0,0,0,0,0,0,0,0,1,0,0,0,0,0,0,0
75.5,Gedangan,2,1,0,1,200,180,-7.3885636,112.732315,0.293057018,1.308594815,0.5520178,5.005422535,0.884893335,3.298831435,0.996987213,0.818791308,0.532064133,5.621226095,4.300310279,1.125763389,81.19501354,3,0,1,1,0,0,0,0,0,0,0,1,0,0,0,0,0,0,0,0,0,1,0,0,0,0,0,0,0,1,0,0,0,0,0,1,1,1,0,0,0,0,0,1,0,1,0,0,0,0,0,0,0,0,0,0,0,0,0,0
140,Waru,4,2,0,1,88,88,-7.347262,112.7530496,1.184443275,0.315370976,1.461174978,2.551526556,1.139117574,4.47430114,1.978799176,2.073299018,3.090548755,4.566857023,5.19740644,3.071689605,0.559782252,3,1,0,0,0,0,0,0,0,0,0,1,0,0,0,0,0,0,0,0,0,0,0,0,0,0,0,0,0,0,0,0,0,0,0,0,1,0,0,0,0,0,0,0,0,1,0,0,0,0,0,0,0,0,0,0,0,0,0,0
130,Sidoarjo,5,3,1,2,90,120,-7.4520511,112.6849812,1.968899937,1.252580743,1.408852771,4.643752898,2.150138893,3.680599412,2.575831061,2.682934321,5.582990241,5.605022309,16.23020361,5.482767562,17.86538313,3,1,1,0,0,0,0,0,0,0,0,0,0,0,0,0,0,0,0,0,0,0,0,0,0,0,0,0,0,0,0,0,0,0,0,0,1,0,0,0,0,0,0,0,0,0,1,0,0,0,0,0,0,0,0,0,0,0,0,0
160,Waru,3,2,2,2,60,72,-7.36463451,112.7344449,1.900685789,1.11428425,1.095515622,2.758319896,1.749535038,1.191386235,1.244271165,0.135553046,2.699620575,3.513780896,4.231406992,3.287112332,81.19501354,3,0,0,1,0,0,0,0,0,0,0,1,0,0,0,0,0,0,0,0,0,1,0,0,0,0,0,0,0,0,0,1,0,0,0,0,0,0,1,0,0,0,0,0,0,1,1,0,0,0,0,0,0,0,0,0,0,0,0,0
129,Waru,3,2,0,2,126,170,-7.3399267,112.7562893,2.597476493,2.50980273,2.680404847,4.610746191,2.552150792,6.533520774,1.977784907,0.687217669,5.14976839,6.626076658,6.357688631,5.130909239,4.310022946,2,1,0,0,0,0,0,0,0,0,0,0,0,0,0,0,0,0,0,0,0,0,0,0,0,0,0,0,0,0,0,1,0,0,0,0,0,0,0,0,0,0,0,0,0,0,1,0,0,0,0,0,0,0,0,0,0,0,0,0
45,Sedati,2,1,0,1,36,72,-7.3951247,112.8082562,0.818135689,9.157496431,6.313394338,3.048718921,5.975452667,10.67699807,8.495617132,3.878478723,9.970136162,3.725241879,3.825548737,10.13624972,8.687826904,3,1,0,0,0,0,0,0,0,0,0,0,0,0,0,0,0,0,0,0,0,0,0,0,0,0,0,0,0,0,0,0,0,0,0,0,1,0,0,0,0,0,0,0,0,0,0,0,0,0,0,0,0,0,0,0,0,0,0,1
147,Waru,3,3,0,2,36,72,-7.3423873,112.7160201,3.90456633,3.026421859,3.174824613,5.461398662,3.681349585,2.62780336,5.140976759,2.453014206,3.575371797,2.305481959,8.585039466,3.905953331,81.19501354,3,0,0,1,0,1,0,1,1,0,0,0,0,1,0,0,0,0,0,0,0,0,0,0,0,0,0,0,0,0,0,1,0,0,0,1,0,0,0,0,0,0,0,0,0,1,1,0,0,0,0,0,0,0,0,0,1,0,0,0
39,Waru,2,1,1,1,39,105,-7.344766,112.7703313,1.491886382,2.167864058,2.341383532,3.708368109,0.987286421,6.753032545,3.973584538,1.365041867,5.274095242,6.08568925,5.908525504,5.255236091,4.441568065,3,1,1,1,0,0,0,0,0,0,1,1,0,1,0,1,0,0,1,0,0,1,0,0,0,0,0,0,0,0,0,0,0,0,0,0,1,1,1,0,0,1,0,1,0,1,1,0,1,1,0,0,1,0,0,0,1,0,0,0
95,Gedangan,3,2,0,1,156,78,-7.3970813,112.7469881,1.393572052,2.765523232,2.235817729,5.890542444,3.233179537,6.086932901,2.812403687,2.081732913,3.320165599,5.395557867,4.338891018,3.320165599,9.728402521,3,1,0,0,0,0,0,0,0,0,0,0,0,0,0,0,0,0,0,0,0,0,0,0,0,0,0,0,0,0,0,0,0,0,0,0,1,0,0,0,0,0,0,0,0,0,0,0,0,0,0,0,0,0,0,0,0,0,0,1
45,Tulangan,2,1,1,1,65,100,-7.4812926,112.6468606,6.327984246,6.601769438,5.761219833,8.924023122,6.159100187,9.029788107,6.078539212,3.862833136,1.990336954,9.169755689,21.57939231,1.990336954,16.16631738,4,1,0,0,0,0,0,0,0,0,0,0,0,0,0,0,0,0,0,0,0,0,0,0,0,0,0,0,0,0,0,0,0,0,0,0,1,0,0,0,0,0,0,0,0,0,0,0,0,0,0,0,1,0,0,0,0,0,0,0
100,Candi,3,2,2,2,70,90,-7.4622498,112.6958457,3.261169406,3.210982783,2.260083247,3.340574432,1.375491319,4.033572984,1.717050309,0.900919972,3.531115127,3.090558662,15.96548343,3.885898556,15.93557965,3,1,0,1,0,0,0,0,0,0,0,1,0,1,0,0,0,0,0,0,0,1,0,0,0,0,0,0,0,0,0,0,0,0,0,0,1,0,0,0,0,0,0,0,0,0,1,1,0,0,0,0,0,0,0,0,1,0,0,0
47.5,Wonoayu,1,1,0,1,300,180,-7.446138,112.6514882,3.785473978,3.578061409,2.194564528,7.52916114,4.678234921,6.566007654,4.944646087,3.466680612,2.316424651,7.973837334,18.28095985,2.316424651,19.3192694,4,1,0,0,0,0,0,0,0,0,0,0,0,0,0,0,0,0,0,0,0,0,0,0,0,0,0,0,0,0,0,0,0,0,0,0,1,0,0,0,0,0,0,0,0,0,0,0,0,0,0,0,0,0,0,0,0,0,0,1
78,Waru,5,3,3,2,181,181,-7.3607893,112.7199411,0.272197784,0.680401317,2.34418542,3.582716187,2.309270319,1.307397616,1.423491746,1.032460043,2.199588154,1.348025439,5.474757349,3.939574074,26.51636596,3,1,0,0,0,0,0,0,0,0,0,0,0,0,0,0,0,0,0,0,0,0,0,0,0,0,0,0,0,0,0,0,0,0,0,0,1,0,0,0,0,0,0,0,0,0,0,0,0,0,0,0,0,0,0,0,0,0,0,1
180,Waru,22,6,0,2,36,72,-7.3588392,112.7583752,0.705553645,0.679717036,0.443849056,3.793098972,0.750879346,4.501491454,0.670132861,2.447943576,4.332121171,4.573032165,3.342872668,4.332121171,5.702783243,3,1,0,0,0,0,0,0,0,0,0,0,0,0,0,0,0,0,0,0,0,0,0,0,0,0,0,0,0,0,0,0,0,0,0,0,1,0,0,0,0,0,0,0,0,0,0,0,0,0,0,0,0,0,0,0,0,0,0,1
75,Candi,2,1,0,1,150,54,-7.4727733,112.7236749,0.441250326,0.515900882,1.049564528,1.806107758,0.275552377,3.518087085,2.55295417,0.253552436,2.915331731,1.863168178,14.91149356,2.988173751,5.296416231,3,1,0,0,0,0,0,0,0,0,0,0,0,0,0,0,0,0,0,0,0,0,0,0,0,0,0,0,0,0,0,0,0,0,0,0,1,0,0,0,0,0,0,0,0,0,0,0,0,0,0,0,0,0,0,0,0,0,0,1
59.2,Sidoarjo,2,1,1,1,80,107,-7.4490842,112.6824377,1.347327059,0.631007866,0.78614283,3.77147722,1.347327059,2.808323734,2.631634613,2.629095272,4.913653215,5.528613568,15.60863074,4.813430536,17.98022328,3,1,0,1,0,0,0,0,0,0,0,1,0,0,0,0,0,0,0,0,0,1,0,0,0,0,0,0,0,0,0,0,0,0,0,0,1,0,0,0,0,0,0,0,0,1,1,0,0,0,0,0,0,0,0,0,0,0,0,0
38.275,Tulangan,2,1,1,1,44,90,-7.4812926,112.6468606,6.327984246,6.601769438,5.761219833,8.924023122,6.159100187,9.029788107,6.078539212,3.862833136,1.990336954,9.169755689,21.57939231,1.990336954,16.16631738,4,1,0,1,0,0,0,0,0,0,1,1,0,1,0,1,0,0,0,0,0,1,0,0,0,0,0,0,1,0,0,0,0,0,0,0,1,1,1,0,0,1,0,1,0,1,1,1,0,0,0,0,1,0,0,0,1,0,0,0
29.9,Tanggulangin,2,1,0,1,339,339,-7.49958,112.69992,1.942634472,2.126644492,5.456488541,2.543793718,5.343235498,7.338986095,6.191868166,0.371791703,2.095439949,5.465907543,19.21553858,2.008927328,15.22386431,3,1,0,0,0,0,0,0,0,0,0,0,0,0,1,0,0,0,0,0,0,0,0,0,0,0,0,0,0,0,0,0,0,0,0,0,1,0,0,0,0,0,0,0,0,0,0,0,0,0,0,0,0,0,0,0,1,0,0,0
77,Waru,3,1,0,1,27,72,-7.3450183,112.7493425,1.973121751,1.104049452,2.249853454,2.348836581,1.92779605,4.271611164,1.7761092,2.861977494,2.88785878,4.364167047,5.566344343,2.868999629,81.19501354,3,0,0,0,0,0,0,0,0,0,0,0,0,0,0,0,0,0,0,0,0,0,0,0,0,0,0,0,0,0,0,0,0,0,0,0,1,0,0,0,0,0,0,0,0,0,1,0,0,0,0,0,0,0,0,0,0,0,0,0
57.5,Sukodono,2,1,1,1,110,135,-7.39312872,112.6957822,0.103835462,1.733750918,5.133164406,6.542039366,2.538656992,5.908061889,1.578190962,1.247328851,4.515031581,6.086916198,9.144756234,4.515031581,19.80478366,1,1,0,0,0,0,0,0,0,0,0,0,0,0,0,0,0,0,0,0,0,1,0,0,0,0,0,0,0,0,0,0,0,0,0,0,1,0,0,0,0,1,0,0,0,1,0,0,0,0,0,0,0,0,0,0,1,0,0,0
53.485,Krian,2,1,1,1,70,90,-7.4000488,112.5747019,7.967997256,1.341769083,2.496467976,15.69696637,2.750915768,17.26583673,16.37565928,1.487147602,2.451695409,2.218714378,24.41371341,2.550641403,29.7280822,5,1,1,1,0,0,0,0,0,0,1,1,0,0,0,1,0,0,0,0,0,0,0,0,0,0,0,0,0,0,0,0,0,0,0,1,1,0,0,0,0,1,0,1,0,1,1,1,0,0,0,0,0,0,0,0,1,0,0,0
65,Sidoarjo,3,2,0,1,36,108,-7.4463004,112.7107433,0.3044706,0.3044706,1.782048975,1.062920646,0.543464587,0.797902035,1.237046631,1.259360575,2.960531753,3.340701597,12.04938436,1.625104054,1.779859433,3,1,0,0,0,0,0,0,0,0,0,0,0,0,0,0,0,0,0,0,0,0,0,0,0,0,0,0,0,0,0,0,0,0,0,0,1,0,0,0,0,0,0,0,0,0,0,0,0,0,0,0,0,0,0,0,0,0,0,1
75,Sedati,2,1,1,1,40,72,-7.37335749,112.7590457,0.82665826,3.274501714,3.038633734,5.623633589,1.189754945,5.00815076,2.30988266,0.042011231,4.464772584,2.87720226,0.936940323,4.589027563,8.297567921,5,1,0,0,0,0,0,0,0,0,0,1,0,0,0,0,0,0,0,0,0,1,0,0,0,0,0,0,0,0,0,0,0,0,0,0,1,0,0,0,0,0,0,0,0,0,1,0,0,0,0,0,0,0,0,0,0,0,0,0
26,Sukodono,2,1,0,1,90,36,-7.3981,112.6737,0.513068847,2.548549563,3.580563342,6.427050762,0.758751938,7.974256317,4.854435118,1.025937919,7.427174055,8.79558254,12.42100039,7.427174055,20.43317354,3,1,0,1,0,0,0,0,0,0,0,1,0,1,0,1,0,0,1,0,0,1,0,0,0,0,0,0,0,0,0,0,0,0,0,0,1,1,1,0,0,0,0,0,1,0,0,0,0,0,0,0,0,0,0,0,0,0,0,0
37.5,Krian,2,1,0,1,110,72,-7.40299,112.5873906,5.680902608,1.908363811,1.678408623,13.40987172,1.932856415,14.67713014,13.78695269,0.734168206,1.111573591,1.159527555,22.12661877,1.066151869,27.44098755,4,1,0,0,0,0,0,0,0,0,0,0,0,0,0,0,0,0,0,0,0,0,0,0,0,0,0,0,0,0,0,0,0,0,0,0,1,0,0,0,0,0,0,0,0,0,0,0,0,0,0,0,0,0,0,0,0,0,0,1
150,Waru,4,2,2,1,130,90,-7.3435939,112.7688649,1.252556944,2.021316274,2.194835748,3.469038671,1.226615859,6.606484761,0.444850186,1.604371304,5.127547457,5.939141465,5.669196067,5.108688307,4.202238628,3,1,0,0,0,0,0,0,0,0,0,0,0,0,0,0,0,0,0,0,0,0,0,0,0,0,0,0,0,0,0,0,0,0,0,0,1,0,0,0,0,0,0,0,0,0,0,0,0,0,0,0,0,0,0,0,0,0,0,1
58.04,Buduran,2,1,1,1,45,78,-7.4251569,112.7230062,1.91030037,1.39795371,1.106105101,1.052676295,2.292918065,2.740648466,2.107458689,1.941617939,5.114345548,5.494515392,8.711963207,4.531137012,22.15665081,3,1,1,1,1,1,0,0,0,1,1,1,1,1,0,1,0,0,1,0,0,1,0,0,1,1,0,1,1,1,0,0,0,0,0,1,0,1,1,1,0,1,0,1,0,1,1,0,1,1,0,1,1,0,0,0,1,1,0,0
33.3,Sidoarjo,3,2,2,1,36,72,-7.4506261,112.7315252,1.810186808,1.294983822,1.453693966,2.443982224,2.042585168,2.398941236,1.875443733,0.154379842,3.420453606,3.719739494,11.69056458,3.190715088,4.19550805,3,1,0,0,0,1,0,0,0,0,1,1,0,1,0,0,0,0,0,0,0,1,0,0,0,0,0,0,0,0,0,1,0,0,0,0,0,0,1,0,0,0,0,0,0,1,1,0,1,0,0,0,1,0,0,0,0,0,0,0
189,Waru,5,3,0,1,125,120,-7.3559173,112.7477701,1.588238585,1.4918883,1.870269799,2.465938689,1.542912884,3.439670596,1.882981546,3.085774666,2.994731126,4.471039394,4.101848894,2.994731126,1.972008333,3,1,0,0,0,0,0,0,0,0,0,0,0,0,0,0,0,0,0,0,0,0,0,0,0,0,0,0,0,0,0,0,0,0,0,0,1,0,0,0,0,0,0,0,0,0,1,0,0,0,0,0,0,0,0,0,0,0,0,0
75.8,Gedangan,2,2,2,1,22,48,-7.3896762,112.7279598,0.158767307,1.777257755,1.21182274,4.456698371,0.27487645,2.68881455,0.927586993,0.208774423,0.08462473,5.01120921,4.714349383,0.08462473,81.19501354,5,0,1,1,0,0,0,0,1,0,0,1,0,1,0,1,0,0,0,0,0,1,0,0,0,1,0,0,0,0,0,0,0,0,0,0,1,0,0,0,0,1,0,1,1,1,1,0,0,0,0,0,1,0,0,0,1,0,0,0
105,Gedangan,3,2,0,1,95,91,-7.3917721,112.7306701,0.811598983,1.229690775,1.376210914,4.585753045,1.403435301,3.8173734,0.570550072,1.337333273,1.050606099,6.139768061,4.818852244,1.050606099,81.19501354,3,0,0,0,0,0,0,0,0,0,0,0,0,0,0,0,0,0,0,0,0,0,0,0,0,0,0,0,0,0,0,0,0,0,0,0,1,0,0,0,0,0,0,0,0,0,0,0,0,0,0,0,0,0,0,0,0,0,0,1
77.9,Taman,2,1,0,1,120,120,-7.363992,112.7091624,0.995417906,1.704584702,3.480662604,4.424187085,1.216148191,2.73572919,2.710713244,1.291592074,4.121340631,2.696191477,7.053497698,3.81934722,23.28838933,3,1,0,0,0,0,0,0,0,0,0,0,0,0,0,0,0,0,0,0,0,0,0,0,0,0,0,0,0,0,0,0,0,0,0,0,1,0,0,0,0,0,0,0,0,0,1,0,0,0,0,0,0,0,0,0,0,0,0,0
28.5,Sidoarjo,2,1,1,1,70,90,-7.412324,112.5378369,14.10777388,4.521358592,5.739249833,19.67989096,5.993697625,20.98096278,19.67509937,0.176468657,4.24756786,5.531233316,28.39663801,4.535996651,33.7110068,5,1,0,1,0,0,0,0,0,0,0,0,0,1,0,0,0,0,0,0,0,0,0,0,0,0,0,0,0,0,0,0,0,0,0,0,1,0,0,0,0,0,0,0,0,1,1,0,0,0,0,0,0,0,0,0,1,0,0,0
29.25,Wonoayu,2,1,0,1,293,293,-7.446138,112.6514882,3.785473978,3.578061409,2.194564528,7.52916114,4.678234921,6.566007654,4.944646087,3.466680612,2.316424651,7.973837334,18.28095985,2.316424651,19.3192694,4,1,0,1,0,0,0,0,0,0,0,0,0,0,0,0,0,0,0,0,0,0,0,0,0,0,0,0,0,0,0,0,0,0,0,0,1,0,0,0,0,0,0,0,0,0,1,0,0,0,0,0,0,0,0,0,1,0,0,0
35.3,Candi,2,1,1,1,98,98,-7.46736755,112.702364,1.742559299,2.276405157,1.299785296,2.342984867,1.920283628,2.988208825,2.22449385,1.408363513,2.337679631,1.571948555,14.86476131,2.925600605,2.661960394,4,1,0,1,0,0,0,0,0,0,0,1,0,1,0,0,0,0,0,0,0,1,0,0,0,0,0,0,0,0,0,0,0,0,0,0,1,0,0,0,0,0,0,0,0,1,1,0,0,0,0,0,1,0,0,0,1,0,0,0
20,Prambon,2,1,0,1,250,150,-7.4734,112.559,4.949826158,7.903281944,7.657034968,20.25139813,7.576843769,19.28824464,16.91253111,9.588243289,6.021374632,8.042328051,30.80916395,5.859262664,25.89243591,3,1,0,0,0,0,0,0,0,0,0,1,0,0,0,0,0,0,0,0,0,0,0,0,0,0,0,0,0,0,0,0,0,0,0,0,1,0,0,0,0,0,0,0,0,0,0,0,0,0,0,0,0,0,0,0,0,0,0,1
50,Sidoarjo,2,1,0,1,36,72,-7.441595,112.6885379,0.408519828,0.959918668,1.154224419,2.805257498,0.408519828,1.842104012,2.448320657,24.62854522,4.975487698,5.727885647,15.06233856,3.932620729,26.2421765,3,1,0,0,0,0,0,0,0,0,0,0,0,0,0,0,0,0,0,0,0,0,0,0,0,0,0,0,0,0,0,0,0,0,0,0,1,0,0,0,0,0,0,0,0,0,0,0,0,0,0,0,0,0,0,0,0,0,0,1
21.5,Sidoarjo,2,1,1,1,65,159,-7.412324,112.5378369,14.10777388,4.521358592,5.739249833,19.67989096,5.993697625,20.98096278,19.67509937,0.176468657,4.24756786,5.531233316,28.39663801,4.535996651,33.7110068,5,1,0,0,0,0,0,0,0,0,0,0,0,1,0,0,0,0,0,0,0,0,0,0,0,0,0,0,0,0,0,0,0,0,0,0,1,0,0,0,0,0,0,0,0,0,0,0,0,0,0,0,1,0,0,0,1,0,0,0
40.1,Taman,2,1,1,1,40,100,-7.37355866,112.7055638,2.063930672,2.943857858,4.532569867,5.600363161,0.800266633,3.799314896,2.199954886,0.834974978,5.297516707,4.082475388,7.663141796,4.248077227,22.22110369,3,1,1,1,1,1,0,1,1,1,1,1,0,0,0,1,0,0,1,0,1,1,0,0,1,1,0,1,1,1,1,0,0,0,0,1,1,1,1,1,0,1,0,1,1,1,1,1,1,1,1,0,1,1,1,0,1,1,0,0
160,Sedati,4,3,3,1,45,90,-7.36775677,112.7620843,1.683954819,2.055996373,1.820128393,4.928564453,1.554213398,4.467753549,1.176672844,1.120106244,5.45735689,3.245194834,2.015035337,5.45735689,7.07906258,3,1,1,0,0,0,0,0,0,0,1,0,0,0,0,0,0,0,0,0,0,1,0,0,0,0,0,0,0,0,0,1,0,0,0,0,0,0,0,0,0,0,0,0,0,0,1,0,0,0,0,0,0,0,0,0,0,0,0,0
46,Krembung,3,2,0,1,200,228,-7.5268,112.6637,7.897964305,5.746944314,11.59598382,5.080471132,2.908489209,13.86411006,4.327001334,3.249704829,5.271918747,11.80931862,25.55894965,5.224403821,21.66326364,3,1,0,0,0,0,0,0,0,0,0,0,0,0,0,0,0,0,0,0,0,0,0,0,0,0,0,0,0,0,0,0,0,0,0,0,1,0,0,0,0,0,0,0,0,0,0,0,0,0,0,0,0,0,0,0,0,0,0,1
65,Taman,3,2,1,2,36,90,-7.34367722,112.6990447,5.080673469,0.579088105,0.699832419,1.693674807,0.362601251,3.371017034,4.578246693,1.350009226,0.738512481,2.534159968,9.178297919,0.677489541,81.19501354,3,0,0,0,0,0,0,0,0,1,1,1,0,1,0,0,0,0,0,0,0,1,0,0,0,0,0,0,0,0,0,0,0,0,0,0,1,0,0,0,0,0,0,0,0,0,0,0,0,0,0,0,0,0,0,0,1,0,0,0
47.6,Prambon,2,1,0,1,240,120,-7.4734,112.559,4.949826158,7.903281944,7.657034968,20.25139813,7.576843769,19.28824464,16.91253111,9.588243289,6.021374632,8.042328051,30.80916395,5.859262664,25.89243591,3,1,0,0,0,0,0,0,0,0,0,1,0,0,0,0,0,0,0,0,0,0,0,0,0,0,0,0,0,0,0,0,0,0,0,0,1,0,0,0,0,0,0,0,0,1,0,0,0,0,0,0,0,0,0,0,1,0,1,0
78,Gedangan,2,1,0,1,94,105,-7.3917721,112.7306701,0.811598983,1.229690775,1.376210914,4.585753045,1.403435301,3.8173734,0.570550072,1.337333273,1.050606099,6.139768061,4.818852244,1.050606099,81.19501354,3,0,0,0,0,0,0,0,0,0,0,0,0,0,0,0,0,0,0,0,0,0,0,0,0,0,0,0,0,0,0,0,0,0,0,0,1,0,0,0,0,0,0,0,0,0,0,0,0,0,0,0,0,0,0,0,0,0,0,1
38.27,Tanggulangin,2,1,1,1,45,72,-7.50246405,112.7091935,1.75730667,2.697035429,4.610180184,1.697485361,4.496927142,6.492677739,4.744941669,1.654641488,0.519210598,4.619599187,18.36923022,0.432697977,15.79050994,5,1,0,1,0,0,0,0,0,0,1,1,0,1,0,1,0,0,0,0,0,1,0,0,0,0,0,0,1,0,0,0,0,0,0,0,1,1,1,0,0,1,0,1,0,1,1,1,0,0,0,0,1,0,0,0,1,0,0,0
80,Sukodono,4,2,0,2,48,48,-7.3752179,112.6913732,2.792200471,4.117922877,3.695576857,3.997278708,2.311731211,5.521621965,0.38872679,1.508746777,4.336647999,5.115982853,9.385448864,4.166740295,22.99302153,3,1,0,1,0,0,0,0,0,0,0,0,0,0,0,0,0,0,0,0,0,1,0,0,0,0,0,0,0,0,0,0,0,0,0,0,1,1,0,0,0,0,0,0,0,0,0,0,0,0,0,0,0,0,0,0,0,0,0,1
51.5,Sedati,2,1,1,1,36,90,-7.3717382,112.7637336,1.055519877,2.530923798,2.379729331,5.851397801,0.925778456,4.842332909,1.457960423,0.343812911,5.271921531,2.616759892,1.74408927,5.39617651,7.514619113,3,1,0,1,0,0,0,0,0,1,0,1,0,1,0,0,0,0,0,0,0,1,0,0,0,1,0,0,0,0,0,1,0,0,0,0,0,0,0,0,0,1,0,0,1,0,1,0,0,0,0,0,1,0,0,0,1,0,0,0
58.5,Sukodono,2,1,1,1,72,72,-7.408064,112.6943559,1.389154201,2.538243089,3.008517048,5.130514347,3.239714028,5.936832632,1.428024017,1.49751217,6.007195849,9.49202783,10.6369205,6.007195849,22.54943847,1,1,0,0,0,0,0,0,0,0,0,0,0,0,0,0,0,0,0,0,0,1,0,0,0,0,0,0,0,0,0,0,0,0,0,0,1,0,0,0,0,0,0,1,0,0,1,0,0,0,0,0,0,0,0,0,1,0,0,0
70,Taman,2,1,1,1,200,150,-7.3735609,112.7058994,2.063930672,2.943857858,4.532569867,5.600363161,0.800266633,3.799314896,2.199954886,0.834974978,4.37747122,4.082475388,7.663141796,4.248077227,22.22110369,3,1,0,0,0,0,0,0,0,0,0,0,0,0,0,0,0,0,0,0,0,0,0,0,0,0,0,0,0,0,0,0,0,0,0,0,1,0,0,0,0,0,0,0,0,0,0,0,0,0,0,0,0,0,0,0,0,0,0,1
60,Sukodono,2,1,1,1,45,78,-7.3914287,112.6988252,0.544382914,2.336779426,5.736192914,6.735769305,2.73238693,6.101791828,2.18121947,1.850357359,5.118060089,6.280646136,9.747784742,5.118060089,20.40781216,3,1,1,0,0,0,0,0,0,0,0,1,0,0,0,0,0,0,1,0,0,1,0,0,0,0,0,0,0,0,0,0,0,0,0,0,1,0,0,0,0,1,0,1,0,0,0,0,0,0,0,0,1,0,0,0,1,0,0,0
38.26,Krian,2,1,1,1,58,120,-7.40299,112.5873906,5.680902608,1.908363811,1.678408623,13.40987172,1.932856415,14.67713014,13.78695269,0.734168206,1.111573591,1.159527555,22.12661877,1.066151869,27.44098755,4,1,0,1,0,0,0,0,1,0,1,1,0,1,0,1,0,0,0,0,0,1,0,0,0,0,0,0,1,0,0,0,0,0,0,0,1,1,1,0,0,1,0,1,0,1,1,1,0,0,0,0,1,0,0,0,1,0,0,0
56.11,Buduran,1,1,1,1,45,75,-7.425129,112.7230909,1.91030037,1.39795371,1.106105101,1.052676295,2.292918065,2.740648466,2.107458689,1.941617939,5.114345548,5.494515392,8.711963207,4.531137012,22.15665081,3,1,0,0,0,0,0,1,0,0,1,1,0,1,0,1,0,0,1,0,0,1,0,0,0,0,0,0,1,0,0,0,0,0,0,0,1,0,1,0,0,1,0,1,0,1,1,1,0,0,0,0,1,0,0,0,1,0,0,0
75,Sidoarjo,2,1,0,1,135,105,-7.4499457,112.6953512,1.810016684,1.199254509,2.157142408,2.423447169,1.759712728,1.460293683,2.066510328,3.051744148,4.593677369,5.592387233,14.73959998,3.5508104,18.43740822,3,1,0,0,0,0,0,0,0,0,0,0,0,0,0,0,0,0,0,0,0,0,0,0,0,0,0,0,0,0,0,0,0,0,0,0,1,0,0,0,0,0,0,0,0,0,0,0,0,0,0,0,0,0,0,0,0,0,0,1
45,Sedati,2,1,0,1,36,72,-7.3952,112.7675,1.937589583,5.262272998,0.979803861,2.619739446,2.021171539,6.534243262,5.110680844,2.619562762,4.636545684,2.730601279,2.730601279,4.636545684,8.383666445,3,1,0,1,0,0,0,0,0,0,0,1,0,0,0,0,0,0,0,0,0,1,0,0,0,0,0,0,0,0,0,1,0,0,0,0,0,0,0,0,0,0,0,0,0,1,0,0,0,0,0,0,0,0,0,0,0,0,0,0
54.05,Sedati,2,1,1,1,77,128,-7.3717382,112.7637336,1.055519877,2.530923798,2.379729331,5.851397801,0.925778456,4.842332909,1.457960423,0.343812911,5.271921531,2.616759892,1.74408927,5.39617651,7.514619113,3,1,1,1,1,1,0,1,1,1,0,1,0,1,0,1,0,0,1,0,0,1,0,0,0,0,0,0,0,0,0,1,0,0,0,1,0,1,1,0,0,1,0,1,1,1,1,0,1,0,1,0,1,0,0,0,1,1,0,0
65,Buduran,3,1,1,1,121,306,-7.4163671,112.7256603,1.51831742,0.974522955,1.919935298,1.612434787,1.774750304,3.618134065,3.152566857,2.707968547,3.564070792,6.372000991,8.193795446,3.564070792,21.63848305,2,1,0,1,0,0,0,0,0,0,0,1,0,1,0,0,0,0,0,0,0,1,0,0,0,0,0,0,0,1,0,0,0,0,0,1,1,1,0,1,0,0,0,0,0,0,0,0,0,0,0,0,0,0,0,0,0,0,0,0
39,Sedati,2,1,1,1,55,70,-7.4109236,112.7719291,3.963774317,6.609053618,2.815180463,4.094771928,4.492072268,8.988351089,6.281230233,4.018141845,7.090653512,5.033480554,5.033480554,7.090653512,10.85456717,3,1,0,1,0,0,0,0,0,0,1,1,0,1,0,0,0,0,0,0,0,1,0,0,0,0,0,0,0,0,0,0,0,0,0,0,1,0,0,0,0,0,0,0,0,0,0,0,0,0,0,0,0,0,0,0,0,0,0,1
55,Sukodono,2,1,0,1,36,75,-7.4254371,112.6815302,1.249153336,1.562461261,0.298086845,5.058759616,1.915615285,4.09560613,3.1995112,22.23899092,7.228989816,7.956570558,13.03981484,6.186122847,23.92049836,2,1,0,1,0,0,0,0,0,0,0,0,0,0,0,0,0,0,0,0,0,1,0,0,0,0,0,0,0,0,0,0,0,0,0,0,1,0,0,0,0,0,0,0,0,1,0,0,0,0,0,0,0,0,0,0,0,0,0,0
90,Waru,5,2,0,2,36,90,-7.363997,112.7668821,1.571460948,1.918594441,1.840061797,5.073445897,1.529400145,5.42882495,0.845631065,1.680198694,5.602238334,3.953145675,2.722986178,5.602238334,6.902289755,3,1,0,1,0,0,0,0,0,0,0,0,0,0,0,0,0,0,0,0,0,1,0,0,0,0,0,0,0,0,0,0,0,0,0,0,1,0,0,0,0,0,0,0,0,1,1,0,0,0,0,0,0,0,0,0,0,0,0,0
100,Sidoarjo,3,2,2,1,36,72,-7.4497718,112.7015495,1.418867546,1.347328217,1.619650847,1.161143531,1.125437344,1.711231791,0.80420669,2.877355001,2.962788217,3.976635156,13.48333016,2.288506762,0.501515038,3,1,0,1,0,0,0,1,0,0,1,1,1,0,0,1,0,0,0,0,0,0,0,0,0,0,0,0,0,0,0,0,0,0,0,0,1,1,0,0,0,1,0,1,0,0,1,0,0,0,0,0,1,0,0,0,1,0,0,0
190,Sidoarjo,3,2,1,1,130,200,-7.4472664,112.6959507,1.43520771,0.824445535,1.782333433,2.048638194,1.384903754,1.085484708,1.691701353,2.676935174,4.218868394,5.217578259,14.36479101,3.176001425,18.06259925,3,1,0,0,0,0,0,0,0,0,0,0,0,0,0,0,0,0,0,0,0,0,0,0,0,0,0,0,0,0,0,0,0,0,0,0,1,0,0,0,0,0,0,0,0,0,0,0,0,0,0,0,0,0,0,0,0,0,0,1
57.4,Jabon,2,1,0,1,550,238,-7.5411,112.7309,8.816549207,8.537327982,11.27775911,4.412330286,4.338938784,13.3548178,4.852639587,4.788846933,4.392816793,11.48173925,23.36483344,4.44695813,81.19501354,2,0,0,0,0,0,0,0,0,0,0,1,0,0,1,0,0,0,0,0,0,0,0,0,0,0,0,0,0,0,0,0,0,0,0,0,1,0,0,0,0,0,0,0,0,1,0,0,0,0,0,0,0,0,0,0,1,0,1,0
50.2,Jabon,2,1,0,1,505,352,-7.5590563,112.7509656,15.24838856,13.93515616,18.68358706,9.810158466,9.736766964,19.98375963,10.25046777,9.733750815,9.790644973,18.11068108,31.82732824,9.790644973,81.19501354,1,0,0,0,0,0,0,0,0,0,0,0,0,0,0,0,0,0,0,0,0,0,0,0,0,0,0,0,0,0,0,0,0,0,0,0,1,0,0,0,0,0,0,0,0,0,0,0,0,0,0,0,1,0,0,0,1,0,0,0
95,Sidoarjo,4,2,0,2,146,121,-7.4577208,112.7308424,1.781656433,1.124190261,1.238013101,2.581722456,1.162272247,2.984307473,1.086623588,2.225246572,2.709576891,2.91362563,13.05628338,2.800977864,4.813288055,3,1,0,1,0,0,0,1,0,0,0,0,0,0,0,1,0,0,0,0,0,1,0,0,0,0,0,0,0,0,0,1,0,0,0,0,0,0,0,0,0,0,0,0,0,1,0,0,0,0,0,0,0,0,0,0,0,0,0,0
86.5,Balongbendo,2,1,0,1,395,315,-7.4217,112.5322,13.81773375,5.633311884,6.851203125,20.82565765,7.105650917,21.49493989,19.87357832,1.787440015,3.87899293,6.643186608,29.54240469,3.874138192,34.85677348,3,1,0,0,0,0,0,0,0,0,0,0,0,0,1,0,0,1,0,0,0,0,0,0,0,0,0,0,0,0,0,0,0,0,0,0,1,0,0,0,0,0,0,0,0,1,0,0,0,0,0,0,0,0,0,0,1,0,0,0
